   9809     AichiSR  BL5S1
 200911-Y2O3-1   20.09.11 09:12 - 20.09.11 09:13
                                                                                 
 Ring :   1.2 GeV   301.8 mA -  301.4 mA
 Mono :   Si(111)       D=  3.13553 A    Initial angle=  6.67855 deg
 BL5S1    Transmission ( 2)   Repetition=  1     Points= 3783
 Param file : DUMMYNAME.prm   energy axis (2)    Block =     1

 Block      Init-Eng  final-Eng     Step/eV     Time/s       Num
     1       16740.16  18140.16        0.37       0.01      3785
 ORTEC( 0)     NDCH = 4
  Angle(c)  Angle(o)    time/s         1         2         3
      Mode         0         0         1         2         2
    Offset         0         0  5552.300  9521.500  8214.200
   6.78256   6.78275    0.0143  22233448  10682679  49526686
   6.78242   6.78262    0.0143  22233448  10682679  49526686
   6.78228   6.78248    0.0143  22165448  10649379  49366486
   6.78214   6.78235    0.0143  22165648  10646979  49372986
   6.78200   6.78222    0.0143  22119548  10624179  49262586
   6.78186   6.78209    0.0143  22090548  10615379  49216586
   6.78172   6.78196    0.0143  22053948  10597679  49135786
   6.78158   6.78183    0.0143  22018548  10579979  49062186
   6.78144   6.78170    0.0143  22000848  10570179  49021986
   6.78131   6.78157    0.0143  21971048  10556179  48965786
   6.78117   6.78144    0.0143  21964948  10555579  48935886
   6.78103   6.78130    0.0143  21917648  10531379  48842886
   6.78089   6.78116    0.0143  21895348  10523179  48816286
   6.78075   6.78103    0.0143  21867848  10510079  48746986
   6.78061   6.78089    0.0143  21841148  10496479  48699786
   6.78047   6.78075    0.0143  21831648  10490979  48676886
   6.78033   6.78060    0.0143  21782548  10471179  48574486
   6.78019   6.78046    0.0143  21809748  10481979  48617086
   6.78006   6.78032    0.0143  21727548  10446579  48457186
   6.77992   6.78017    0.0143  21731448  10446679  48479586
   6.77978   6.78003    0.0143  21699348  10429279  48399986
   6.77964   6.77989    0.0143  21685448  10424079  48358586
   6.77950   6.77974    0.0143  21659148  10411379  48312886
   6.77936   6.77960    0.0143  21648848  10404679  48284186
   6.77922   6.77946    0.0143  21631348  10401579  48259886
   6.77908   6.77932    0.0143  21580648  10373379  48143986
   6.77894   6.77917    0.0143  21584448  10378179  48166886
   6.77881   6.77904    0.0143  21570948  10367179  48109086
   6.77867   6.77890    0.0143  21562248  10368079  48107386
   6.77853   6.77876    0.0143  21552548  10362979  48108986
   6.77839   6.77863    0.0143  21542448  10359079  48082986
   6.77825   6.77849    0.0143  21546848  10360679  48091086
   6.77811   6.77836    0.0143  21520148  10346279  48040186
   6.77797   6.77822    0.0143  21562048  10368179  48138386
   6.77783   6.77809    0.0143  21539748  10360179  48090886
   6.77769   6.77796    0.0143  21556248  10366179  48133086
   6.77756   6.77782    0.0143  21523948  10353479  48067686
   6.77742   6.77769    0.0143  21534348  10357879  48088586
   6.77728   6.77756    0.0143  21512748  10349879  48062086
   6.77714   6.77742    0.0143  21522048  10353479  48080186
   6.77700   6.77729    0.0143  21544648  10363279  48120386
   6.77686   6.77715    0.0143  21526548  10353379  48093986
   6.77672   6.77702    0.0143  21530948  10354779  48090986
   6.77658   6.77688    0.0143  21505848  10344279  48071686
   6.77644   6.77674    0.0143  21515248  10352779  48076486
   6.77631   6.77660    0.0143  21503348  10345879  48059286
   6.77617   6.77646    0.0143  21510148  10351379  48088786
   6.77603   6.77633    0.0143  21539148  10363479  48140986
   6.77589   6.77619    0.0143  21492748  10342479  48062086
   6.77575   6.77604    0.0143  21527948  10355079  48110586
   6.77561   6.77590    0.0143  21490848  10340879  48047886
   6.77547   6.77576    0.0143  21523948  10360479  48130386
   6.77533   6.77561    0.0143  21499448  10345779  48075486
   6.77519   6.77547    0.0143  21516248  10357979  48120986
   6.77506   6.77532    0.0143  21514948  10357279  48138686
   6.77492   6.77518    0.0143  21504148  10353079  48108686
   6.77478   6.77503    0.0143  21521148  10357279  48152286
   6.77464   6.77489    0.0143  21511348  10355779  48117286
   6.77450   6.77474    0.0143  21527348  10364279  48175286
   6.77436   6.77459    0.0143  21497048  10349179  48111586
   6.77422   6.77444    0.0143  21527948  10363479  48170686
   6.77408   6.77430    0.0143  21531748  10363179  48175286
   6.77394   6.77415    0.0143  21514148  10358779  48161086
   6.77381   6.77401    0.0143  21545848  10373079  48227186
   6.77367   6.77386    0.0143  21527748  10366479  48193786
   6.77353   6.77373    0.0143  21550948  10376279  48240986
   6.77339   6.77359    0.0143  21525048  10360179  48165686
   6.77325   6.77344    0.0143  21553148  10380479  48276486
   6.77311   6.77331    0.0143  21542648  10372179  48240686
   6.77297   6.77317    0.0143  21551348  10380579  48261886
   6.77283   6.77303    0.0143  21557848  10381479  48277586
   6.77269   6.77290    0.0143  21552948  10381479  48265286
   6.77256   6.77277    0.0143  21556048  10382379  48291486
   6.77242   6.77264    0.0143  21553548  10383279  48289586
   6.77228   6.77250    0.0143  21590748  10398679  48363386
   6.77214   6.77237    0.0143  21566348  10388479  48316986
   6.77200   6.77224    0.0143  21562148  10390779  48322686
   6.77186   6.77211    0.0143  21575848  10389479  48350886
   6.77172   6.77198    0.0143  21557348  10387379  48323386
   6.77158   6.77185    0.0143  21578048  10395479  48359286
   6.77144   6.77172    0.0143  21559148  10388079  48334186
   6.77131   6.77158    0.0143  21602348  10405479  48417886
   6.77117   6.77145    0.0143  21552648  10385079  48310886
   6.77103   6.77132    0.0143  21572848  10393679  48349986
   6.77089   6.77119    0.0143  21552248  10383279  48328486
   6.77075   6.77105    0.0143  21561048  10391079  48351186
   6.77061   6.77091    0.0143  21570648  10390579  48363286
   6.77047   6.77077    0.0143  21567748  10393779  48373686
   6.77033   6.77063    0.0143  21596648  10406179  48444386
   6.77019   6.77048    0.0143  21562148  10389179  48362186
   6.77006   6.77034    0.0143  21572848  10399179  48402386
   6.76992   6.77020    0.0143  21580748  10401579  48411786
   6.76978   6.77005    0.0143  21588148  10407579  48445286
   6.76964   6.76991    0.0143  21621148  10418779  48494986
   6.76950   6.76977    0.0143  21641648  10429079  48554686
   6.76936   6.76962    0.0143  21673048  10445879  48637586
   6.76922   6.76948    0.0143  21645648  10436179  48597586
   6.76908   6.76934    0.0143  21692348  10458979  48708686
   6.76894   6.76920    0.0143  21699948  10461979  48704586
   6.76881   6.76906    0.0143  21742048  10479879  48790286
   6.76867   6.76892    0.0143  21739548  10479979  48801986
   6.76853   6.76879    0.0143  21770748  10492279  48863286
   6.76839   6.76865    0.0143  21759248  10490879  48854686
   6.76825   6.76852    0.0143  21749348  10488779  48848386
   6.76811   6.76838    0.0143  21797148  10510279  48944486
   6.76797   6.76825    0.0143  21808848  10513879  48972586
   6.76783   6.76812    0.0143  21825748  10528279  49038886
   6.76769   6.76798    0.0143  21823048  10521279  49013686
   6.76756   6.76785    0.0143  21826848  10528579  49041686
   6.76742   6.76772    0.0143  21834848  10529279  49063386
   6.76728   6.76758    0.0143  21859148  10541279  49115086
   6.76714   6.76745    0.0143  21902448  10559479  49206086
   6.76700   6.76732    0.0143  21866648  10548079  49146486
   6.76686   6.76718    0.0143  21896748  10557579  49206686
   6.76672   6.76704    0.0143  21867748  10549179  49161486
   6.76658   6.76690    0.0143  21922048  10574179  49262786
   6.76644   6.76677    0.0143  21909348  10566879  49253386
   6.76631   6.76663    0.0143  21933048  10580379  49317586
   6.76617   6.76649    0.0143  21943448  10583479  49321086
   6.76603   6.76635    0.0143  21918948  10572979  49290686
   6.76589   6.76621    0.0143  21933748  10586379  49339286
   6.76575   6.76607    0.0143  21942148  10586379  49361386
   6.76561   6.76593    0.0143  21982748  10605879  49444486
   6.76547   6.76578    0.0143  21956848  10595679  49395086
   6.76533   6.76564    0.0143  21967348  10598579  49412486
   6.76519   6.76550    0.0143  21972748  10600079  49421886
   6.76506   6.76535    0.0143  21960848  10597679  49416386
   6.76492   6.76520    0.0143  22013948  10620779  49520586
   6.76478   6.76506    0.0143  22008948  10617979  49513886
   6.76464   6.76491    0.0143  22016948  10626079  49555986
   6.76450   6.76476    0.0143  21976548  10608179  49458086
   6.76436   6.76461    0.0143  22009548  10622479  49540086
   6.76422   6.76446    0.0143  22009648  10625979  49548286
   6.76408   6.76432    0.0143  22044948  10638179  49613186
   6.76394   6.76417    0.0143  22049748  10641879  49628086
   6.76381   6.76402    0.0143  22034348  10633979  49594786
   6.76367   6.76388    0.0143  22013148  10627079  49565186
   6.76353   6.76374    0.0143  22008448  10625379  49559786
   6.76339   6.76359    0.0143  22064448  10647779  49672786
   6.76325   6.76345    0.0143  22055348  10648379  49682986
   6.76311   6.76331    0.0143  22058348  10649179  49691686
   6.76297   6.76318    0.0143  22038348  10639679  49635686
   6.76283   6.76304    0.0143  22025348  10633679  49626486
   6.76269   6.76290    0.0143  22023148  10632179  49600786
   6.76256   6.76277    0.0143  22016948  10632779  49626486
   6.76242   6.76263    0.0143  22067048  10655979  49728986
   6.76228   6.76250    0.0143  22013248  10633879  49635086
   6.76214   6.76237    0.0143  22020648  10633879  49633086
   6.76200   6.76223    0.0143  21984848  10618579  49566986
   6.76186   6.76210    0.0143  22007048  10629079  49611286
   6.76172   6.76197    0.0143  22014248  10635379  49645886
   6.76158   6.76184    0.0143  22029148  10638579  49653386
   6.76144   6.76171    0.0143  22030748  10640579  49670686
   6.76131   6.76157    0.0143  21979148  10616979  49563286
   6.76117   6.76144    0.0143  21999148  10626679  49614586
   6.76103   6.76130    0.0143  22017848  10633379  49647086
   6.76089   6.76117    0.0143  22048348  10649979  49728386
   6.76075   6.76103    0.0143  22064148  10657179  49769286
   6.76061   6.76089    0.0143  22056548  10655279  49756886
   6.76047   6.76075    0.0143  22064848  10659079  49771386
   6.76033   6.76061    0.0143  22052248  10652579  49753186
   6.76019   6.76046    0.0143  22108448  10682179  49885286
   6.76006   6.76032    0.0143  22120248  10683979  49903686
   6.75992   6.76017    0.0143  22128048  10694379  49948286
   6.75978   6.76003    0.0143  22102448  10682079  49899086
   6.75964   6.75988    0.0143  22111648  10685379  49904986
   6.75950   6.75974    0.0143  22116448  10686179  49932986
   6.75936   6.75959    0.0143  22127548  10690879  49949886
   6.75922   6.75945    0.0143  22170248  10712179  50043586
   6.75908   6.75931    0.0143  22143148  10702279  50001386
   6.75894   6.75917    0.0143  22144848  10701279  49989786
   6.75881   6.75903    0.0143  22119148  10689279  49940886
   6.75867   6.75890    0.0143  22148248  10704379  50010286
   6.75853   6.75876    0.0143  22153248  10706679  50029986
   6.75839   6.75862    0.0143  22159548  10710979  50040786
   6.75825   6.75848    0.0143  22174548  10718679  50094786
   6.75811   6.75835    0.0143  22133448  10698879  49998386
   6.75797   6.75821    0.0143  22152848  10706379  50039386
   6.75783   6.75808    0.0143  22128548  10698979  50002186
   6.75769   6.75795    0.0143  22162448  10714579  50091686
   6.75756   6.75781    0.0143  22144348  10707279  50052186
   6.75742   6.75768    0.0143  22149748  10711379  50060286
   6.75728   6.75755    0.0143  22139448  10703579  50048386
   6.75714   6.75741    0.0143  22118748  10696179  50013086
   6.75700   6.75727    0.0143  22139448  10706079  50057186
   6.75686   6.75714    0.0143  22140748  10706579  50056786
   6.75672   6.75700    0.0143  22155648  10714079  50102186
   6.75658   6.75686    0.0143  22123248  10696779  50019786
   6.75644   6.75672    0.0143  22122048  10699579  50029486
   6.75631   6.75658    0.0143  22123848  10698479  50028286
   6.75617   6.75644    0.0143  22109248  10694479  50011486
   6.75603   6.75630    0.0143  22145748  10708279  50075286
   6.75589   6.75616    0.0143  22118248  10696979  50029286
   6.75575   6.75602    0.0143  22124448  10703179  50064286
   6.75561   6.75587    0.0143  22093748  10686079  49988486
   6.75547   6.75573    0.0143  22132448  10704279  50076686
   6.75533   6.75559    0.0143  22123448  10700879  50064886
   6.75519   6.75544    0.0143  22121848  10702479  50062486
   6.75506   6.75529    0.0143  22113748  10698379  50063586
   6.75492   6.75515    0.0143  22110948  10698879  50053486
   6.75478   6.75500    0.0143  22118448  10701879  50075286
   6.75464   6.75485    0.0143  22095248  10690779  50016386
   6.75450   6.75470    0.0143  22124748  10703679  50083986
   6.75436   6.75455    0.0143  22096748  10690879  50018586
   6.75422   6.75441    0.0143  22101748  10694279  50057086
   6.75408   6.75426    0.0143  22092448  10691079  50029086
   6.75394   6.75411    0.0143  22080548  10687279  50007586
   6.75381   6.75397    0.0143  22091348  10689679  50028186
   6.75367   6.75383    0.0143  22073848  10680879  49993086
   6.75353   6.75369    0.0143  22092148  10693979  50046786
   6.75339   6.75354    0.0143  22039148  10664179  49924186
   6.75325   6.75340    0.0143  22064148  10678079  49993386
   6.75311   6.75327    0.0143  22036048  10666979  49930086
   6.75297   6.75313    0.0143  22051148  10675179  49978286
   6.75283   6.75299    0.0143  22053748  10675979  49978786
   6.75269   6.75286    0.0143  22044948  10673879  49977286
   6.75256   6.75272    0.0143  22056748  10677279  50000686
   6.75242   6.75259    0.0143  22019848  10659879  49908486
   6.75228   6.75246    0.0143  22053248  10676879  49993786
   6.75214   6.75232    0.0143  22069448  10685579  50043486
   6.75200   6.75219    0.0143  22096948  10696679  50089886
   6.75186   6.75206    0.0143  22108948  10704979  50131286
   6.75172   6.75193    0.0143  22113448  10706879  50142186
   6.75158   6.75180    0.0143  22130148  10717179  50184786
   6.75144   6.75167    0.0143  22120148  10707379  50158586
   6.75131   6.75153    0.0143  22151148  10731579  50265286
   6.75117   6.75140    0.0143  22156648  10729279  50259386
   6.75103   6.75126    0.0143  22179148  10742179  50313486
   6.75089   6.75113    0.0143  22158048  10732879  50283186
   6.75075   6.75099    0.0143  22180948  10742779  50330986
   6.75061   6.75085    0.0143  22174848  10740879  50314886
   6.75047   6.75071    0.0143  22176048  10740779  50330486
   6.75033   6.75057    0.0143  22208948  10755579  50401686
   6.75019   6.75042    0.0143  22210848  10757379  50403886
   6.75006   6.75028    0.0143  22220948  10762779  50428486
   6.74992   6.75013    0.0143  22207048  10755979  50408386
   6.74978   6.74999    0.0143  22223948  10765179  50441586
   6.74964   6.74985    0.0143  22229748  10767679  50470786
   6.74950   6.74970    0.0143  22231048  10770679  50475786
   6.74936   6.74956    0.0143  22256548  10781779  50512286
   6.74922   6.74942    0.0143  22231248  10774079  50497786
   6.74908   6.74928    0.0143  22253048  10784579  50546086
   6.74894   6.74914    0.0143  22245048  10778579  50509986
   6.74881   6.74900    0.0143  22281548  10795679  50606586
   6.74867   6.74886    0.0143  22243648  10777479  50520186
   6.74853   6.74873    0.0143  22266448  10790979  50587786
   6.74839   6.74859    0.0143  22269048  10793179  50599586
   6.74825   6.74845    0.0143  22268948  10790579  50599986
   6.74811   6.74832    0.0143  22282148  10796079  50629986
   6.74797   6.74818    0.0143  22261648  10791779  50590686
   6.74783   6.74805    0.0143  22289048  10803479  50657986
   6.74769   6.74792    0.0143  22273648  10792079  50616586
   6.74756   6.74778    0.0143  22287848  10802679  50663886
   6.74742   6.74765    0.0143  22284248  10804879  50678386
   6.74728   6.74752    0.0143  22278048  10800379  50643286
   6.74714   6.74738    0.0143  22291948  10805779  50692786
   6.74700   6.74724    0.0143  22284948  10801779  50662086
   6.74686   6.74711    0.0143  22322848  10820879  50740886
   6.74672   6.74697    0.0143  22286248  10805079  50691886
   6.74658   6.74683    0.0143  22313148  10817379  50747686
   6.74644   6.74669    0.0143  22297648  10807679  50718986
   6.74631   6.74656    0.0143  22300748  10810379  50729286
   6.74617   6.74641    0.0143  22301748  10813679  50741986
   6.74603   6.74627    0.0143  22308648  10816679  50762286
   6.74589   6.74613    0.0143  22319148  10820979  50773286
   6.74575   6.74599    0.0143  22297248  10812679  50744086
   6.74561   6.74585    0.0143  22322048  10821679  50789886
   6.74547   6.74571    0.0143  22286348  10809979  50724886
   6.74533   6.74556    0.0143  22306748  10815479  50776486
   6.74519   6.74542    0.0143  22288448  10811679  50737486
   6.74506   6.74527    0.0143  22292748  10809879  50746586
   6.74492   6.74512    0.0143  22299448  10811279  50758586
   6.74478   6.74498    0.0143  22263348  10798379  50697486
   6.74464   6.74483    0.0143  22290548  10812279  50757686
   6.74450   6.74468    0.0143  22250048  10793079  50680286
   6.74436   6.74453    0.0143  22262248  10798979  50702386
   6.74422   6.74439    0.0143  22248248  10792379  50677586
   6.74408   6.74424    0.0143  22266248  10799279  50707486
   6.74394   6.74410    0.0143  22266148  10799279  50710486
   6.74381   6.74396    0.0143  22253048  10798179  50712786
   6.74367   6.74381    0.0143  22268648  10804779  50719886
   6.74353   6.74367    0.0143  22235648  10786779  50650686
   6.74339   6.74353    0.0143  22269848  10807279  50748086
   6.74325   6.74339    0.0143  22269448  10808179  50758486
   6.74311   6.74325    0.0143  22318448  10829779  50863986
   6.74297   6.74312    0.0143  22327648  10833679  50885686
   6.74283   6.74298    0.0143  22330248  10836079  50902986
   6.74269   6.74285    0.0143  22354648  10849379  50961486
   6.74256   6.74271    0.0143  22330548  10837179  50904186
   6.74242   6.74258    0.0143  22370648  10854479  50980286
   6.74228   6.74245    0.0143  22348448  10843079  50947786
   6.74214   6.74232    0.0143  22377848  10860579  51021486
   6.74200   6.74219    0.0143  22368448  10854079  51006786
   6.74186   6.74205    0.0143  22373548  10857379  51006986
   6.74172   6.74192    0.0143  22369148  10860379  51026386
   6.74158   6.74179    0.0143  22361148  10854479  51011586
   6.74144   6.74166    0.0143  22383848  10864079  51056786
   6.74131   6.74153    0.0143  22362648  10858579  51021486
   6.74117   6.74140    0.0143  22387648  10867579  51072286
   6.74103   6.74126    0.0143  22364048  10856879  51007286
   6.74089   6.74113    0.0143  22381848  10865479  51065486
   6.74075   6.74099    0.0143  22368548  10862279  51053486
   6.74061   6.74085    0.0143  22370548  10862579  51052886
   6.74047   6.74071    0.0143  22391448  10871479  51103086
   6.74033   6.74057    0.0143  22360148  10857379  51039386
   6.74019   6.74042    0.0143  22383748  10867679  51092986
   6.74006   6.74028    0.0143  22352248  10853379  51022686
   6.73992   6.74014    0.0143  22370848  10865079  51077386
   6.73978   6.73999    0.0143  22358948  10856679  51056586
   6.73964   6.73985    0.0143  22374248  10863179  51080386
   6.73950   6.73971    0.0143  22363048  10859879  51065886
   6.73936   6.73956    0.0143  22355448  10856679  51060986
   6.73922   6.73942    0.0143  22346548  10853479  51047586
   6.73908   6.73928    0.0143  22324448  10842579  50999186
   6.73894   6.73914    0.0143  22353548  10858579  51059286
   6.73881   6.73900    0.0143  22333448  10845479  51012986
   6.73867   6.73887    0.0143  22351248  10859679  51075186
   6.73853   6.73873    0.0143  22323448  10845679  51028786
   6.73839   6.73859    0.0143  22314548  10840479  50991286
   6.73825   6.73846    0.0143  22324348  10847779  51031886
   6.73811   6.73833    0.0143  22305248  10836779  50982786
   6.73797   6.73819    0.0143  22337448  10853179  51061786
   6.73783   6.73806    0.0143  22318448  10841379  50998786
   6.73769   6.73792    0.0143  22331648  10848479  51045086
   6.73756   6.73779    0.0143  22294448  10831379  50957986
   6.73742   6.73766    0.0143  22303048  10835679  50987986
   6.73728   6.73752    0.0143  22293248  10833879  50978786
   6.73714   6.73739    0.0143  22285548  10830879  50949286
   6.73700   6.73725    0.0143  22294248  10834979  50993886
   6.73686   6.73711    0.0143  22263148  10823879  50929486
   6.73672   6.73698    0.0143  22284548  10827779  50964286
   6.73658   6.73684    0.0143  22251148  10815079  50887486
   6.73644   6.73670    0.0143  22253748  10816879  50921286
   6.73631   6.73656    0.0143  22235448  10810179  50881386
   6.73617   6.73642    0.0143  22222048  10802979  50857386
   6.73603   6.73627    0.0143  22212048  10798179  50824586
   6.73589   6.73613    0.0143  22204048  10791379  50810786
   6.73575   6.73599    0.0143  22227448  10803279  50857986
   6.73561   6.73585    0.0143  22176748  10781779  50752186
   6.73547   6.73571    0.0143  22186248  10788079  50791286
   6.73533   6.73556    0.0143  22149348  10768779  50717386
   6.73519   6.73541    0.0143  22170948  10778779  50750686
   6.73506   6.73526    0.0143  22175448  10782479  50774986
   6.73492   6.73512    0.0143  22164148  10778779  50767286
   6.73478   6.73497    0.0143  22191748  10788679  50811586
   6.73464   6.73482    0.0143  22163048  10775079  50741686
   6.73450   6.73467    0.0143  22201748  10793379  50830586
   6.73436   6.73452    0.0143  22207348  10797979  50860386
   6.73422   6.73437    0.0143  22236348  10814379  50926786
   6.73408   6.73422    0.0143  22246748  10817879  50955986
   6.73394   6.73408    0.0143  22235648  10816679  50952186
   6.73381   6.73394    0.0143  22249648  10818579  50966086
   6.73367   6.73379    0.0143  22234348  10815179  50951886
   6.73353   6.73365    0.0143  22270748  10832979  51050786
   6.73339   6.73351    0.0143  22265948  10828579  51030386
   6.73325   6.73337    0.0143  22274948  10835979  51045186
   6.73311   6.73323    0.0143  22243648  10825279  51005486
   6.73297   6.73309    0.0143  22264848  10830879  51029986
   6.73283   6.73296    0.0143  22257748  10827879  51014786
   6.73269   6.73282    0.0143  22268648  10833379  51044686
   6.73256   6.73269    0.0143  22285648  10840679  51086386
   6.73242   6.73256    0.0143  22263548  10833079  51054186
   6.73228   6.73242    0.0143  22275948  10835179  51074286
   6.73214   6.73229    0.0143  22258548  10827179  51039186
   6.73200   6.73216    0.0143  22278348  10836679  51086886
   6.73186   6.73203    0.0143  22254948  10830479  51054486
   6.73172   6.73189    0.0143  22265548  10834779  51081786
   6.73158   6.73176    0.0143  22260148  10831479  51073086
   6.73144   6.73163    0.0143  22249448  10828579  51048586
   6.73131   6.73150    0.0143  22264948  10834379  51083786
   6.73117   6.73136    0.0143  22237948  10823379  51036986
   6.73103   6.73123    0.0143  22268548  10837679  51106086
   6.73089   6.73109    0.0143  22231348  10817979  51014986
   6.73075   6.73095    0.0143  22234448  10820579  51017586
   6.73061   6.73081    0.0143  22227948  10820979  51012886
   6.73047   6.73067    0.0143  22237748  10822179  51038486
   6.73033   6.73053    0.0143  22256948  10830179  51082286
   6.73019   6.73038    0.0143  22211848  10814079  51001186
   6.73006   6.73023    0.0143  22223148  10819579  51023886
   6.72992   6.73009    0.0143  22181848  10801479  50953586
   6.72978   6.72995    0.0143  22209848  10813279  51011986
   6.72964   6.72980    0.0143  22204348  10810679  51000686
   6.72950   6.72966    0.0143  22214548  10812579  51009886
   6.72936   6.72951    0.0143  22206348  10809279  51001586
   6.72922   6.72937    0.0143  22171648  10796779  50935386
   6.72908   6.72923    0.0143  22182248  10801679  50970686
   6.72894   6.72909    0.0143  22153548  10790679  50907586
   6.72881   6.72895    0.0143  22185348  10806579  50989386
   6.72867   6.72881    0.0143  22166648  10794079  50942986
   6.72853   6.72867    0.0143  22171448  10797079  50954586
   6.72839   6.72854    0.0143  22149948  10783879  50889886
   6.72825   6.72840    0.0143  22129248  10778879  50870986
   6.72811   6.72827    0.0143  22140448  10783179  50885586
   6.72797   6.72813    0.0143  22125448  10773779  50848686
   6.72783   6.72800    0.0143  22128048  10778579  50877286
   6.72769   6.72787    0.0143  22082748  10759979  50783986
   6.72756   6.72773    0.0143  22091748  10763279  50803086
   6.72742   6.72760    0.0143  22066248  10749479  50754486
   6.72728   6.72746    0.0143  22084148  10757479  50777386
   6.72714   6.72733    0.0143  22062948  10751579  50745386
   6.72700   6.72719    0.0143  22028948  10732579  50670386
   6.72686   6.72705    0.0143  22032048  10734679  50677686
   6.72672   6.72692    0.0143  22004148  10722379  50634986
   6.72658   6.72678    0.0143  22038348  10736179  50706486
   6.72644   6.72664    0.0143  22016648  10725179  50644986
   6.72631   6.72650    0.0143  22024448  10730779  50677386
   6.72617   6.72636    0.0143  21995648  10720579  50624786
   6.72603   6.72622    0.0143  21992448  10717779  50633286
   6.72589   6.72608    0.0143  22019248  10729879  50673486
   6.72575   6.72593    0.0143  22029948  10738379  50723086
   6.72561   6.72579    0.0143  22079648  10762379  50826686
   6.72547   6.72565    0.0143  22059948  10750879  50777486
   6.72533   6.72550    0.0143  22095548  10770579  50872786
   6.72519   6.72536    0.0143  22070348  10757679  50826886
   6.72506   6.72521    0.0143  22082348  10761379  50850386
   6.72492   6.72506    0.0143  22096648  10770979  50880786
   6.72478   6.72492    0.0143  22097648  10771379  50880486
   6.72464   6.72477    0.0143  22118148  10782479  50940586
   6.72450   6.72462    0.0143  22087348  10769179  50879186
   6.72436   6.72447    0.0143  22110648  10778579  50934786
   6.72422   6.72433    0.0143  22077848  10764579  50865786
   6.72408   6.72418    0.0143  22111848  10779279  50945386
   6.72394   6.72403    0.0143  22120148  10779379  50935986
   6.72381   6.72389    0.0143  22102948  10778879  50934786
   6.72367   6.72375    0.0143  22103548  10778879  50936686
   6.72353   6.72361    0.0143  22083648  10767079  50900286
   6.72339   6.72347    0.0143  22107948  10781079  50963086
   6.72325   6.72333    0.0143  22084548  10770479  50916486
   6.72311   6.72319    0.0143  22114748  10786479  50992986
   6.72297   6.72306    0.0143  22090848  10775279  50936986
   6.72283   6.72292    0.0143  22082048  10768879  50915286
   6.72269   6.72279    0.0143  22072448  10766679  50915286
   6.72256   6.72265    0.0143  22069648  10763279  50901286
   6.72242   6.72252    0.0143  22095648  10781679  50967486
   6.72228   6.72239    0.0143  22067848  10765779  50905386
   6.72214   6.72226    0.0143  22081048  10771179  50938686
   6.72200   6.72213    0.0143  22039148  10750079  50829286
   6.72186   6.72199    0.0143  22048448  10753679  50870686
   6.72172   6.72186    0.0143  22037648  10750379  50833486
   6.72158   6.72173    0.0143  22043148  10755579  50863286
   6.72144   6.72160    0.0143  22040648  10755979  50860986
   6.72131   6.72147    0.0143  22018548  10741179  50808786
   6.72117   6.72134    0.0143  22023848  10743279  50804386
   6.72103   6.72120    0.0143  21997948  10730879  50763186
   6.72089   6.72107    0.0143  22025848  10745979  50843586
   6.72075   6.72093    0.0143  22004248  10733979  50781886
   6.72061   6.72079    0.0143  22001348  10736179  50789786
   6.72047   6.72064    0.0143  21982148  10723879  50745486
   6.72033   6.72050    0.0143  21959248  10717779  50715486
   6.72019   6.72036    0.0143  21986048  10729379  50750386
   6.72006   6.72021    0.0143  21965048  10718679  50725486
   6.71992   6.72007    0.0143  21984948  10731879  50780086
   6.71978   6.71992    0.0143  21933548  10706379  50661886
   6.71964   6.71978    0.0143  21945648  10707779  50672386
   6.71950   6.71964    0.0143  21908548  10696079  50612486
   6.71936   6.71949    0.0143  21924048  10700979  50645186
   6.71922   6.71935    0.0143  21939648  10705479  50674686
   6.71908   6.71922    0.0143  21907248  10693679  50626386
   6.71894   6.71908    0.0143  21898248  10689679  50591986
   6.71881   6.71894    0.0143  21864448  10669379  50511786
   6.71867   6.71880    0.0143  21864148  10671179  50516786
   6.71853   6.71867    0.0143  21840548  10660079  50462486
   6.71839   6.71853    0.0143  21856648  10669079  50518886
   6.71825   6.71839    0.0143  21837348  10662779  50480186
   6.71811   6.71826    0.0143  21811048  10648879  50419486
   6.71797   6.71813    0.0143  21818948  10646779  50420886
   6.71783   6.71800    0.0143  21785948  10637279  50366986
   6.71769   6.71786    0.0143  21810048  10650479  50434286
   6.71756   6.71773    0.0143  21782948  10638079  50377286
   6.71742   6.71759    0.0143  21813048  10650779  50427086
   6.71728   6.71746    0.0143  21779148  10636779  50382986
   6.71714   6.71733    0.0143  21790148  10645279  50414886
   6.71700   6.71719    0.0143  21829848  10657979  50470586
   6.71686   6.71705    0.0143  21824448  10659579  50482786
   6.71672   6.71692    0.0143  21858648  10677279  50565386
   6.71658   6.71678    0.0143  21852448  10671979  50549486
   6.71644   6.71664    0.0143  21882748  10686179  50620586
   6.71631   6.71650    0.0143  21854348  10674679  50565486
   6.71617   6.71636    0.0143  21873848  10683279  50596886
   6.71603   6.71622    0.0143  21883348  10687279  50631786
   6.71589   6.71608    0.0143  21889948  10691779  50648686
   6.71575   6.71594    0.0143  21885848  10692879  50671786
   6.71561   6.71580    0.0143  21863948  10680879  50612586
   6.71547   6.71565    0.0143  21889648  10690479  50653986
   6.71533   6.71551    0.0143  21846848  10672579  50569186
   6.71519   6.71537    0.0143  21891348  10695879  50692286
   6.71506   6.71522    0.0143  21887848  10693679  50687286
   6.71492   6.71507    0.0143  21878248  10689379  50659986
   6.71478   6.71493    0.0143  21862948  10680379  50611386
   6.71464   6.71478    0.0143  21845748  10674579  50605986
   6.71450   6.71463    0.0143  21854248  10680579  50624586
   6.71436   6.71448    0.0143  21847448  10675979  50610386
   6.71422   6.71434    0.0143  21875348  10688979  50668086
   6.71408   6.71419    0.0143  21844348  10675279  50604786
   6.71394   6.71405    0.0143  21837248  10674079  50612986
   6.71381   6.71391    0.0143  21813148  10660179  50533486
   6.71367   6.71377    0.0143  21813948  10661079  50549986
   6.71353   6.71363    0.0143  21832248  10668079  50586686
   6.71339   6.71349    0.0143  21796248  10653779  50536586
   6.71325   6.71335    0.0143  21827348  10667079  50592286
   6.71311   6.71321    0.0143  21783748  10647679  50494386
   6.71297   6.71308    0.0143  21788448  10649879  50506786
   6.71283   6.71294    0.0143  21766948  10638479  50450986
   6.71269   6.71281    0.0143  21777248  10644679  50493786
   6.71256   6.71267    0.0143  21762948  10637879  50448186
   6.71242   6.71254    0.0143  21753248  10634379  50435086
   6.71228   6.71241    0.0143  21762648  10637079  50453686
   6.71214   6.71228    0.0143  21714948  10614479  50353286
   6.71200   6.71215    0.0143  21743548  10628179  50418386
   6.71186   6.71202    0.0143  21718048  10617079  50362586
   6.71172   6.71189    0.0143  21735648  10625779  50410186
   6.71158   6.71176    0.0143  21707748  10612279  50359186
   6.71144   6.71162    0.0143  21684948  10604579  50312386
   6.71131   6.71149    0.0143  21699648  10609479  50348786
   6.71117   6.71136    0.0143  21673048  10597779  50289986
   6.71103   6.71123    0.0143  21693448  10606879  50343186
   6.71089   6.71109    0.0143  21665548  10594379  50287786
   6.71075   6.71095    0.0143  21661948  10597279  50284686
   6.71061   6.71081    0.0143  21621448  10574379  50183586
   6.71047   6.71067    0.0143  21637948  10579879  50216086
   6.71033   6.71053    0.0143  21616248  10575179  50184786
   6.71019   6.71039    0.0143  21615648  10571479  50177686
   6.71006   6.71024    0.0143  21605248  10570879  50176486
   6.70992   6.71010    0.0143  21579548  10554379  50104786
   6.70978   6.70995    0.0143  21575648  10554879  50105286
   6.70964   6.70981    0.0143  21548048  10538179  50023086
   6.70950   6.70966    0.0143  21546548  10542679  50051386
   6.70936   6.70952    0.0143  21534248  10535879  50020286
   6.70922   6.70938    0.0143  21532348  10536079  50019486
   6.70908   6.70924    0.0143  21535248  10532779  50011486
   6.70894   6.70910    0.0143  21499948  10521879  49961586
   6.70881   6.70896    0.0143  21511848  10523279  49970186
   6.70867   6.70882    0.0143  21487148  10515379  49927186
   6.70853   6.70869    0.0143  21520848  10531879  50014186
   6.70839   6.70855    0.0143  21501248  10521079  49954486
   6.70825   6.70841    0.0143  21537248  10540879  50064886
   6.70811   6.70828    0.0143  21536548  10539979  50053786
   6.70797   6.70814    0.0143  21548448  10544079  50072586
   6.70783   6.70801    0.0143  21558548  10552179  50118286
   6.70769   6.70788    0.0143  21545248  10548179  50101686
   6.70756   6.70774    0.0143  21574648  10559479  50154686
   6.70742   6.70761    0.0143  21552348  10548679  50102186
   6.70728   6.70747    0.0143  21586048  10566479  50201986
   6.70714   6.70734    0.0143  21573848  10561279  50168386
   6.70700   6.70720    0.0143  21569148  10557379  50159786
   6.70686   6.70706    0.0143  21570948  10556579  50158286
   6.70672   6.70692    0.0143  21557948  10551179  50126886
   6.70658   6.70678    0.0143  21582848  10563779  50201686
   6.70644   6.70664    0.0143  21559648  10554679  50171686
   6.70631   6.70650    0.0143  21590548  10569579  50219986
   6.70617   6.70636    0.0143  21554548  10550279  50151186
   6.70603   6.70622    0.0143  21557348  10555979  50155686
   6.70589   6.70608    0.0143  21548748  10548679  50137986
   6.70575   6.70594    0.0143  21553148  10553279  50151586
   6.70561   6.70580    0.0143  21565648  10557879  50183886
   6.70547   6.70565    0.0143  21535248  10546979  50126386
   6.70533   6.70550    0.0143  21545948  10551079  50153986
   6.70519   6.70536    0.0143  21508648  10532579  50072986
   6.70506   6.70521    0.0143  21521148  10537979  50096886
   6.70492   6.70506    0.0143  21516548  10536079  50088686
   6.70478   6.70491    0.0143  21521648  10539179  50120986
   6.70464   6.70477    0.0143  21509748  10531779  50093086
   6.70450   6.70462    0.0143  21487148  10520979  50036386
   6.70436   6.70447    0.0143  21483748  10523679  50043186
   6.70422   6.70433    0.0143  21442348  10502879  49947586
   6.70408   6.70418    0.0143  21476648  10517079  50015086
   6.70394   6.70403    0.0143  21442948  10502779  49956986
   6.70381   6.70389    0.0143  21464948  10513979  50008686
   6.70367   6.70375    0.0143  21424148  10492779  49915586
   6.70353   6.70361    0.0143  21416148  10488279  49888586
   6.70339   6.70347    0.0143  21408848  10488979  49898986
   6.70325   6.70333    0.0143  21390848  10479179  49846886
   6.70311   6.70319    0.0143  21398548  10482579  49862986
   6.70297   6.70305    0.0143  21387448  10475179  49834386
   6.70283   6.70292    0.0143  21380948  10475779  49845286
   6.70269   6.70278    0.0143  21349248  10459879  49751286
   6.70256   6.70265    0.0143  21342348  10459879  49761586
   6.70242   6.70251    0.0143  21346048  10459679  49766786
   6.70228   6.70238    0.0143  21316048  10443879  49705486
   6.70214   6.70225    0.0143  21328848  10448279  49726086
   6.70200   6.70212    0.0143  21291148  10430579  49630186
   6.70186   6.70199    0.0143  21302848  10439379  49664486
   6.70172   6.70186    0.0143  21265748  10421279  49591086
   6.70158   6.70172    0.0143  21273948  10424779  49616086
   6.70144   6.70159    0.0143  21240548  10409379  49537886
   6.70131   6.70146    0.0143  21220548  10397179  49485086
   6.70117   6.70132    0.0143  21211248  10395479  49484686
   6.70103   6.70119    0.0143  21198948  10387479  49445886
   6.70089   6.70105    0.0143  21191948  10381679  49409686
   6.70075   6.70091    0.0143  21154548  10367779  49343986
   6.70061   6.70077    0.0143  21162448  10373379  49370886
   6.70047   6.70063    0.0143  21121048  10350679  49276186
   6.70033   6.70048    0.0143  21098148  10345779  49253286
   6.70019   6.70034    0.0143  21116448  10350679  49281586
   6.70006   6.70019    0.0143  21102148  10344879  49259186
   6.69992   6.70005    0.0143  21104348  10345079  49266186
   6.69978   6.69990    0.0143  21070848  10328979  49198886
   6.69964   6.69976    0.0143  21109848  10347579  49264286
   6.69950   6.69962    0.0143  21070148  10331579  49215286
   6.69936   6.69948    0.0143  21117848  10350479  49302086
   6.69922   6.69934    0.0143  21119448  10353379  49315686
   6.69908   6.69920    0.0143  21132348  10360179  49343986
   6.69894   6.69906    0.0143  21124348  10353279  49310986
   6.69881   6.69892    0.0143  21129648  10356079  49326386
   6.69867   6.69878    0.0143  21140548  10363679  49378086
   6.69853   6.69865    0.0143  21114048  10349879  49322286
   6.69839   6.69851    0.0143  21141148  10367779  49398486
   6.69825   6.69837    0.0143  21133448  10360779  49358986
   6.69811   6.69824    0.0143  21119248  10357379  49353786
   6.69797   6.69810    0.0143  21129148  10358079  49358786
   6.69783   6.69797    0.0143  21129548  10358479  49365486
   6.69769   6.69784    0.0143  21145348  10368379  49392686
   6.69756   6.69770    0.0143  21119348  10352879  49342086
   6.69742   6.69757    0.0143  21143348  10369179  49406786
   6.69728   6.69743    0.0143  21116948  10356279  49356086
   6.69714   6.69730    0.0143  21129148  10360879  49374486
   6.69700   6.69716    0.0143  21113148  10353779  49350486
   6.69686   6.69703    0.0143  21126348  10363879  49397986
   6.69672   6.69689    0.0143  21127348  10359779  49394886
   6.69658   6.69675    0.0143  21125948  10358879  49385886
   6.69644   6.69661    0.0143  21124748  10361579  49391786
   6.69631   6.69647    0.0143  21107348  10351579  49361286
   6.69617   6.69633    0.0143  21111548  10355879  49368486
   6.69603   6.69619    0.0143  21106648  10350479  49341086
   6.69589   6.69605    0.0143  21120448  10358879  49390486
   6.69575   6.69591    0.0143  21098048  10344479  49331886
   6.69561   6.69577    0.0143  21086748  10343579  49324286
   6.69547   6.69562    0.0143  21090748  10346779  49337486
   6.69533   6.69547    0.0143  21072148  10337779  49301886
   6.69519   6.69533    0.0143  21095848  10347979  49338686
   6.69506   6.69518    0.0143  21059548  10328879  49250786
   6.69492   6.69504    0.0143  21087548  10341879  49331286
   6.69478   6.69489    0.0143  21034248  10317679  49219186
   6.69464   6.69474    0.0143  21049348  10329479  49255086
   6.69450   6.69459    0.0143  21049048  10324479  49244486
   6.69436   6.69445    0.0143  21042148  10319579  49224886
   6.69422   6.69430    0.0143  21043348  10322979  49239086
   6.69408   6.69416    0.0143  21015948  10310279  49182686
   6.69394   6.69401    0.0143  21029448  10316479  49217086
   6.69381   6.69387    0.0143  20991848  10296879  49138786
   6.69367   6.69373    0.0143  20993148  10299279  49151786
   6.69353   6.69359    0.0143  20989848  10297479  49142086
   6.69339   6.69344    0.0143  20970648  10286479  49088586
   6.69325   6.69331    0.0143  20982648  10295479  49115786
   6.69311   6.69317    0.0143  20951748  10280879  49057986
   6.69297   6.69303    0.0143  20955548  10282379  49074986
   6.69283   6.69290    0.0143  20903948  10254179  48945186
   6.69269   6.69277    0.0143  20918248  10263979  48992186
   6.69256   6.69263    0.0143  20887548  10248179  48909486
   6.69242   6.69250    0.0143  20890348  10246379  48923786
   6.69228   6.69237    0.0143  20872248  10238879  48881186
   6.69214   6.69224    0.0143  20857248  10235079  48852586
   6.69200   6.69211    0.0143  20843048  10226579  48823786
   6.69186   6.69197    0.0143  20806948  10207679  48734686
   6.69172   6.69184    0.0143  20820448  10214379  48759786
   6.69158   6.69171    0.0143  20796748  10205479  48727586
   6.69144   6.69158    0.0143  20821748  10214679  48780686
   6.69131   6.69145    0.0143  20793348  10201479  48721086
   6.69117   6.69132    0.0143  20776948  10193279  48667186
   6.69103   6.69118    0.0143  20767348  10188079  48647786
   6.69089   6.69104    0.0143  20755848  10183879  48631786
   6.69075   6.69091    0.0143  20803048  10209679  48768386
   6.69061   6.69077    0.0143  20787848  10200279  48714186
   6.69047   6.69063    0.0143  20822848  10216579  48803286
   6.69033   6.69048    0.0143  20782848  10197779  48702786
   6.69019   6.69034    0.0143  20797948  10203379  48734886
   6.69006   6.69019    0.0143  20772648  10193379  48688886
   6.68992   6.69005    0.0143  20801548  10208279  48760486
   6.68978   6.68991    0.0143  20824448  10214679  48808686
   6.68964   6.68976    0.0143  20787148  10199879  48730686
   6.68950   6.68962    0.0143  20788548  10202579  48735286
   6.68936   6.68948    0.0143  20765848  10190779  48686486
   6.68922   6.68934    0.0143  20777348  10195379  48711186
   6.68908   6.68920    0.0143  20767548  10192179  48707386
   6.68894   6.68906    0.0143  20772548  10195279  48715886
   6.68881   6.68892    0.0143  20771748  10192679  48716086
   6.68867   6.68879    0.0143  20732448  10174779  48635586
   6.68853   6.68865    0.0143  20759548  10186979  48683886
   6.68839   6.68851    0.0143  20732348  10174979  48627386
   6.68825   6.68838    0.0143  20758148  10185879  48687286
   6.68811   6.68825    0.0143  20725248  10168879  48609086
   6.68797   6.68811    0.0143  20728948  10170579  48628986
   6.68783   6.68798    0.0143  20694548  10152979  48535386
   6.68769   6.68785    0.0143  20685748  10151579  48529686
   6.68756   6.68771    0.0143  20692348  10155879  48562586
   6.68742   6.68758    0.0143  20685548  10151679  48539286
   6.68728   6.68745    0.0143  20676448  10146479  48512786
   6.68714   6.68731    0.0143  20640248  10129679  48439086
   6.68700   6.68718    0.0143  20638248  10129879  48438786
   6.68686   6.68704    0.0143  20620148  10117979  48375486
   6.68672   6.68691    0.0143  20625048  10121679  48410086
   6.68658   6.68677    0.0143  20613848  10115879  48377086
   6.68644   6.68663    0.0143  20586748  10100879  48303086
   6.68631   6.68649    0.0143  20571648  10093779  48272286
   6.68617   6.68635    0.0143  20532048  10076379  48195786
   6.68603   6.68621    0.0143  20566648  10093779  48279586
   6.68589   6.68607    0.0143  20522048  10070379  48173086
   6.68575   6.68593    0.0143  20540448  10079779  48202886
   6.68561   6.68579    0.0143  20489148  10056379  48102086
   6.68547   6.68565    0.0143  20471748  10048279  48061286
   6.68533   6.68550    0.0143  20456148  10038779  48030886
   6.68519   6.68536    0.0143  20462048  10043479  48041786
   6.68506   6.68521    0.0143  20471848  10042979  48060886
   6.68492   6.68507    0.0143  20409348  10017279  47917286
   6.68478   6.68492    0.0143  20404348  10011279  47898586
   6.68464   6.68477    0.0143  20362448   9992179  47798286
   6.68450   6.68463    0.0143  20353248   9989159  47799186
   6.68436   6.68448    0.0143  20352648   9987639  47791486
   6.68422   6.68433    0.0143  20337248   9977879  47736486
   6.68408   6.68419    0.0143  20328648   9972899  47742086
   6.68394   6.68404    0.0143  20261548   9938689  47563486
   6.68381   6.68390    0.0143  20266148   9940839  47581986
   6.68367   6.68376    0.0143  20216748   9919229  47465886
   6.68353   6.68362    0.0143  20219848   9920679  47486486
   6.68339   6.68348    0.0143  20187548   9902979  47397386
   6.68325   6.68334    0.0143  20178848   9900699  47381986
   6.68311   6.68321    0.0143  20125648   9876259  47274586
   6.68297   6.68307    0.0143  20106948   9863089  47213886
   6.68283   6.68293    0.0143  20100248   9863599  47208486
   6.68269   6.68280    0.0143  20076748   9850119  47155186
   6.68256   6.68267    0.0143  20078248   9848229  47145586
   6.68242   6.68253    0.0143  20048648   9835939  47089286
   6.68228   6.68240    0.0143  20030448   9826739  47039686
   6.68214   6.68227    0.0143  20014748   9818989  47016786
   6.68200   6.68214    0.0143  20018748   9818299  47011786
   6.68186   6.68201    0.0143  20044248   9829589  47072686
   6.68172   6.68188    0.0143  20008848   9815969  47000086
   6.68158   6.68175    0.0143  20012548   9816029  47008586
   6.68144   6.68162    0.0143  19961648   9791399  46891286
   6.68131   6.68148    0.0143  19999848   9809539  46980386
   6.68117   6.68135    0.0143  19959048   9787879  46889786
   6.68103   6.68121    0.0143  19991648   9804189  46952786
   6.68089   6.68107    0.0143  19975948   9795049  46912886
   6.68075   6.68094    0.0143  19944648   9778479  46848886
   6.68061   6.68080    0.0143  19929748   9774959  46830686
   6.68047   6.68065    0.0143  19916648   9763739  46773986
   6.68033   6.68051    0.0143  19928648   9769299  46808386
   6.68019   6.68037    0.0143  19903848   9757569  46741686
   6.68006   6.68022    0.0143  19891848   9753539  46723186
   6.67992   6.68008    0.0143  19875548   9743769  46689586
   6.67978   6.67993    0.0143  19848848   9727639  46618686
   6.67964   6.67979    0.0143  19845548   9729739  46616986
   6.67950   6.67964    0.0143  19830148   9721779  46582586
   6.67936   6.67950    0.0143  19848448   9726759  46612686
   6.67922   6.67936    0.0143  19784048   9695889  46468686
   6.67908   6.67922    0.0143  19797348   9699989  46488486
   6.67894   6.67908    0.0143  19747048   9676949  46383386
   6.67881   6.67894    0.0143  19751948   9677999  46385886
   6.67867   6.67880    0.0143  19733448   9668549  46331186
   6.67853   6.67866    0.0143  19722948   9664009  46320586
   6.67839   6.67853    0.0143  19682248   9645179  46233686
   6.67825   6.67839    0.0143  19642248   9623279  46136086
   6.67811   6.67826    0.0143  19662148   9629929  46159886
   6.67797   6.67812    0.0143  19626048   9613299  46086186
   6.67783   6.67799    0.0143  19621948   9610209  46074286
   6.67769   6.67786    0.0143  19590348   9595409  45994086
   6.67756   6.67772    0.0143  19553448   9577259  45921386
   6.67742   6.67759    0.0143  19522948   9559399  45835086
   6.67728   6.67745    0.0143  19500448   9546139  45774086
   6.67714   6.67732    0.0143  19527448   9557419  45822086
   6.67700   6.67718    0.0143  19448848   9524849  45676486
   6.67686   6.67705    0.0143  19457248   9523519  45670486
   6.67672   6.67691    0.0143  19393448   9491549  45526386
   6.67658   6.67677    0.0143  19402648   9492529  45533886
   6.67644   6.67663    0.0143  19353248   9472429  45425086
   6.67631   6.67649    0.0143  19360048   9468019  45414986
   6.67617   6.67635    0.0143  19333548   9458949  45365086
   6.67603   6.67621    0.0143  19282648   9432399  45248586
   6.67589   6.67607    0.0143  19263048   9421089  45183386
   6.67575   6.67593    0.0143  19237648   9405459  45118586
   6.67561   6.67579    0.0143  19201348   9387879  45042786
   6.67547   6.67564    0.0143  19168348   9371949  44972086
   6.67533   6.67550    0.0143  19150248   9363669  44912686
   6.67519   6.67535    0.0143  19120848   9346559  44855186
   6.67506   6.67521    0.0143  19065548   9317389  44713986
   6.67492   6.67506    0.0143  19063148   9316319  44696086
   6.67478   6.67491    0.0143  19013648   9289419  44587286
   6.67464   6.67476    0.0143  19010548   9286179  44559786
   6.67450   6.67461    0.0143  18954648   9262259  44453486
   6.67436   6.67447    0.0143  18962048   9260939  44445086
   6.67422   6.67432    0.0143  18897048   9227359  44292686
   6.67408   6.67417    0.0143  18893348   9219989  44254986
   6.67394   6.67403    0.0143  18875348   9212299  44215486
   6.67381   6.67389    0.0143  18869148   9205109  44180586
   6.67367   6.67375    0.0143  18844648   9194219  44120686
   6.67353   6.67360    0.0143  18816248   9176389  44047686
   6.67339   6.67346    0.0143  18824048   9177779  44052886
   6.67325   6.67332    0.0143  18794148   9163919  44000686
   6.67311   6.67319    0.0143  18811748   9167689  44006686
   6.67297   6.67305    0.0143  18826248   9171159  44023686
   6.67283   6.67291    0.0143  18797148   9155409  43963986
   6.67269   6.67278    0.0143  18788648   9150189  43943786
   6.67256   6.67265    0.0143  18755148   9130589  43847386
   6.67242   6.67251    0.0143  18802248   9148789  43946286
   6.67228   6.67238    0.0143  18757648   9126249  43817186
   6.67214   6.67225    0.0143  18800248   9141739  43898886
   6.67200   6.67212    0.0143  18773248   9125109  43825386
   6.67186   6.67199    0.0143  18762948   9118619  43795886
   6.67172   6.67185    0.0143  18741848   9105009  43735186
   6.67158   6.67172    0.0143  18758348   9109789  43765486
   6.67144   6.67159    0.0143  18780748   9118559  43804386
   6.67131   6.67146    0.0143  18768748   9103439  43732086
   6.67117   6.67132    0.0143  18776748   9102939  43726086
   6.67103   6.67119    0.0143  18757148   9091469  43671086
   6.67089   6.67105    0.0143  18731948   9078359  43617986
   6.67075   6.67091    0.0143  18765948   9087939  43673886
   6.67061   6.67077    0.0143  18776448   9086809  43661386
   6.67047   6.67063    0.0143  18793148   9090899  43686486
   6.67033   6.67048    0.0143  18746648   9063879  43551586
   6.67019   6.67034    0.0143  18787048   9072999  43608686
   6.67006   6.67020    0.0143  18757548   9060349  43545486
   6.66992   6.67005    0.0143  18797548   9069799  43585186
   6.66978   6.66991    0.0143  18789748   9057389  43524486
   6.66964   6.66976    0.0143  18832248   9071809  43593286
   6.66950   6.66962    0.0143  18774448   9034959  43434986
   6.66936   6.66948    0.0143  18796748   9037919  43445686
   6.66922   6.66934    0.0143  18808648   9038489  43450786
   6.66908   6.66920    0.0143  18833748   9037099  43444986
   6.66894   6.66906    0.0143  18831848   9027149  43393386
   6.66881   6.66892    0.0143  18850548   9020409  43372786
   6.66867   6.66878    0.0143  18845248   9009759  43327886
   6.66853   6.66865    0.0143  18846548   8999049  43272386
   6.66839   6.66851    0.0143  18863448   8987459  43220586
   6.66825   6.66838    0.0143  18907148   8994069  43257186
   6.66811   6.66824    0.0143  18879848   8966599  43124986
   6.66797   6.66811    0.0143  18915548   8965969  43116686
   6.66783   6.66797    0.0143  18891648   8933089  42972286
   6.66769   6.66784    0.0143  18932048   8931259  42948486
   6.66756   6.66771    0.0143  18894448   8886469  42747386
   6.66742   6.66757    0.0143  18961648   8887349  42755586
   6.66728   6.66744    0.0143  18958948   8854979  42588386
   6.66714   6.66731    0.0143  18951648   8817289  42427586
   6.66700   6.66717    0.0143  18959248   8779739  42246286
   6.66686   6.66703    0.0143  18965048   8739869  42045986
   6.66672   6.66689    0.0143  18988448   8698659  41839186
   6.66658   6.66676    0.0143  18971348   8633229  41539186
   6.66644   6.66662    0.0143  18982748   8581739  41291386
   6.66631   6.66648    0.0143  18971248   8512439  40957086
   6.66617   6.66634    0.0143  18959748   8438659  40590586
   6.66603   6.66620    0.0143  18995248   8376609  40294886
   6.66589   6.66606    0.0143  18972948   8286959  39861786
   6.66575   6.66592    0.0143  18982748   8207309  39476386
   6.66561   6.66578    0.0143  18946548   8104449  38975086
   6.66547   6.66564    0.0143  18983648   8028279  38618686
   6.66533   6.66549    0.0143  18954048   7924639  38101186
   6.66519   6.66534    0.0143  18978748   7836889  37689486
   6.66506   6.66520    0.0143  18981248   7726399  37163586
   6.66492   6.66505    0.0143  18994848   7627349  36697086
   6.66478   6.66490    0.0143  18965248   7515649  36163686
   6.66464   6.66475    0.0143  18972448   7413649  35652986
   6.66450   6.66461    0.0143  19009848   7318649  35202586
   6.66436   6.66446    0.0143  19014748   7206299  34656186
   6.66422   6.66432    0.0143  19038648   7098779  34146286
   6.66408   6.66417    0.0143  19038348   6985059  33591986
   6.66394   6.66402    0.0143  19027348   6866239  33030686
   6.66381   6.66388    0.0143  19032548   6744399  32438086
   6.66367   6.66374    0.0143  19042448   6619179  31826686
   6.66353   6.66360    0.0143  19109948   6507899  31303486
   6.66339   6.66346    0.0143  19070648   6365139  30604486
   6.66325   6.66332    0.0143  19090548   6249219  30044786
   6.66311   6.66318    0.0143  19054848   6105199  29363386
   6.66297   6.66305    0.0143  19079948   5980899  28751786
   6.66283   6.66292    0.0143  19084948   5841679  28081586
   6.66269   6.66278    0.0143  19143648   5713779  27463486
   6.66256   6.66265    0.0143  19129348   5575439  26792186
   6.66242   6.66251    0.0143  19102148   5435129  26126386
   6.66228   6.66238    0.0143  19120848   5302899  25482186
   6.66214   6.66225    0.0143  19122648   5159619  24801186
   6.66200   6.66212    0.0143  19146548   5021409  24124186
   6.66186   6.66199    0.0143  19161648   4881799  23470286
   6.66172   6.66186    0.0143  19168748   4748559  22818886
   6.66158   6.66173    0.0143  19158548   4615059  22178686
   6.66144   6.66160    0.0143  19122648   4483489  21537686
   6.66131   6.66146    0.0143  19170348   4366339  20971086
   6.66117   6.66133    0.0143  19174048   4240719  20365786
   6.66103   6.66120    0.0143  19204848   4131849  19847286
   6.66089   6.66106    0.0143  19189848   4029599  19350986
   6.66075   6.66092    0.0143  19213648   3944489  18934886
   6.66061   6.66078    0.0143  19166848   3856859  18518686
   6.66047   6.66064    0.0143  19203948   3794229  18225386
   6.66033   6.66049    0.0143  19216048   3734259  17934386
   6.66019   6.66035    0.0143  19229448   3691229  17730886
   6.66006   6.66020    0.0143  19235148   3658219  17569586
   6.65992   6.66006    0.0143  19232348   3634109  17449086
   6.65978   6.65992    0.0143  19263048   3621799  17393786
   6.65964   6.65977    0.0143  19245348   3611599  17342486
   6.65950   6.65963    0.0143  19273048   3611529  17344686
   6.65936   6.65949    0.0143  19293348   3618459  17383786
   6.65922   6.65935    0.0143  19280248   3620439  17388486
   6.65908   6.65921    0.0143  19314848   3633649  17451586
   6.65894   6.65907    0.0143  19311548   3640579  17489786
   6.65881   6.65893    0.0143  19351248   3654819  17552286
   6.65867   6.65880    0.0143  19320748   3654059  17553686
   6.65853   6.65866    0.0143  19359548   3665359  17609386
   6.65839   6.65852    0.0143  19354948   3667039  17613886
   6.65825   6.65839    0.0143  19367048   3671199  17628186
   6.65811   6.65825    0.0143  19369548   3670119  17633486
   6.65797   6.65812    0.0143  19398848   3672959  17654686
   6.65783   6.65799    0.0143  19402948   3671589  17645986
   6.65769   6.65785    0.0143  19396148   3667479  17628286
   6.65756   6.65772    0.0143  19421048   3669179  17630186
   6.65742   6.65759    0.0143  19414048   3666159  17610986
   6.65728   6.65746    0.0143  19423148   3665149  17617586
   6.65714   6.65732    0.0143  19436148   3665899  17627186
   6.65700   6.65718    0.0143  19461348   3671399  17654286
   6.65686   6.65705    0.0143  19461948   3675539  17660886
   6.65672   6.65691    0.0143  19433848   3676489  17669786
   6.65658   6.65677    0.0143  19473348   3690279  17744286
   6.65644   6.65663    0.0143  19464448   3700619  17786386
   6.65631   6.65649    0.0143  19505248   3721739  17894786
   6.65617   6.65636    0.0143  19506048   3739419  17978286
   6.65603   6.65622    0.0143  19548548   3765699  18117186
   6.65589   6.65608    0.0143  19529448   3783649  18198586
   6.65575   6.65594    0.0143  19554848   3813949  18350386
   6.65561   6.65579    0.0143  19601748   3851069  18526386
   6.65547   6.65565    0.0143  19610348   3888359  18704986
   6.65533   6.65550    0.0143  19657148   3931319  18906386
   6.65519   6.65536    0.0143  19654848   3967549  19072286
   6.65506   6.65521    0.0143  19684448   4009379  19288986
   6.65492   6.65506    0.0143  19683248   4049569  19477486
   6.65478   6.65491    0.0143  19720448   4098839  19718686
   6.65464   6.65477    0.0143  19765148   4149999  19969386
   6.65450   6.65462    0.0143  19746148   4186849  20150586
   6.65436   6.65447    0.0143  19781348   4237129  20387386
   6.65422   6.65433    0.0143  19766648   4275429  20575786
   6.65408   6.65418    0.0143  19805248   4323409  20814786
   6.65394   6.65403    0.0143  19807048   4363249  21016686
   6.65381   6.65389    0.0143  19849248   4415919  21266086
   6.65367   6.65375    0.0143  19854948   4454409  21449086
   6.65353   6.65361    0.0143  19846148   4491079  21637586
   6.65339   6.65347    0.0143  19849548   4529599  21821886
   6.65325   6.65333    0.0143  19880548   4573039  22021486
   6.65311   6.65319    0.0143  19917448   4615689  22235086
   6.65297   6.65305    0.0143  19916548   4651919  22403586
   6.65283   6.65292    0.0143  19934248   4690279  22598386
   6.65269   6.65278    0.0143  19918948   4715439  22725086
   6.65256   6.65265    0.0143  19917048   4746539  22885086
   6.65242   6.65251    0.0143  19944048   4785099  23069486
   6.65228   6.65238    0.0143  19966448   4819499  23223186
   6.65214   6.65225    0.0143  19989548   4852379  23397986
   6.65200   6.65211    0.0143  19951448   4870599  23480586
   6.65186   6.65198    0.0143  19975248   4901019  23627286
   6.65172   6.65185    0.0143  19945548   4913679  23687386
   6.65158   6.65172    0.0143  19980948   4945879  23851986
   6.65144   6.65158    0.0143  19992448   4969059  23966486
   6.65131   6.65145    0.0143  20016648   4992059  24073386
   6.65117   6.65131    0.0143  19995848   5004209  24132786
   6.65103   6.65117    0.0143  19986448   5015739  24184686
   6.65089   6.65104    0.0143  19985548   5031679  24273286
   6.65075   6.65090    0.0143  19970748   5038049  24297586
   6.65061   6.65075    0.0143  20018348   5061609  24410886
   6.65047   6.65061    0.0143  20012248   5067079  24448986
   6.65033   6.65047    0.0143  20009048   5073329  24473886
   6.65019   6.65032    0.0143  19993048   5075719  24480286
   6.65006   6.65017    0.0143  19987948   5079689  24508986
   6.64992   6.65003    0.0143  20016048   5089079  24550786
   6.64978   6.64988    0.0143  19994848   5084909  24534086
   6.64964   6.64974    0.0143  20038948   5094299  24573286
   6.64950   6.64959    0.0143  20005248   5083279  24527586
   6.64936   6.64945    0.0143  20010748   5081449  24514586
   6.64922   6.64931    0.0143  19993148   5072879  24477686
   6.64908   6.64917    0.0143  20024748   5074269  24484986
   6.64894   6.64903    0.0143  20026248   5068339  24458786
   6.64881   6.64889    0.0143  20013648   5055869  24401186
   6.64867   6.64875    0.0143  20014248   5047239  24359986
   6.64853   6.64862    0.0143  20002948   5030489  24288486
   6.64839   6.64848    0.0143  20020048   5025069  24257286
   6.64825   6.64834    0.0143  20018848   5013219  24200386
   6.64811   6.64821    0.0143  20041248   5007239  24177086
   6.64797   6.64808    0.0143  20031948   4991989  24095586
   6.64783   6.64794    0.0143  20010048   4974669  24015186
   6.64769   6.64781    0.0143  20036248   4965909  23970886
   6.64756   6.64767    0.0143  20020648   4951229  23899786
   6.64742   6.64754    0.0143  20068648   4948959  23896886
   6.64728   6.64740    0.0143  20069348   4936739  23840286
   6.64714   6.64727    0.0143  20106748   4935229  23828786
   6.64700   6.64713    0.0143  20080848   4919729  23752186
   6.64686   6.64699    0.0143  20134848   4921999  23773086
   6.64672   6.64685    0.0143  20154748   4916009  23749986
   6.64658   6.64671    0.0143  20176748   4915069  23743486
   6.64644   6.64657    0.0143  20193048   4911859  23724586
   6.64631   6.64643    0.0143  20200248   4905489  23691886
   6.64617   6.64629    0.0143  20226748   4907449  23695986
   6.64603   6.64615    0.0143  20223348   4898949  23671986
   6.64589   6.64601    0.0143  20258848   4902469  23674786
   6.64575   6.64586    0.0143  20261748   4899319  23663486
   6.64561   6.64572    0.0143  20264948   4895479  23643686
   6.64547   6.64557    0.0143  20283348   4893709  23639186
   6.64533   6.64543    0.0143  20284548   4888679  23617886
   6.64519   6.64528    0.0143  20333648   4894529  23648586
   6.64506   6.64513    0.0143  20301048   4881989  23589786
   6.64492   6.64498    0.0143  20340848   4885709  23608586
   6.64478   6.64484    0.0143  20317548   4874059  23555086
   6.64464   6.64469    0.0143  20346948   4873059  23545286
   6.64450   6.64454    0.0143  20341848   4864229  23503686
   6.64436   6.64439    0.0143  20364348   4861139  23502586
   6.64422   6.64424    0.0143  20365748   4853829  23458886
   6.64408   6.64410    0.0143  20358448   4841799  23399986
   6.64394   6.64395    0.0143  20389648   4837149  23382586
   6.64381   6.64381    0.0143  20362348   4822269  23311786
   6.64367   6.64367    0.0143  20398848   4819119  23291486
   6.64353   6.64353    0.0143  20393348   4808279  23242386
   6.64339   6.64339    0.0143  20402548   4797639  23185386
   6.64325   6.64325    0.0143  20401048   4784099  23131086
   6.64311   6.64311    0.0143  20382348   4768029  23052786
   6.64297   6.64297    0.0143  20411048   4762099  23026286
   6.64283   6.64284    0.0143  20392648   4746729  22946386
   6.64269   6.64270    0.0143  20428348   4741379  22916986
   6.64256   6.64257    0.0143  20407048   4722919  22829786
   6.64242   6.64243    0.0143  20416348   4712539  22794586
   6.64228   6.64230    0.0143  20390748   4696899  22701086
   6.64214   6.64217    0.0143  20409448   4685749  22663586
   6.64200   6.64204    0.0143  20427848   4678059  22623086
   6.64186   6.64190    0.0143  20412748   4664199  22555786
   6.64172   6.64177    0.0143  20426348   4653009  22501986
   6.64158   6.64164    0.0143  20397948   4634589  22416386
   6.64144   6.64151    0.0143  20412148   4627729  22376986
   6.64131   6.64138    0.0143  20398648   4612229  22297486
   6.64117   6.64124    0.0143  20403148   4603659  22263786
   6.64103   6.64110    0.0143  20418448   4593099  22204486
   6.64089   6.64097    0.0143  20395848   4577009  22136986
   6.64075   6.64083    0.0143  20407248   4569449  22107086
   6.64061   6.64068    0.0143  20377248   4551999  22012986
   6.64047   6.64054    0.0143  20395448   4545949  21977386
   6.64033   6.64039    0.0143  20357048   4528999  21903886
   6.64019   6.64025    0.0143  20381448   4523679  21880586
   6.64006   6.64010    0.0143  20362548   4510989  21815286
   6.63992   6.63996    0.0143  20354748   4501159  21774186
   6.63978   6.63982    0.0143  20331348   4488939  21714986
   6.63964   6.63967    0.0143  20318948   4477659  21662186
   6.63950   6.63953    0.0143  20321048   4472149  21631486
   6.63936   6.63939    0.0143  20308648   4463859  21591086
   6.63922   6.63925    0.0143  20326248   4463169  21593386
   6.63908   6.63911    0.0143  20296148   4450879  21529286
   6.63894   6.63897    0.0143  20301148   4449179  21519986
   6.63881   6.63883    0.0143  20289448   4441719  21491786
   6.63867   6.63870    0.0143  20291548   4439859  21483186
   6.63853   6.63856    0.0143  20295948   4440359  21495686
   6.63839   6.63843    0.0143  20295048   4439359  21480186
   6.63825   6.63829    0.0143  20345448   4449559  21528386
   6.63811   6.63816    0.0143  20323248   4444369  21504086
   6.63797   6.63803    0.0143  20357748   4453399  21544486
   6.63783   6.63789    0.0143  20347648   4453149  21547886
   6.63769   6.63776    0.0143  20377548   4460519  21591186
   6.63756   6.63762    0.0143  20383848   4467889  21626986
   6.63742   6.63749    0.0143  20385248   4471739  21651486
   6.63728   6.63735    0.0143  20390148   4477689  21679686
   6.63714   6.63722    0.0143  20377548   4480619  21689186
   6.63700   6.63708    0.0143  20398748   4494609  21752786
   6.63686   6.63695    0.0143  20386348   4496619  21766086
   6.63672   6.63681    0.0143  20410448   4511109  21848486
   6.63658   6.63667    0.0143  20397148   4515049  21858886
   6.63644   6.63653    0.0143  20391948   4524339  21906186
   6.63631   6.63639    0.0143  20412848   4535929  21968186
   6.63617   6.63625    0.0143  20396048   4543369  22004486
   6.63603   6.63611    0.0143  20410248   4558299  22074286
   6.63589   6.63597    0.0143  20391148   4562359  22099886
   6.63575   6.63583    0.0143  20424748   4579399  22184786
   6.63561   6.63569    0.0143  20391948   4584439  22211986
   6.63547   6.63554    0.0143  20411048   4598809  22278586
   6.63533   6.63540    0.0143  20388048   4604599  22309786
   6.63519   6.63525    0.0143  20375148   4613569  22353186
   6.63506   6.63510    0.0143  20386148   4626469  22421286
   6.63492   6.63496    0.0143  20368148   4633269  22446286
   6.63478   6.63481    0.0143  20405248   4649779  22536186
   6.63464   6.63466    0.0143  20361148   4652169  22541586
   6.63450   6.63452    0.0143  20374648   4664329  22612886
   6.63436   6.63437    0.0143  20356148   4666929  22621486
   6.63422   6.63422    0.0143  20338948   4674789  22648186
   6.63408   6.63408    0.0143  20342548   4683799  22701786
   6.63394   6.63394    0.0143  20338248   4691359  22745786
   6.63381   6.63379    0.0143  20367248   4704769  22803086
   6.63367   6.63365    0.0143  20321748   4701389  22796286
   6.63353   6.63351    0.0143  20343448   4713969  22861386
   6.63339   6.63338    0.0143  20292748   4711139  22839986
   6.63325   6.63324    0.0143  20311048   4722349  22893086
   6.63311   6.63310    0.0143  20321748   4729909  22934186
   6.63297   6.63297    0.0143  20322248   4737679  22976386
   6.63283   6.63283    0.0143  20317248   4743769  23008186
   6.63269   6.63270    0.0143  20283748   4743329  23002886
   6.63256   6.63257    0.0143  20292248   4751209  23046286
   6.63242   6.63243    0.0143  20267348   4751269  23049086
   6.63228   6.63230    0.0143  20283748   4765269  23117286
   6.63214   6.63217    0.0143  20266748   4766639  23120886
   6.63200   6.63204    0.0143  20260548   4771179  23148986
   6.63186   6.63191    0.0143  20252348   4775899  23168386
   6.63172   6.63178    0.0143  20232948   4777919  23183086
   6.63158   6.63165    0.0143  20243448   4788689  23232886
   6.63144   6.63152    0.0143  20209948   4789139  23238386
   6.63131   6.63138    0.0143  20232948   4801789  23292286
   6.63117   6.63125    0.0143  20183548   4797129  23269286
   6.63103   6.63112    0.0143  20199248   4808789  23336186
   6.63089   6.63098    0.0143  20166148   4808469  23334986
   6.63075   6.63084    0.0143  20165548   4816549  23365186
   6.63061   6.63070    0.0143  20150648   4820759  23401686
   6.63047   6.63055    0.0143  20148548   4827369  23422386
   6.63033   6.63041    0.0143  20169448   4837519  23478886
   6.63019   6.63027    0.0143  20137748   4837769  23486786
   6.63006   6.63012    0.0143  20140548   4846599  23531286
   6.62992   6.62998    0.0143  20120648   4848919  23538986
   6.62978   6.62984    0.0143  20138948   4861389  23600686
   6.62964   6.62969    0.0143  20153348   4871599  23650986
   6.62950   6.62955    0.0143  20166348   4880039  23700386
   6.62936   6.62941    0.0143  20187848   4892889  23768586
   6.62922   6.62927    0.0143  20170548   4894159  23767986
   6.62908   6.62913    0.0143  20212348   4911099  23844286
   6.62894   6.62900    0.0143  20178548   4911479  23844786
   6.62881   6.62886    0.0143  20216548   4924709  23914186
   6.62867   6.62872    0.0143  20211148   4928109  23938386
   6.62853   6.62859    0.0143  20227748   4937999  23977586
   6.62839   6.62845    0.0143  20231648   4944169  24008986
   6.62825   6.62832    0.0143  20212148   4943539  24008186
   6.62811   6.62819    0.0143  20224848   4949469  24042986
   6.62797   6.62805    0.0143  20201748   4948579  24034586
   6.62783   6.62792    0.0143  20232148   4959039  24087686
   6.62769   6.62779    0.0143  20218548   4959109  24096486
   6.62756   6.62766    0.0143  20233548   4964589  24124386
   6.62742   6.62752    0.0143  20223148   4963069  24100686
   6.62728   6.62739    0.0143  20201548   4960109  24103086
   6.62714   6.62725    0.0143  20218448   4964399  24112886
   6.62700   6.62712    0.0143  20216948   4962699  24121386
   6.62686   6.62698    0.0143  20234448   4969439  24143386
   6.62672   6.62684    0.0143  20201348   4962319  24115686
   6.62658   6.62670    0.0143  20220148   4966039  24131186
   6.62644   6.62657    0.0143  20177748   4956589  24093086
   6.62631   6.62643    0.0143  20196648   4958599  24101986
   6.62617   6.62629    0.0143  20186748   4953999  24088786
   6.62603   6.62615    0.0143  20193748   4954509  24085686
   6.62589   6.62600    0.0143  20184048   4949339  24062886
   6.62575   6.62586    0.0143  20160048   4943669  24028586
   6.62561   6.62572    0.0143  20179748   4944619  24038886
   6.62547   6.62558    0.0143  20147548   4934979  23990986
   6.62533   6.62543    0.0143  20179448   4937749  24005486
   6.62519   6.62528    0.0143  20145048   4927229  23953286
   6.62506   6.62513    0.0143  20146148   4924639  23938686
   6.62492   6.62499    0.0143  20136648   4920549  23926086
   6.62478   6.62484    0.0143  20119648   4913619  23888686
   6.62464   6.62469    0.0143  20147448   4914629  23900486
   6.62450   6.62454    0.0143  20119548   4905369  23858986
   6.62436   6.62439    0.0143  20126648   4905109  23855086
   6.62422   6.62424    0.0143  20098548   4894539  23810886
   6.62408   6.62410    0.0143  20119648   4895409  23808486
   6.62394   6.62396    0.0143  20095048   4888479  23764986
   6.62381   6.62381    0.0143  20101948   4886969  23769286
   6.62367   6.62367    0.0143  20090048   4881359  23744986
   6.62353   6.62353    0.0143  20074348   4874629  23714186
   6.62339   6.62339    0.0143  20087448   4874619  23717886
   6.62325   6.62325    0.0143  20063648   4866809  23680486
   6.62311   6.62311    0.0143  20073848   4866559  23685286
   6.62297   6.62298    0.0143  20044748   4854839  23622286
   6.62283   6.62284    0.0143  20041548   4852819  23610686
   6.62269   6.62271    0.0143  20033348   4848169  23589086
   6.62256   6.62257    0.0143  20015048   4842809  23568486
   6.62242   6.62244    0.0143  20030348   4841609  23563486
   6.62228   6.62231    0.0143  20001448   4833669  23517386
   6.62214   6.62217    0.0143  20004448   4830899  23512086
   6.62200   6.62204    0.0143  19950048   4815289  23434686
   6.62186   6.62191    0.0143  19981448   4819369  23454286
   6.62172   6.62178    0.0143  19952548   4810169  23417386
   6.62158   6.62165    0.0143  19966748   4811309  23427286
   6.62144   6.62151    0.0143  19971648   4811559  23412986
   6.62131   6.62138    0.0143  19947548   4801929  23378286
   6.62117   6.62124    0.0143  19941548   4799899  23356586
   6.62103   6.62111    0.0143  19918348   4789889  23318786
   6.62089   6.62097    0.0143  19969748   4800469  23372786
   6.62075   6.62083    0.0143  19973948   4800719  23379886
   6.62061   6.62069    0.0143  20000148   4805509  23401586
   6.62047   6.62054    0.0143  19990948   4802629  23388386
   6.62033   6.62040    0.0143  19981148   4797509  23366286
   6.62019   6.62026    0.0143  19994548   4800599  23367186
   6.62006   6.62011    0.0143  19989248   4798329  23368186
   6.61992   6.61997    0.0143  20029748   4806579  23407286
   6.61978   6.61982    0.0143  20001748   4799159  23372386
   6.61964   6.61968    0.0143  20023348   4802359  23387586
   6.61950   6.61953    0.0143  19988448   4793859  23354686
   6.61936   6.61939    0.0143  20000448   4798269  23370086
   6.61922   6.61926    0.0143  20014348   4799399  23373086
   6.61908   6.61911    0.0143  20004048   4798659  23382786
   6.61894   6.61897    0.0143  20010648   4800979  23381786
   6.61881   6.61883    0.0143  19979048   4793349  23343986
   6.61867   6.61870    0.0143  19994348   4796569  23371586
   6.61853   6.61856    0.0143  19977148   4793479  23359486
   6.61839   6.61843    0.0143  19990048   4799349  23373086
   6.61825   6.61829    0.0143  19983448   4796119  23372386
   6.61811   6.61816    0.0143  19967648   4793229  23355686
   6.61797   6.61803    0.0143  19972448   4794049  23360086
   6.61783   6.61789    0.0143  19944648   4787809  23325586
   6.61769   6.61776    0.0143  19967448   4792849  23357086
   6.61756   6.61762    0.0143  19928848   4786809  23324186
   6.61742   6.61749    0.0143  19959748   4791779  23348786
   6.61728   6.61735    0.0143  19912548   4782389  23311286
   6.61714   6.61722    0.0143  19928148   4785669  23327686
   6.61700   6.61708    0.0143  19911748   4780819  23311486
   6.61686   6.61694    0.0143  19904948   4782089  23311886
   6.61672   6.61681    0.0143  19896048   4780309  23307386
   6.61658   6.61667    0.0143  19879048   4776589  23282686
   6.61644   6.61653    0.0143  19881148   4776529  23282186
   6.61631   6.61639    0.0143  19845248   4769979  23258586
   6.61617   6.61625    0.0143  19874048   4776669  23288186
   6.61603   6.61611    0.0143  19857148   4769409  23269586
   6.61589   6.61597    0.0143  19852648   4771299  23266186
   6.61575   6.61583    0.0143  19839948   4767589  23249986
   6.61561   6.61568    0.0143  19800248   4759139  23218086
   6.61547   6.61554    0.0143  19822348   4764069  23234986
   6.61533   6.61539    0.0143  19803948   4759709  23215386
   6.61519   6.61524    0.0143  19827148   4768089  23256586
   6.61506   6.61510    0.0143  19786248   4757319  23201786
   6.61492   6.61495    0.0143  19802048   4758199  23218186
   6.61478   6.61480    0.0143  19757648   4751209  23171186
   6.61464   6.61466    0.0143  19755048   4750019  23166186
   6.61450   6.61451    0.0143  19765048   4752469  23184986
   6.61436   6.61436    0.0143  19757948   4752279  23178186
   6.61422   6.61421    0.0143  19761648   4751329  23187086
   6.61408   6.61407    0.0143  19708448   4742509  23138686
   6.61394   6.61393    0.0143  19707548   4741519  23133486
   6.61381   6.61379    0.0143  19683648   4734379  23103586
   6.61367   6.61364    0.0143  19686948   4735829  23107086
   6.61353   6.61350    0.0143  19675648   4732239  23096386
   6.61339   6.61336    0.0143  19661248   4730099  23075986
   6.61325   6.61323    0.0143  19652048   4726339  23059386
   6.61311   6.61309    0.0143  19612748   4720019  23031386
   6.61297   6.61296    0.0143  19645648   4725189  23073786
   6.61283   6.61282    0.0143  19598548   4715299  23012786
   6.61269   6.61269    0.0143  19616548   4719009  23031486
   6.61256   6.61256    0.0143  19588548   4711409  22995786
   6.61242   6.61242    0.0143  19594748   4712779  23000786
   6.61228   6.61229    0.0143  19584048   4711199  22995986
   6.61214   6.61216    0.0143  19599348   4713029  22996186
   6.61200   6.61203    0.0143  19623348   4718759  23035086
   6.61186   6.61190    0.0143  19610548   4713469  23014386
   6.61172   6.61177    0.0143  19618548   4717959  23028386
   6.61158   6.61164    0.0143  19613548   4714539  23020286
   6.61144   6.61151    0.0143  19635648   4719259  23041386
   6.61131   6.61137    0.0143  19639148   4719889  23044286
   6.61117   6.61124    0.0143  19635548   4717369  23038486
   6.61103   6.61110    0.0143  19653148   4720599  23049786
   6.61089   6.61096    0.0143  19606848   4710189  22997586
   6.61075   6.61082    0.0143  19640848   4715739  23034086
   6.61061   6.61068    0.0143  19609048   4709249  23001286
   6.61047   6.61054    0.0143  19641048   4715419  23031886
   6.61033   6.61040    0.0143  19620648   4708009  23005586
   6.61019   6.61025    0.0143  19633548   4711199  23011086
   6.61006   6.61011    0.0143  19614648   4705909  22988086
   6.60992   6.60997    0.0143  19609548   4700359  22955786
   6.60978   6.60982    0.0143  19619748   4703959  22974386
   6.60964   6.60968    0.0143  19604648   4698919  22952786
   6.60950   6.60954    0.0143  19603448   4697929  22942686
   6.60936   6.60939    0.0143  19600948   4692679  22927986
   6.60922   6.60926    0.0143  19595148   4691169  22921186
   6.60908   6.60912    0.0143  19593548   4687509  22903986
   6.60894   6.60898    0.0143  19581448   4684799  22893086
   6.60881   6.60884    0.0143  19578648   4682739  22887886
   6.60867   6.60871    0.0143  19566048   4676989  22849586
   6.60853   6.60857    0.0143  19578248   4676989  22858786
   6.60839   6.60844    0.0143  19548048   4669179  22820886
   6.60825   6.60830    0.0143  19564948   4672769  22838786
   6.60811   6.60817    0.0143  19519348   4659439  22770786
   6.60797   6.60804    0.0143  19544548   4661679  22788086
   6.60783   6.60790    0.0143  19529748   4656259  22763186
   6.60769   6.60777    0.0143  19523048   4655379  22752686
   6.60756   6.60764    0.0143  19505348   4649649  22736986
   6.60742   6.60750    0.0143  19490148   4643999  22703486
   6.60728   6.60737    0.0143  19500948   4645179  22702086
   6.60714   6.60724    0.0143  19483248   4638499  22671486
   6.60700   6.60710    0.0143  19489748   4642029  22685986
   6.60686   6.60696    0.0143  19476848   4635409  22665286
   6.60672   6.60683    0.0143  19463048   4631719  22641286
   6.60658   6.60669    0.0143  19462248   4628729  22627286
   6.60644   6.60655    0.0143  19440348   4622809  22606386
   6.60631   6.60641    0.0143  19464148   4628919  22630386
   6.60617   6.60627    0.0143  19416348   4616949  22576886
   6.60603   6.60613    0.0143  19445248   4623319  22602286
   6.60589   6.60599    0.0143  19403748   4614019  22561186
   6.60575   6.60585    0.0143  19410948   4615819  22567186
   6.60561   6.60571    0.0143  19387048   4608199  22541286
   6.60547   6.60556    0.0143  19389748   4611529  22550486
   6.60533   6.60542    0.0143  19376648   4606679  22540686
   6.60519   6.60527    0.0143  19354048   4603309  22510286
   6.60506   6.60512    0.0143  19347848   4604289  22515786
   6.60492   6.60498    0.0143  19322148   4597299  22485986
   6.60478   6.60483    0.0143  19316448   4597799  22490886
   6.60464   6.60469    0.0143  19300848   4595409  22475286
   6.60450   6.60454    0.0143  19305548   4598829  22504086
   6.60436   6.60439    0.0143  19284348   4595279  22486686
   6.60422   6.60424    0.0143  19254648   4591499  22466586
   6.60408   6.60410    0.0143  19273548   4596669  22495686
   6.60394   6.60396    0.0143  19248648   4593259  22473586
   6.60381   6.60382    0.0143  19266848   4600849  22515186
   6.60367   6.60368    0.0143  19244648   4597929  22500686
   6.60353   6.60354    0.0143  19264348   4605549  22540286
   6.60339   6.60340    0.0143  19226848   4600639  22518486
   6.60325   6.60326    0.0143  19247348   4611469  22569086
   6.60311   6.60312    0.0143  19260348   4617959  22598386
   6.60297   6.60299    0.0143  19266248   4622389  22631486
   6.60283   6.60286    0.0143  19281148   4629049  22657286
   6.60269   6.60272    0.0143  19270948   4633579  22681186
   6.60256   6.60259    0.0143  19281248   4640959  22717186
   6.60242   6.60245    0.0143  19252748   4639319  22708786
   6.60228   6.60232    0.0143  19265748   4648159  22744986
   6.60214   6.60220    0.0143  19278548   4655819  22788086
   6.60200   6.60207    0.0143  19266248   4657779  22803386
   6.60186   6.60193    0.0143  19279048   4666339  22851686
   6.60172   6.60180    0.0143  19253048   4665019  22846286
   6.60158   6.60167    0.0143  19272548   4675939  22899486
   6.60144   6.60154    0.0143  19235148   4672959  22885986
   6.60131   6.60141    0.0143  19269248   4687389  22951086
   6.60117   6.60128    0.0143  19237848   4686949  22961086
   6.60103   6.60114    0.0143  19254748   4695579  22995286
   6.60089   6.60100    0.0143  19242648   4698219  23019086
   6.60075   6.60086    0.0143  19233248   4703409  23034986
   6.60061   6.60072    0.0143  19233948   4709369  23072286
   6.60047   6.60058    0.0143  19219948   4712079  23087586
   6.60033   6.60044    0.0143  19231048   4719829  23122386
   6.60019   6.60030    0.0143  19201548   4719079  23124486
   6.60006   6.60015    0.0143  19203748   4724889  23157686
   6.59992   6.60001    0.0143  19193248   4731169  23181886
   6.59978   6.59986    0.0143  19184348   4733379  23201686
   6.59964   6.59972    0.0143  19178248   4737979  23224386
   6.59950   6.59958    0.0143  19141848   4736589  23210186
   6.59936   6.59944    0.0143  19163948   4746499  23264586
   6.59922   6.59930    0.0143  19128048   4744649  23253186
   6.59908   6.59916    0.0143  19158248   4754989  23305686
   6.59894   6.59902    0.0143  19129548   4752279  23295486
   6.59881   6.59888    0.0143  19123548   4757379  23324286
   6.59867   6.59875    0.0143  19085948   4752419  23309186
   6.59853   6.59861    0.0143  19094348   4756939  23327586
   6.59839   6.59847    0.0143  19097048   4765069  23354286
   6.59825   6.59834    0.0143  19078648   4763239  23353386
   6.59811   6.59821    0.0143  19088848   4770229  23395586
   6.59797   6.59807    0.0143  19053948   4765069  23364386
   6.59783   6.59794    0.0143  19047248   4767279  23375186
   6.59769   6.59780    0.0143  19035748   4767769  23368486
   6.59756   6.59767    0.0143  19030248   4769659  23386386
   6.59742   6.59754    0.0143  19035648   4775209  23406286
   6.59728   6.59740    0.0143  19012048   4769099  23397486
   6.59714   6.59726    0.0143  19003748   4771509  23398786
   6.59700   6.59713    0.0143  18968648   4764059  23362886
   6.59686   6.59699    0.0143  18982248   4770419  23401086
   6.59672   6.59685    0.0143  18956948   4765249  23380186
   6.59658   6.59671    0.0143  18970848   4770989  23408486
   6.59644   6.59657    0.0143  18934048   4763629  23374786
   6.59631   6.59643    0.0143  18923448   4760719  23364886
   6.59617   6.59629    0.0143  18908048   4758639  23354486
   6.59603   6.59615    0.0143  18882748   4754669  23332186
   6.59589   6.59601    0.0143  18896548   4757759  23349586
   6.59575   6.59587    0.0143  18875848   4753299  23326386
   6.59561   6.59572    0.0143  18868048   4752719  23320486
   6.59547   6.59558    0.0143  18838848   4744339  23289886
   6.59533   6.59543    0.0143  18839548   4745719  23290386
   6.59519   6.59528    0.0143  18849248   4746479  23301886
   6.59506   6.59514    0.0143  18825348   4742529  23272486
   6.59492   6.59499    0.0143  18839548   4743649  23279986
   6.59478   6.59484    0.0143  18805748   4736839  23248186
   6.59464   6.59469    0.0143  18845548   4745659  23291086
   6.59450   6.59454    0.0143  18817148   4737349  23254286
   6.59436   6.59439    0.0143  18860848   4746349  23300786
   6.59422   6.59425    0.0143  18855948   4743659  23287386
   6.59408   6.59410    0.0143  18854848   4743959  23288586
   6.59394   6.59396    0.0143  18855048   4739679  23274986
   6.59381   6.59381    0.0143  18853448   4738609  23260886
   6.59367   6.59367    0.0143  18883748   4741379  23284186
   6.59353   6.59353    0.0143  18856448   4735029  23247486
   6.59339   6.59339    0.0143  18874148   4737219  23257786
   6.59325   6.59326    0.0143  18862648   4729279  23227186
   6.59311   6.59312    0.0143  18865848   4726949  23215286
   6.59297   6.59298    0.0143  18868148   4724119  23199986
   6.59283   6.59285    0.0143  18858348   4719339  23178886
   6.59269   6.59271    0.0143  18886948   4720779  23189486
   6.59256   6.59258    0.0143  18845048   4709629  23132786
   6.59242   6.59245    0.0143  18869848   4709689  23133686
   6.59228   6.59231    0.0143  18839048   4699989  23082486
   6.59214   6.59218    0.0143  18851348   4700049  23090986
   6.59200   6.59205    0.0143  18847248   4693449  23053286
   6.59186   6.59192    0.0143  18859848   4690849  23043986
   6.59172   6.59179    0.0143  18820948   4679949  22988986
   6.59158   6.59166    0.0143  18814048   4673089  22957286
   6.59144   6.59152    0.0143  18831448   4672139  22956786
   6.59131   6.59139    0.0143  18821748   4667369  22934686
   6.59117   6.59125    0.0143  18826448   4663819  22919186
   6.59103   6.59112    0.0143  18799548   4654249  22874886
   6.59089   6.59097    0.0143  18787948   4647569  22834786
   6.59075   6.59084    0.0143  18762248   4637239  22794986
   6.59061   6.59070    0.0143  18765348   4635059  22776686
   6.59047   6.59055    0.0143  18794448   4637359  22787486
   6.59033   6.59041    0.0143  18760248   4626019  22733986
   6.59019   6.59026    0.0143  18767248   4622869  22730486
   6.59006   6.59012    0.0143  18721948   4609579  22655686
   6.58992   6.58997    0.0143  18739348   4610489  22660886
   6.58978   6.58983    0.0143  18716548   4600759  22611486
   6.58964   6.58969    0.0143  18750048   4606679  22647086
   6.58950   6.58954    0.0143  18738648   4599749  22611986
   6.58936   6.58940    0.0143  18711848   4590299  22572586
   6.58922   6.58926    0.0143  18702648   4584629  22539586
   6.58908   6.58912    0.0143  18687448   4576599  22501186
   6.58894   6.58898    0.0143  18705248   4577959  22519686
   6.58881   6.58884    0.0143  18690148   4573169  22489086
   6.58867   6.58870    0.0143  18706948   4572469  22483286
   6.58853   6.58857    0.0143  18693548   4564659  22447386
   6.58839   6.58844    0.0143  18659348   4554609  22394186
   6.58825   6.58830    0.0143  18674148   4555089  22401986
   6.58811   6.58816    0.0143  18661048   4548349  22367986
   6.58797   6.58803    0.0143  18669948   4547529  22365286
   6.58783   6.58790    0.0143  18627648   4535489  22309786
   6.58769   6.58776    0.0143  18643448   4539049  22323686
   6.58756   6.58763    0.0143  18611048   4527679  22270286
   6.58742   6.58750    0.0143  18616048   4526799  22261886
   6.58728   6.58736    0.0143  18592648   4520499  22239886
   6.58714   6.58722    0.0143  18598848   4519429  22228586
   6.58700   6.58709    0.0143  18578548   4512529  22191386
   6.58686   6.58695    0.0143  18567948   4508589  22182686
   6.58672   6.58681    0.0143  18577748   4510039  22184586
   6.58658   6.58668    0.0143  18551148   4502039  22144786
   6.58644   6.58654    0.0143  18561048   4502729  22143486
   6.58631   6.58640    0.0143  18561348   4501279  22140386
   6.58617   6.58626    0.0143  18546848   4500749  22133686
   6.58603   6.58612    0.0143  18554048   4496999  22125186
   6.58589   6.58597    0.0143  18529048   4494169  22116186
   6.58575   6.58583    0.0143  18570948   4504309  22159386
   6.58561   6.58569    0.0143  18551248   4498129  22137086
   6.58547   6.58554    0.0143  18599648   4509689  22195186
   6.58533   6.58540    0.0143  18571548   4504429  22170286
   6.58519   6.58525    0.0143  18595548   4509789  22191386
   6.58506   6.58511    0.0143  18578348   4505439  22171386
   6.58492   6.58496    0.0143  18589248   4508089  22192686
   6.58478   6.58481    0.0143  18595948   4511649  22208786
   6.58464   6.58466    0.0143  18589248   4512369  22205886
   6.58450   6.58451    0.0143  18598548   4516219  22235086
   6.58436   6.58437    0.0143  18583648   4512879  22205386
   6.58422   6.58422    0.0143  18570748   4513819  22217486
   6.58408   6.58408    0.0143  18576848   4513729  22218386
   6.58394   6.58394    0.0143  18597548   4521819  22262286
   6.58381   6.58379    0.0143  18604748   4523959  22277086
   6.58367   6.58365    0.0143  18561648   4516469  22248686
   6.58353   6.58351    0.0143  18581848   4525289  22275386
   6.58339   6.58338    0.0143  18550148   4519109  22248786
   6.58325   6.58324    0.0143  18568248   4528149  22301186
   6.58311   6.58310    0.0143  18534948   4521629  22264286
   6.58297   6.58297    0.0143  18580348   4533409  22333386
   6.58283   6.58283    0.0143  18536348   4527299  22303786
   6.58269   6.58270    0.0143  18528148   4528059  22303286
   6.58256   6.58257    0.0143  18507848   4525819  22290786
   6.58242   6.58243    0.0143  18511548   4529259  22314886
   6.58228   6.58230    0.0143  18516048   4532469  22330386
   6.58214   6.58217    0.0143  18508148   4534109  22334086
   6.58200   6.58204    0.0143  18503848   4536379  22350186
   6.58186   6.58191    0.0143  18459748   4528209  22314286
   6.58172   6.58178    0.0143  18450448   4529699  22314986
   6.58158   6.58165    0.0143  18439848   4530199  22316986
   6.58144   6.58152    0.0143  18426748   4530079  22325986
   6.58131   6.58138    0.0143  18450448   4536879  22365186
   6.58117   6.58125    0.0143  18398948   4529629  22329486
   6.58103   6.58111    0.0143  18417048   4536029  22352586
   6.58089   6.58097    0.0143  18355348   4524219  22292586
   6.58075   6.58083    0.0143  18359448   4528189  22326486
   6.58061   6.58069    0.0143  18345548   4527429  22316786
   6.58047   6.58055    0.0143  18349248   4532339  22344386
   6.58033   6.58041    0.0143  18325548   4528529  22326586
   6.58019   6.58026    0.0143  18310848   4528819  22317086
   6.58006   6.58012    0.0143  18284948   4522699  22297786
   6.57992   6.57998    0.0143  18255248   4517789  22264286
   6.57978   6.57983    0.0143  18255948   4521759  22295586
   6.57964   6.57969    0.0143  18242548   4521349  22289786
   6.57950   6.57955    0.0143  18217548   4517479  22267686
   6.57936   6.57941    0.0143  18200048   4513879  22264986
   6.57922   6.57927    0.0143  18174148   4509029  22241186
   6.57908   6.57913    0.0143  18163748   4509849  22237586
   6.57894   6.57899    0.0143  18128248   4501759  22207986
   6.57881   6.57885    0.0143  18137148   4507769  22230786
   6.57867   6.57872    0.0143  18075348   4496309  22168386
   6.57853   6.57858    0.0143  18060448   4492969  22152986
   6.57839   6.57845    0.0143  18012648   4481749  22108986
   6.57825   6.57831    0.0143  18018748   4485629  22117986
   6.57811   6.57818    0.0143  17979148   4477409  22086386
   6.57797   6.57805    0.0143  17967248   4474819  22076186
   6.57783   6.57791    0.0143  17954348   4473879  22062686
   6.57769   6.57778    0.0143  17915548   4464999  22039386
   6.57756   6.57765    0.0143  17907048   4463929  22020686
   6.57742   6.57751    0.0143  17881348   4456969  21996686
   6.57728   6.57738    0.0143  17871548   4458699  21990686
   6.57714   6.57725    0.0143  17859848   4455289  21983486
   6.57700   6.57711    0.0143  17840748   4453339  21974286
   6.57686   6.57697    0.0143  17847948   4455669  21992086
   6.57672   6.57684    0.0143  17811648   4447139  21933786
   6.57658   6.57670    0.0143  17838948   4451829  21967186
   6.57644   6.57656    0.0143  17815548   4446979  21949086
   6.57631   6.57642    0.0143  17835148   4453089  21978786
   6.57617   6.57628    0.0143  17791948   4441809  21926686
   6.57603   6.57614    0.0143  17802548   4445059  21941286
   6.57589   6.57600    0.0143  17791048   4443449  21925986
   6.57575   6.57586    0.0143  17781848   4439799  21915086
   6.57561   6.57572    0.0143  17785148   4442249  21921086
   6.57547   6.57558    0.0143  17781848   4440429  21919986
   6.57533   6.57543    0.0143  17770448   4436999  21898586
   6.57519   6.57528    0.0143  17766848   4434189  21896386
   6.57506   6.57514    0.0143  17779148   4438659  21916786
   6.57492   6.57499    0.0143  17782248   4438849  21916686
   6.57478   6.57484    0.0143  17783548   4436269  21903886
   6.57464   6.57470    0.0143  17782648   4439169  21912786
   6.57450   6.57455    0.0143  17768248   4433529  21889686
   6.57436   6.57440    0.0143  17795148   4440049  21927286
   6.57422   6.57426    0.0143  17775748   4433749  21898286
   6.57408   6.57411    0.0143  17813548   4443259  21942186
   6.57394   6.57397    0.0143  17779648   4435259  21902286
   6.57381   6.57383    0.0143  17808048   4439769  21925286
   6.57367   6.57369    0.0143  17795548   4436459  21915886
   6.57353   6.57355    0.0143  17814148   4439989  21925286
   6.57339   6.57341    0.0143  17807548   4437969  21919186
   6.57325   6.57327    0.0143  17816148   4438909  21930386
   6.57311   6.57314    0.0143  17829548   4442479  21947286
   6.57297   6.57300    0.0143  17813148   4436649  21920186
   6.57283   6.57287    0.0143  17831948   4442249  21943486
   6.57269   6.57273    0.0143  17836548   4441559  21945086
   6.57256   6.57260    0.0143  17840048   4442319  21944386
   6.57242   6.57247    0.0143  17846548   4441619  21933886
   6.57228   6.57234    0.0143  17827348   4437249  21924986
   6.57214   6.57221    0.0143  17858248   4444019  21963786
   6.57200   6.57208    0.0143  17839148   4437589  21932586
   6.57186   6.57194    0.0143  17892748   4449499  21988586
   6.57172   6.57181    0.0143  17870148   4444649  21968386
   6.57158   6.57168    0.0143  17874148   4444619  21968086
   6.57144   6.57155    0.0143  17860348   4439039  21935386
   6.57131   6.57141    0.0143  17874248   4441999  21950486
   6.57117   6.57128    0.0143  17891148   4443829  21966486
   6.57103   6.57115    0.0143  17885248   4443319  21959086
   6.57089   6.57101    0.0143  17901248   4445999  21981086
   6.57075   6.57087    0.0143  17890348   4443259  21965986
   6.57061   6.57073    0.0143  17888248   4440619  21955086
   6.57047   6.57058    0.0143  17885648   4439289  21951686
   6.57033   6.57044    0.0143  17890448   4441369  21963286
   6.57019   6.57030    0.0143  17901748   4440779  21958486
   6.57006   6.57015    0.0143  17892748   4438729  21941886
   6.56992   6.57001    0.0143  17912948   4440989  21968986
   6.56978   6.56986    0.0143  17878948   4435389  21940486
   6.56964   6.56972    0.0143  17907648   4440799  21963686
   6.56950   6.56957    0.0143  17888148   4434319  21937586
   6.56936   6.56943    0.0143  17900248   4439389  21957786
   6.56922   6.56929    0.0143  17876148   4431669  21913586
   6.56908   6.56915    0.0143  17901348   4436519  21942686
   6.56894   6.56901    0.0143  17914348   4437279  21957786
   6.56881   6.56887    0.0143  17909448   4439539  21958186
   6.56867   6.56873    0.0143  17914248   4439259  21959886
   6.56853   6.56860    0.0143  17910248   4437589  21957786
   6.56839   6.56846    0.0143  17930648   4443259  21983086
   6.56825   6.56833    0.0143  17930248   4441249  21976686
   6.56811   6.56819    0.0143  17967448   4452589  22035086
   6.56797   6.56806    0.0143  18002948   4458729  22064286
   6.56783   6.56792    0.0143  17985848   4454479  22046486
   6.56769   6.56779    0.0143  18003348   4458949  22069986
   6.56756   6.56765    0.0143  17989448   4455479  22048786
   6.56742   6.56752    0.0143  18041848   4466569  22101286
   6.56728   6.56738    0.0143  18021148   4461379  22082486
   6.56714   6.56725    0.0143  18067348   4474259  22140486
   6.56700   6.56711    0.0143  18057148   4470229  22124986
   6.56686   6.56697    0.0143  18048548   4469599  22121686
   6.56672   6.56684    0.0143  18055348   4470539  22127086
   6.56658   6.56670    0.0143  18068948   4472619  22152786
   6.56644   6.56656    0.0143  18093048   4477439  22170086
   6.56631   6.56642    0.0143  18092448   4477339  22165386
   6.56617   6.56628    0.0143  18099748   4481569  22173186
   6.56603   6.56614    0.0143  18091048   4478539  22170886
   6.56589   6.56599    0.0143  18090948   4477089  22182286
   6.56575   6.56585    0.0143  18116048   4484239  22206586
   6.56561   6.56571    0.0143  18121348   4486229  22218386
   6.56547   6.56557    0.0143  18135648   4488999  22227286
   6.56533   6.56542    0.0143  18109248   4482889  22200286
   6.56519   6.56527    0.0143  18137548   4489879  22249686
   6.56506   6.56513    0.0143  18106348   4483489  22199786
   6.56492   6.56498    0.0143  18145548   4493539  22253686
   6.56478   6.56483    0.0143  18140248   4493599  22250186
   6.56464   6.56469    0.0143  18155148   4496999  22275386
   6.56450   6.56454    0.0143  18134148   4490759  22249986
   6.56436   6.56439    0.0143  18130348   4493879  22250486
   6.56422   6.56424    0.0143  18152848   4498199  22288186
   6.56408   6.56410    0.0143  18135848   4495549  22281486
   6.56394   6.56396    0.0143  18154848   4502799  22303486
   6.56381   6.56381    0.0143  18151748   4503799  22315186
   6.56367   6.56367    0.0143  18153948   4503799  22316986
   6.56353   6.56353    0.0143  18146148   4500749  22312686
   6.56339   6.56339    0.0143  18144848   4503869  22322786
   6.56325   6.56325    0.0143  18176648   4512439  22354586
   6.56311   6.56312    0.0143  18147848   4504749  22326786
   6.56297   6.56298    0.0143  18167648   4514199  22373386
   6.56283   6.56284    0.0143  18138348   4507869  22341386
   6.56269   6.56271    0.0143  18162448   4515019  22386486
   6.56256   6.56258    0.0143  18139448   4510669  22354186
   6.56242   6.56244    0.0143  18178748   4521129  22402586
   6.56228   6.56231    0.0143  18168248   4518229  22406186
   6.56214   6.56218    0.0143  18159148   4516999  22399286
   6.56200   6.56205    0.0143  18160748   4518739  22401186
   6.56186   6.56192    0.0143  18142648   4518109  22389186
   6.56172   6.56178    0.0143  18154148   4521509  22418286
   6.56158   6.56165    0.0143  18151648   4522699  22422786
   6.56144   6.56152    0.0143  18160948   4527619  22458586
   6.56131   6.56139    0.0143  18148348   4522169  22419986
   6.56117   6.56125    0.0143  18121848   4519489  22413786
   6.56103   6.56112    0.0143  18132348   4524589  22435886
   6.56089   6.56098    0.0143  18130748   4523209  22434586
   6.56075   6.56083    0.0143  18141148   4528439  22453586
   6.56061   6.56069    0.0143  18112648   4524059  22433786
   6.56047   6.56055    0.0143  18130448   4530959  22467986
   6.56033   6.56041    0.0143  18085448   4519999  22425886
   6.56019   6.56026    0.0143  18110648   4526799  22451886
   6.56006   6.56012    0.0143  18106948   4527809  22455786
   6.55992   6.55997    0.0143  18118848   4531739  22481686
   6.55978   6.55983    0.0143  18108148   4532149  22479386
   6.55964   6.55969    0.0143  18108048   4532909  22486986
   6.55950   6.55954    0.0143  18119548   4539399  22520686
   6.55936   6.55940    0.0143  18120548   4537949  22512186
   6.55922   6.55926    0.0143  18131948   4545409  22551086
   6.55908   6.55912    0.0143  18147648   4550799  22573486
   6.55894   6.55898    0.0143  18144148   4550489  22581886
   6.55881   6.55884    0.0143  18154048   4554519  22602586
   6.55867   6.55871    0.0143  18141148   4552939  22587886
   6.55853   6.55857    0.0143  18157348   4559839  22627886
   6.55839   6.55843    0.0143  18123648   4552569  22592786
   6.55825   6.55830    0.0143  18162948   4563969  22656986
   6.55811   6.55816    0.0143  18142448   4559869  22640286
   6.55797   6.55803    0.0143  18149548   4563589  22654786
   6.55783   6.55790    0.0143  18140748   4562079  22650986
   6.55769   6.55776    0.0143  18143848   4565319  22663686
   6.55756   6.55763    0.0143  18139048   4565359  22666286
   6.55742   6.55750    0.0143  18126648   4563779  22660386
   6.55728   6.55736    0.0143  18135648   4567689  22678386
   6.55714   6.55723    0.0143  18126848   4566739  22675486
   6.55700   6.55709    0.0143  18110348   4566139  22678786
   6.55686   6.55695    0.0143  18112848   4565359  22681686
   6.55672   6.55681    0.0143  18112348   4568379  22686586
   6.55658   6.55667    0.0143  18115448   4569829  22693086
   6.55644   6.55653    0.0143  18093948   4566869  22682486
   6.55631   6.55639    0.0143  18111348   4572689  22716086
   6.55617   6.55625    0.0143  18071448   4564469  22671086
   6.55603   6.55612    0.0143  18090448   4569009  22691386
   6.55589   6.55598    0.0143  18067648   4567559  22688486
   6.55575   6.55583    0.0143  18090248   4574809  22725786
   6.55561   6.55569    0.0143  18055848   4568219  22689786
   6.55547   6.55555    0.0143  18057848   4570269  22702686
   6.55533   6.55540    0.0143  18045948   4567939  22702486
   6.55519   6.55525    0.0143  18026948   4564849  22688286
   6.55506   6.55511    0.0143  18042948   4571339  22712486
   6.55492   6.55496    0.0143  18036048   4570399  22714486
   6.55478   6.55481    0.0143  18046448   4574769  22728986
   6.55464   6.55467    0.0143  18019048   4570019  22708786
   6.55450   6.55452    0.0143  18008048   4570769  22716786
   6.55436   6.55437    0.0143  18009148   4571719  22721686
   6.55422   6.55423    0.0143  17981748   4567689  22694286
   6.55408   6.55408    0.0143  18012948   4576779  22742086
   6.55394   6.55394    0.0143  17988448   4571209  22731686
   6.55381   6.55380    0.0143  18002148   4575689  22753986
   6.55367   6.55366    0.0143  17952448   4566799  22703286
   6.55353   6.55352    0.0143  17979048   4572979  22731086
   6.55339   6.55338    0.0143  17954948   4569669  22715486
   6.55325   6.55324    0.0143  17953548   4570649  22717886
   6.55311   6.55310    0.0143  17947248   4570579  22719286
   6.55297   6.55297    0.0143  17938148   4568439  22719986
   6.55283   6.55283    0.0143  17921848   4565479  22703386
   6.55269   6.55270    0.0143  17908848   4563589  22692586
   6.55256   6.55257    0.0143  17910348   4564119  22698986
   6.55242   6.55244    0.0143  17896248   4560059  22683386
   6.55228   6.55230    0.0143  17876348   4555459  22659186
   6.55214   6.55217    0.0143  17864448   4554709  22647786
   6.55200   6.55204    0.0143  17846348   4550359  22630286
   6.55186   6.55191    0.0143  17841148   4549509  22633986
   6.55172   6.55178    0.0143  17835448   4547089  22615786
   6.55158   6.55165    0.0143  17856748   4552819  22648086
   6.55144   6.55152    0.0143  17802648   4539019  22572586
   6.55131   6.55138    0.0143  17804848   4538449  22573186
   6.55117   6.55125    0.0143  17782248   4531359  22539086
   6.55103   6.55111    0.0143  17811348   4539459  22584586
   6.55089   6.55098    0.0143  17799448   4536819  22573186
   6.55075   6.55084    0.0143  17811448   4538959  22589686
   6.55061   6.55069    0.0143  17809948   4539019  22574586
   6.55047   6.55055    0.0143  17780548   4530419  22541386
   6.55033   6.55041    0.0143  17805748   4535369  22567786
   6.55019   6.55027    0.0143  17812148   4535679  22573986
   6.55006   6.55012    0.0143  17815548   4538269  22583586
   6.54992   6.54998    0.0143  17805748   4535119  22574486
   6.54978   6.54983    0.0143  17793348   4529819  22538786
   6.54964   6.54969    0.0143  17801648   4529789  22549286
   6.54950   6.54955    0.0143  17778848   4524149  22518386
   6.54936   6.54941    0.0143  17820148   4533349  22561186
   6.54922   6.54927    0.0143  17790048   4525669  22523486
   6.54908   6.54913    0.0143  17788348   4523899  22525686
   6.54894   6.54899    0.0143  17748048   4513279  22466186
   6.54881   6.54885    0.0143  17760148   4516219  22478886
   6.54867   6.54872    0.0143  17758748   4514329  22480386
   6.54853   6.54858    0.0143  17761148   4513069  22476086
   6.54839   6.54845    0.0143  17774248   4515839  22492686
   6.54825   6.54832    0.0143  17732548   4506539  22437186
   6.54811   6.54818    0.0143  17717548   4501979  22410786
   6.54797   6.54805    0.0143  17705448   4497629  22395786
   6.54783   6.54792    0.0143  17730248   4501029  22407886
   6.54769   6.54778    0.0143  17718748   4499079  22404486
   6.54756   6.54765    0.0143  17690448   4490669  22363886
   6.54742   6.54752    0.0143  17696848   4492209  22359286
   6.54728   6.54738    0.0143  17666948   4482319  22323486
   6.54714   6.54725    0.0143  17673048   4483709  22325986
   6.54700   6.54711    0.0143  17654448   4476899  22293786
   6.54686   6.54698    0.0143  17692148   4484679  22334486
   6.54672   6.54684    0.0143  17635448   4470229  22268986
   6.54658   6.54670    0.0143  17650148   4471929  22278986
   6.54644   6.54656    0.0143  17626248   4465689  22242586
   6.54631   6.54642    0.0143  17627648   4464559  22242186
   6.54617   6.54629    0.0143  17633048   4464369  22239086
   6.54603   6.54615    0.0143  17624248   4461059  22222686
   6.54589   6.54601    0.0143  17623248   4461529  22226186
   6.54575   6.54586    0.0143  17588948   4450629  22178486
   6.54561   6.54572    0.0143  17591448   4450629  22169886
   6.54547   6.54558    0.0143  17598948   4451139  22177886
   6.54533   6.54544    0.0143  17589148   4447579  22160986
   6.54519   6.54529    0.0143  17590348   4448179  22175286
   6.54506   6.54514    0.0143  17560648   4439229  22123986
   6.54492   6.54500    0.0143  17579448   4442129  22136086
   6.54478   6.54485    0.0143  17521148   4425679  22061286
   6.54464   6.54470    0.0143  17565548   4436929  22107086
   6.54450   6.54456    0.0143  17540948   4431169  22080786
   6.54436   6.54441    0.0143  17545348   4431419  22089086
   6.54422   6.54427    0.0143  17524448   4423859  22049886
   6.54408   6.54412    0.0143  17512148   4419759  22033386
   6.54394   6.54398    0.0143  17494148   4413649  21992886
   6.54381   6.54384    0.0143  17484648   4411099  21995286
   6.54367   6.54370    0.0143  17501348   4415099  22003586
   6.54353   6.54355    0.0143  17491248   4411189  21985586
   6.54339   6.54341    0.0143  17468348   4406529  21959386
   6.54325   6.54328    0.0143  17440448   4400799  21936886
   6.54311   6.54314    0.0143  17437248   4396929  21925286
   6.54297   6.54301    0.0143  17435348   4396829  21925986
   6.54283   6.54287    0.0143  17426848   4392549  21901486
   6.54269   6.54274    0.0143  17457648   4401179  21944586
   6.54256   6.54261    0.0143  17405048   4388259  21885286
   6.54242   6.54247    0.0143  17416048   4390439  21894486
   6.54228   6.54234    0.0143  17382248   4381899  21853786
   6.54214   6.54221    0.0143  17425948   4394309  21914586
   6.54200   6.54208    0.0143  17413948   4389769  21895386
   6.54186   6.54194    0.0143  17435348   4394689  21923786
   6.54172   6.54181    0.0143  17433948   4396239  21925486
   6.54158   6.54168    0.0143  17415848   4390589  21905486
   6.54144   6.54155    0.0143  17425848   4393369  21915786
   6.54131   6.54141    0.0143  17424248   4395129  21918486
   6.54117   6.54128    0.0143  17447648   4400739  21953286
   6.54103   6.54114    0.0143  17440248   4399159  21948486
   6.54089   6.54100    0.0143  17425548   4395539  21939686
   6.54075   6.54086    0.0143  17435848   4398339  21946586
   6.54061   6.54072    0.0143  17398248   4391539  21903186
   6.54047   6.54058    0.0143  17440448   4400479  21964286
   6.54033   6.54043    0.0143  17414048   4398339  21947686
   6.54019   6.54029    0.0143  17435348   4402409  21966386
   6.54006   6.54014    0.0143  17393848   4391479  21921386
   6.53992   6.54000    0.0143  17407248   4397649  21951686
   6.53978   6.53985    0.0143  17390048   4393619  21932586
   6.53964   6.53971    0.0143  17396248   4395379  21947486
   6.53950   6.53956    0.0143  17393448   4395989  21943986
   6.53936   6.53942    0.0143  17384648   4394309  21936886
   6.53922   6.53928    0.0143  17369148   4390719  21922486
   6.53908   6.53914    0.0143  17349048   4387569  21903386
   6.53894   6.53900    0.0143  17356348   4391219  21921886
   6.53881   6.53886    0.0143  17345448   4389689  21909686
   6.53867   6.53873    0.0143  17329948   4385549  21898386
   6.53853   6.53859    0.0143  17331248   4385929  21895986
   6.53839   6.53845    0.0143  17307848   4380449  21874586
   6.53825   6.53832    0.0143  17307248   4382339  21881086
   6.53811   6.53819    0.0143  17290148   4378249  21870186
   6.53797   6.53805    0.0143  17311148   4385339  21899686
   6.53783   6.53792    0.0143  17256448   4373519  21842186
   6.53769   6.53779    0.0143  17271948   4377549  21868186
   6.53756   6.53765    0.0143  17234448   4368609  21826486
   6.53742   6.53752    0.0143  17258148   4375729  21852286
   6.53728   6.53738    0.0143  17242848   4371799  21836286
   6.53714   6.53725    0.0143  17236748   4372509  21835286
   6.53700   6.53711    0.0143  17233948   4372639  21839186
   6.53686   6.53698    0.0143  17199848   4362369  21795586
   6.53672   6.53684    0.0143  17202948   4366149  21810986
   6.53658   6.53670    0.0143  17199748   4365429  21813986
   6.53644   6.53656    0.0143  17203448   4367159  21813786
   6.53631   6.53642    0.0143  17200448   4367159  21818886
   6.53617   6.53628    0.0143  17168048   4360979  21791486
   6.53603   6.53614    0.0143  17184948   4363379  21810986
   6.53589   6.53599    0.0143  17138348   4353969  21757086
   6.53575   6.53585    0.0143  17170548   4362309  21804386
   6.53561   6.53571    0.0143  17148148   4357079  21772686
   6.53547   6.53556    0.0143  17153348   4360289  21795586
   6.53533   6.53542    0.0143  17109048   4350209  21747386
   6.53519   6.53527    0.0143  17130248   4354999  21764086
   6.53506   6.53513    0.0143  17115948   4351829  21755286
   6.53492   6.53498    0.0143  17107148   4348699  21746286
   6.53478   6.53483    0.0143  17104348   4349959  21741086
   6.53464   6.53468    0.0143  17078348   4345109  21724686
   6.53450   6.53454    0.0143  17065148   4343089  21709686
   6.53436   6.53439    0.0143  17066548   4341119  21703686
   6.53422   6.53424    0.0143  17065748   4342899  21716786
   6.53408   6.53410    0.0143  17058848   4339999  21705486
   6.53394   6.53395    0.0143  17045748   4338999  21685186
   6.53381   6.53381    0.0143  17049348   4341449  21704286
   6.53367   6.53367    0.0143  17022948   4335569  21675886
   6.53353   6.53353    0.0143  17037248   4338679  21698486
   6.53339   6.53339    0.0143  17020148   4335719  21685886
   6.53325   6.53325    0.0143  17071948   4347819  21751986
   6.53311   6.53311    0.0143  17031548   4338809  21698086
   6.53297   6.53298    0.0143  17060948   4343069  21729386
   6.53283   6.53284    0.0143  17058148   4345299  21740086
   6.53269   6.53271    0.0143  17060048   4345229  21736986
   6.53256   6.53257    0.0143  17062048   4345169  21730186
   6.53242   6.53244    0.0143  17063348   4346299  21732386
   6.53228   6.53231    0.0143  17074348   4349329  21754686
   6.53214   6.53218    0.0143  17061648   4344519  21731386
   6.53200   6.53204    0.0143  17065848   4348319  21757186
   6.53186   6.53191    0.0143  17079948   4349579  21759586
   6.53172   6.53178    0.0143  17054348   4343279  21730186
   6.53158   6.53165    0.0143  17070248   4347499  21753386
   6.53144   6.53152    0.0143  17046748   4343009  21736286
   6.53131   6.53138    0.0143  17075748   4349329  21759986
   6.53117   6.53125    0.0143  17032048   4340569  21720786
   6.53103   6.53111    0.0143  17063448   4346489  21755486
   6.53089   6.53097    0.0143  17038348   4341519  21728086
   6.53075   6.53083    0.0143  17043648   4343009  21726286
   6.53061   6.53069    0.0143  17025448   4339689  21723586
   6.53047   6.53055    0.0143  17030048   4339879  21722686
   6.53033   6.53040    0.0143  17001048   4333329  21691986
   6.53019   6.53026    0.0143  17010848   4334399  21692686
   6.53006   6.53011    0.0143  17020348   4336959  21710786
   6.52992   6.52997    0.0143  17004048   4335339  21706286
   6.52978   6.52983    0.0143  16979248   4327589  21671286
   6.52964   6.52969    0.0143  16971748   4324509  21657386
   6.52950   6.52954    0.0143  16968648   4326519  21665286
   6.52936   6.52940    0.0143  16966148   4324819  21655286
   6.52922   6.52926    0.0143  16958748   4323099  21651886
   6.52908   6.52912    0.0143  16979548   4328849  21681386
   6.52894   6.52898    0.0143  16919948   4315309  21617186
   6.52881   6.52885    0.0143  16940448   4319969  21632986
   6.52867   6.52871    0.0143  16913348   4314109  21598486
   6.52853   6.52857    0.0143  16938248   4320709  21638786
   6.52839   6.52844    0.0143  16906648   4313729  21600086
   6.52825   6.52831    0.0143  16912548   4316689  21623086
   6.52811   6.52817    0.0143  16907648   4316439  21615086
   6.52797   6.52804    0.0143  16881548   4309449  21590886
   6.52783   6.52791    0.0143  16886948   4311629  21606186
   6.52769   6.52777    0.0143  16880248   4309889  21590886
   6.52756   6.52764    0.0143  16881948   4312979  21607586
   6.52742   6.52751    0.0143  16875348   4311339  21582286
   6.52728   6.52737    0.0143  16857948   4306989  21591886
   6.52714   6.52724    0.0143  16864848   4309809  21588386
   6.52700   6.52710    0.0143  16830148   4302519  21559786
   6.52686   6.52697    0.0143  16864248   4311399  21605286
   6.52672   6.52683    0.0143  16834548   4307309  21580186
   6.52658   6.52669    0.0143  16842148   4308949  21592186
   6.52644   6.52655    0.0143  16791248   4298549  21538986
   6.52631   6.52641    0.0143  16823748   4306529  21583286
   6.52617   6.52627    0.0143  16794648   4301259  21565886
   6.52603   6.52613    0.0143  16803548   4301949  21570886
   6.52589   6.52599    0.0143  16780648   4301319  21557986
   6.52575   6.52585    0.0143  16779948   4300249  21555786
   6.52561   6.52571    0.0143  16759748   4297519  21534586
   6.52547   6.52557    0.0143  16762848   4297419  21535086
   6.52533   6.52542    0.0143  16772148   4301639  21567086
   6.52519   6.52528    0.0143  16746148   4296279  21543386
   6.52506   6.52513    0.0143  16734148   4294459  21535686
   6.52492   6.52498    0.0143  16738648   4296389  21532086
   6.52478   6.52483    0.0143  16725648   4295089  21525786
   6.52464   6.52469    0.0143  16747548   4301389  21567886
   6.52450   6.52454    0.0143  16727448   4297609  21553486
   6.52436   6.52439    0.0143  16780648   4310329  21614886
   6.52422   6.52425    0.0143  16729648   4299219  21563586
   6.52408   6.52411    0.0143  16760748   4306799  21600886
   6.52394   6.52396    0.0143  16754448   4307239  21597486
   6.52381   6.52382    0.0143  16779848   4314299  21640986
   6.52367   6.52368    0.0143  16761448   4310209  21626986
   6.52353   6.52354    0.0143  16767948   4312409  21627586
   6.52339   6.52340    0.0143  16765248   4314279  21641986
   6.52325   6.52326    0.0143  16752548   4310269  21622086
   6.52311   6.52313    0.0143  16775248   4316949  21658786
   6.52297   6.52299    0.0143  16782548   4318839  21666686
   6.52283   6.52286    0.0143  16766848   4314679  21654586
   6.52269   6.52272    0.0143  16767248   4314969  21650686
   6.52256   6.52259    0.0143  16754348   4312029  21638586
   6.52242   6.52246    0.0143  16774148   4319719  21679186
   6.52228   6.52233    0.0143  16744748   4313229  21648786
   6.52214   6.52219    0.0143  16789048   4323749  21708186
   6.52200   6.52206    0.0143  16751748   4315349  21656386
   6.52186   6.52193    0.0143  16758448   4316949  21662586
   6.52172   6.52180    0.0143  16725048   4309199  21627386
   6.52158   6.52167    0.0143  16768548   4320159  21685886
   6.52144   6.52154    0.0143  16739248   4313359  21652186
   6.52131   6.52141    0.0143  16733648   4313229  21650286
   6.52117   6.52127    0.0143  16747548   4315539  21664886
   6.52103   6.52114    0.0143  16739948   4314619  21661186
   6.52089   6.52100    0.0143  16725448   4312219  21650286
   6.52075   6.52086    0.0143  16735548   4313799  21649186
   6.52061   6.52072    0.0143  16737948   4315059  21663086
   6.52047   6.52058    0.0143  16721548   4311889  21641986
   6.52033   6.52043    0.0143  16705548   4308189  21629686
   6.52019   6.52029    0.0143  16729048   4313799  21660086
   6.52006   6.52014    0.0143  16707148   4308439  21642486
   6.51992   6.52000    0.0143  16727548   4315119  21657386
   6.51978   6.51986    0.0143  16692848   4306529  21625686
   6.51964   6.51972    0.0143  16731848   4316629  21672786
   6.51950   6.51957    0.0143  16692648   4305859  21627386
   6.51936   6.51943    0.0143  16712248   4313229  21663386
   6.51922   6.51929    0.0143  16706648   4310389  21654186
   6.51908   6.51915    0.0143  16700748   4310189  21646786
   6.51894   6.51902    0.0143  16701148   4310139  21642786
   6.51881   6.51888    0.0143  16698848   4310579  21646186
   6.51867   6.51874    0.0143  16703848   4311279  21659686
   6.51853   6.51860    0.0143  16679548   4306489  21623686
   6.51839   6.51847    0.0143  16688048   4308439  21649986
   6.51825   6.51834    0.0143  16696148   4310819  21659586
   6.51811   6.51821    0.0143  16685748   4305609  21630486
   6.51797   6.51807    0.0143  16699248   4309639  21655786
   6.51783   6.51794    0.0143  16678848   4306169  21635486
   6.51769   6.51780    0.0143  16686348   4307059  21643686
   6.51756   6.51767    0.0143  16640248   4295509  21592986
   6.51742   6.51754    0.0143  16674348   4304849  21628886
   6.51728   6.51740    0.0143  16646948   4297609  21596186
   6.51714   6.51727    0.0143  16654248   4299749  21609586
   6.51700   6.51713    0.0143  16634448   4294199  21586886
   6.51686   6.51700    0.0143  16648748   4296829  21598486
   6.51672   6.51686    0.0143  16628248   4290989  21570086
   6.51658   6.51672    0.0143  16627448   4291809  21574686
   6.51644   6.51658    0.0143  16631548   4293699  21582386
   6.51631   6.51644    0.0143  16622448   4290419  21569686
   6.51617   6.51630    0.0143  16616548   4291159  21573986
   6.51603   6.51616    0.0143  16625748   4290359  21572986
   6.51589   6.51602    0.0143  16620248   4292249  21573486
   6.51575   6.51588    0.0143  16627548   4290799  21573486
   6.51561   6.51574    0.0143  16609348   4289289  21563086
   6.51547   6.51560    0.0143  16650148   4297329  21615286
   6.51533   6.51545    0.0143  16617848   4291049  21575086
   6.51519   6.51531    0.0143  16672248   4301889  21632286
   6.51506   6.51516    0.0143  16641148   4296409  21601986
   6.51492   6.51501    0.0143  16671348   4302459  21637086
   6.51478   6.51486    0.0143  16635548   4292059  21592486
   6.51464   6.51472    0.0143  16647248   4299349  21619186
   6.51450   6.51457    0.0143  16659148   4299679  21624586
   6.51436   6.51442    0.0143  16662748   4299049  21620686
   6.51422   6.51428    0.0143  16667948   4302519  21632586
   6.51408   6.51413    0.0143  16650548   4297859  21623386
   6.51394   6.51399    0.0143  16644248   4295509  21606786
   6.51381   6.51384    0.0143  16647848   4294769  21597886
   6.51367   6.51370    0.0143  16660148   4298489  21632086
   6.51353   6.51356    0.0143  16671248   4303019  21643386
   6.51339   6.51342    0.0143  16650648   4296159  21612886
   6.51325   6.51328    0.0143  16670848   4300669  21635886
   6.51311   6.51314    0.0143  16636448   4293259  21603286
   6.51297   6.51301    0.0143  16646048   4296219  21617786
   6.51283   6.51287    0.0143  16624948   4290739  21592386
   6.51269   6.51273    0.0143  16672548   4300879  21646386
   6.51256   6.51260    0.0143  16629548   4290739  21591886
   6.51242   6.51247    0.0143  16637848   4293739  21610486
   6.51228   6.51233    0.0143  16616748   4287779  21579686
   6.51214   6.51220    0.0143  16629148   4291309  21603286
   6.51200   6.51207    0.0143  16622248   4290549  21593986
   6.51186   6.51194    0.0143  16625548   4289789  21600186
   6.51172   6.51181    0.0143  16635648   4292229  21606586
   6.51158   6.51167    0.0143  16611248   4285069  21578986
   6.51144   6.51154    0.0143  16600048   4284879  21570786
   6.51131   6.51141    0.0143  16605948   4284939  21571686
   6.51117   6.51127    0.0143  16593748   4281479  21554586
   6.51103   6.51113    0.0143  16618448   4287249  21582386
   6.51089   6.51100    0.0143  16582748   4281099  21563386
   6.51075   6.51086    0.0143  16616548   4288159  21594986
   6.51061   6.51071    0.0143  16550048   4272149  21518586
   6.51047   6.51057    0.0143  16600148   4285819  21584786
   6.51033   6.51043    0.0143  16581148   4280069  21557786
   6.51019   6.51028    0.0143  16598348   4283809  21575086
   6.51006   6.51014    0.0143  16567648   4278009  21546286
   6.50992   6.50999    0.0143  16569748   4277129  21542486
   6.50978   6.50985    0.0143  16572948   4278329  21549586
   6.50964   6.50970    0.0143  16551948   4272149  21521786
   6.50950   6.50956    0.0143  16563848   4277739  21541086
   6.50936   6.50942    0.0143  16568848   4276059  21545586
   6.50922   6.50928    0.0143  16541748   4272969  21530386
   6.50908   6.50914    0.0143  16535648   4270579  21512186
   6.50894   6.50900    0.0143  16532548   4269819  21510386
   6.50881   6.50886    0.0143  16538048   4272949  21527586
   6.50867   6.50872    0.0143  16515648   4266739  21499486
   6.50853   6.50859    0.0143  16537648   4274609  21531386
   6.50839   6.50845    0.0143  16496848   4260179  21467386
   6.50825   6.50832    0.0143  16508748   4264779  21493586
   6.50811   6.50818    0.0143  16469348   4255879  21459186
   6.50797   6.50805    0.0143  16500048   4264659  21508586
   6.50783   6.50792    0.0143  16470848   4257599  21459786
   6.50769   6.50778    0.0143  16487948   4261879  21484586
   6.50756   6.50765    0.0143  16486148   4261129  21475586
   6.50742   6.50751    0.0143  16471148   4258019  21463486
   6.50728   6.50738    0.0143  16467048   4258919  21464186
   6.50714   6.50724    0.0143  16478948   4260939  21475286
   6.50700   6.50710    0.0143  16491748   4265849  21508486
   6.50686   6.50697    0.0143  16488848   4265289  21504886
   6.50672   6.50683    0.0143  16506848   4269129  21530286
   6.50658   6.50669    0.0143  16515248   4272829  21533886
   6.50644   6.50655    0.0143  16494248   4267739  21512686
   6.50631   6.50641    0.0143  16524748   4275619  21560886
   6.50617   6.50627    0.0143  16511848   4272659  21538286
   6.50603   6.50613    0.0143  16553348   4282929  21600586
   6.50589   6.50599    0.0143  16510048   4273709  21549786
   6.50575   6.50585    0.0143  16545048   4283049  21599786
   6.50561   6.50571    0.0143  16536648   4281229  21594486
   6.50547   6.50556    0.0143  16536948   4280969  21592686
   6.50533   6.50542    0.0143  16546548   4284499  21605286
   6.50519   6.50527    0.0143  16545448   4283849  21598986
   6.50506   6.50512    0.0143  16536548   4283679  21602386
   6.50492   6.50498    0.0143  16532448   4281479  21596986
   6.50478   6.50483    0.0143  16552648   4286899  21615086
   6.50464   6.50468    0.0143  16545748   4287019  21625886
   6.50450   6.50453    0.0143  16535548   4284039  21609786
   6.50436   6.50438    0.0143  16554048   4290109  21642286
   6.50422   6.50424    0.0143  16536848   4285889  21620886
   6.50408   6.50409    0.0143  16545748   4288159  21641186
   6.50394   6.50395    0.0143  16521848   4282419  21612186
   6.50381   6.50381    0.0143  16553748   4290109  21642086
   6.50367   6.50367    0.0143  16524148   4281709  21612386
   6.50353   6.50353    0.0143  16540648   4286899  21633286
   6.50339   6.50339    0.0143  16525248   4282929  21617586
   6.50325   6.50325    0.0143  16539948   4288659  21645086
   6.50311   6.50311    0.0143  16505848   4279779  21598886
   6.50297   6.50298    0.0143  16513248   4283289  21619186
   6.50283   6.50284    0.0143  16533948   4288409  21648386
   6.50269   6.50271    0.0143  16513248   4283239  21622786
   6.50256   6.50257    0.0143  16514948   4283559  21620586
   6.50242   6.50244    0.0143  16504648   4280409  21605486
   6.50228   6.50231    0.0143  16506448   4283159  21623986
   6.50214   6.50218    0.0143  16509048   4283299  21622686
   6.50200   6.50205    0.0143  16493248   4279269  21604486
   6.50186   6.50191    0.0143  16512148   4284499  21631586
   6.50172   6.50178    0.0143  16478648   4276629  21595486
   6.50158   6.50165    0.0143  16512048   4285509  21641086
   6.50144   6.50152    0.0143  16482948   4278119  21610386
   6.50131   6.50139    0.0143  16507948   4285949  21655486
   6.50117   6.50125    0.0143  16460048   4273099  21578086
   6.50103   6.50111    0.0143  16495648   4283679  21633386
   6.50089   6.50097    0.0143  16469748   4277819  21611586
   6.50075   6.50084    0.0143  16475248   4278059  21610386
   6.50061   6.50069    0.0143  16465348   4277319  21605486
   6.50047   6.50055    0.0143  16446748   4274479  21591586
   6.50033   6.50041    0.0143  16445848   4272529  21579986
   6.50019   6.50026    0.0143  16442548   4271709  21577586
   6.50006   6.50012    0.0143  16444948   4274839  21599486
   6.49992   6.49997    0.0143  16445248   4275179  21591686
   6.49978   6.49983    0.0143  16420248   4268749  21568886
   6.49964   6.49969    0.0143  16417348   4269319  21576386
   6.49950   6.49955    0.0143  16396648   4266359  21548486
   6.49936   6.49940    0.0143  16412448   4268919  21565586
   6.49922   6.49926    0.0143  16390748   4264969  21548386
   6.49908   6.49912    0.0143  16434048   4276189  21608286
   6.49894   6.49899    0.0143  16369148   4259929  21526386
   6.49881   6.49885    0.0143  16401348   4268559  21571286
   6.49867   6.49871    0.0143  16366848   4261619  21535086
   6.49853   6.49858    0.0143  16402848   4270199  21588186
   6.49839   6.49844    0.0143  16406448   4270639  21585586
   6.49825   6.49831    0.0143  16415348   4274359  21610586
   6.49811   6.49818    0.0143  16423448   4276999  21613186
   6.49797   6.49804    0.0143  16414948   4275109  21605386
   6.49783   6.49791    0.0143  16421048   4280579  21641886
   6.49769   6.49777    0.0143  16440348   4285379  21668486
   6.49756   6.49764    0.0143  16446648   4286449  21667186
   6.49742   6.49751    0.0143  16453348   4289039  21690786
   6.49728   6.49738    0.0143  16433848   4285949  21671786
   6.49714   6.49724    0.0143  16461748   4292919  21697786
   6.49700   6.49710    0.0143  16427148   4284939  21674386
   6.49686   6.49697    0.0143  16475248   4300379  21741786
   6.49672   6.49683    0.0143  16449748   4293129  21705286
   6.49658   6.49669    0.0143  16467148   4297609  21734186
   6.49644   6.49656    0.0143  16438648   4291789  21705386
   6.49631   6.49641    0.0143  16451348   4297859  21731686
   6.49617   6.49628    0.0143  16439448   4294899  21721086
   6.49603   6.49614    0.0143  16442248   4296349  21727386
   6.49589   6.49599    0.0143  16454048   4299499  21748586
   6.49575   6.49585    0.0143  16447248   4298279  21737686
   6.49561   6.49571    0.0143  16445748   4297159  21740686
   6.49547   6.49557    0.0143  16425948   4294199  21728586
   6.49533   6.49542    0.0143  16433248   4297349  21746386
   6.49519   6.49528    0.0143  16433248   4296159  21736386
   6.49506   6.49513    0.0143  16422448   4294639  21740386
   6.49492   6.49499    0.0143  16443248   4302309  21769886
   6.49478   6.49484    0.0143  16406648   4294009  21724286
   6.49464   6.49469    0.0143  16422248   4297609  21754686
   6.49450   6.49454    0.0143  16391948   4290739  21717886
   6.49436   6.49440    0.0143  16432948   4302199  21764386
   6.49422   6.49425    0.0143  16390048   4290659  21720686
   6.49408   6.49411    0.0143  16406948   4297979  21758986
   6.49394   6.49397    0.0143  16398748   4295589  21742386
   6.49381   6.49382    0.0143  16401748   4295149  21741286
   6.49367   6.49368    0.0143  16395548   4295589  21745986
   6.49353   6.49354    0.0143  16401548   4296449  21754586
   6.49339   6.49340    0.0143  16413048   4299239  21766986
   6.49325   6.49327    0.0143  16388748   4293639  21738186
   6.49311   6.49313    0.0143  16401148   4298109  21755886
   6.49297   6.49300    0.0143  16399648   4298739  21765586
   6.49283   6.49286    0.0143  16374948   4292689  21736986
   6.49269   6.49273    0.0143  16390048   4296069  21750086
   6.49256   6.49259    0.0143  16379948   4294139  21752586
   6.49242   6.49246    0.0143  16398448   4300499  21778886
   6.49228   6.49233    0.0143  16366948   4293509  21739486
   6.49214   6.49220    0.0143  16395248   4300249  21781586
   6.49200   6.49207    0.0143  16361948   4291099  21733686
   6.49186   6.49194    0.0143  16387448   4297789  21765486
   6.49172   6.49181    0.0143  16368348   4293699  21746086
   6.49158   6.49168    0.0143  16384248   4297669  21768386
   6.49144   6.49155    0.0143  16352448   4289729  21726286
   6.49131   6.49141    0.0143  16351148   4289519  21727186
   6.49117   6.49128    0.0143  16351248   4290489  21728486
   6.49103   6.49114    0.0143  16353548   4289289  21731686
   6.49089   6.49100    0.0143  16336948   4288789  21716386
   6.49075   6.49086    0.0143  16338048   4285699  21712786
   6.49061   6.49072    0.0143  16327848   4284169  21706686
   6.49047   6.49058    0.0143  16317848   4282419  21691186
   6.49033   6.49044    0.0143  16303948   4280529  21692086
   6.49019   6.49030    0.0143  16335748   4286959  21721286
   6.49006   6.49015    0.0143  16308748   4279079  21674686
   6.48992   6.49001    0.0143  16331848   4284689  21713086
   6.48978   6.48986    0.0143  16294248   4277179  21668186
   6.48964   6.48972    0.0143  16337848   4286079  21724186
   6.48950   6.48958    0.0143  16305248   4278769  21684186
   6.48936   6.48944    0.0143  16344948   4290359  21740886
   6.48922   6.48930    0.0143  16346648   4288849  21733186
   6.48908   6.48916    0.0143  16346248   4288959  21741286
   6.48894   6.48902    0.0143  16347148   4289979  21740086
   6.48881   6.48888    0.0143  16355448   4291939  21752286
   6.48867   6.48875    0.0143  16372748   4295269  21773586
   6.48853   6.48861    0.0143  16361548   4292819  21761586
   6.48839   6.48848    0.0143  16371148   4295509  21774686
   6.48825   6.48834    0.0143  16368448   4294199  21774186
   6.48811   6.48821    0.0143  16346648   4288279  21744586
   6.48797   6.48808    0.0143  16379348   4296469  21785286
   6.48783   6.48795    0.0143  16373348   4295399  21782486
   6.48769   6.48781    0.0143  16388648   4298719  21794186
   6.48756   6.48768    0.0143  16360948   4289229  21750086
   6.48742   6.48755    0.0143  16388848   4298679  21789586
   6.48728   6.48741    0.0143  16360448   4289979  21758486
   6.48714   6.48728    0.0143  16384748   4296469  21789786
   6.48700   6.48714    0.0143  16371948   4293299  21772786
   6.48686   6.48700    0.0143  16398848   4299369  21799886
   6.48672   6.48687    0.0143  16361548   4289859  21757886
   6.48658   6.48673    0.0143  16351648   4287149  21739386
   6.48644   6.48659    0.0143  16367548   4290679  21765986
   6.48631   6.48645    0.0143  16359248   4288469  21757586
   6.48617   6.48631    0.0143  16370248   4290779  21776386
   6.48603   6.48617    0.0143  16373548   4292119  21778686
   6.48589   6.48603    0.0143  16353248   4286519  21751786
   6.48575   6.48588    0.0143  16344448   4282669  21729886
   6.48561   6.48574    0.0143  16337948   4281599  21727586
   6.48547   6.48559    0.0143  16375148   4291659  21776486
   6.48533   6.48545    0.0143  16332148   4280409  21719086
   6.48519   6.48531    0.0143  16360748   4288089  21759886
   6.48506   6.48516    0.0143  16324548   4277189  21710386
   6.48492   6.48501    0.0143  16334548   4282169  21732886
   6.48478   6.48486    0.0143  16312048   4274279  21699686
   6.48464   6.48471    0.0143  16336648   4282739  21733086
   6.48450   6.48456    0.0143  16333948   4281289  21732186
   6.48436   6.48442    0.0143  16317148   4278009  21707286
   6.48422   6.48427    0.0143  16322348   4276439  21712186
   6.48408   6.48413    0.0143  16313048   4277069  21710386
   6.48394   6.48398    0.0143  16309248   4273839  21693986
   6.48381   6.48384    0.0143  16307248   4274739  21700886
   6.48367   6.48370    0.0143  16310548   4276059  21707586
   6.48353   6.48355    0.0143  16307148   4275179  21705286
   6.48339   6.48341    0.0143  16280748   4267739  21662686
   6.48325   6.48328    0.0143  16297348   4272199  21686686
   6.48311   6.48314    0.0143  16290448   4269259  21686586
   6.48297   6.48301    0.0143  16303148   4273729  21695086
   6.48283   6.48287    0.0143  16269048   4266359  21666286
   6.48269   6.48273    0.0143  16295948   4272219  21693086
   6.48256   6.48260    0.0143  16242748   4259599  21629386
   6.48242   6.48247    0.0143  16271748   4265539  21662786
   6.48228   6.48233    0.0143  16255248   4262009  21644486
   6.48214   6.48220    0.0143  16264848   4264659  21668286
   6.48200   6.48207    0.0143  16227548   4256209  21625686
   6.48186   6.48194    0.0143  16222448   4255759  21612886
   6.48172   6.48181    0.0143  16228948   4254769  21618986
   6.48158   6.48168    0.0143  16215448   4254069  21606786
   6.48144   6.48155    0.0143  16232048   4256469  21625286
   6.48131   6.48141    0.0143  16223548   4255769  21625786
   6.48117   6.48127    0.0143  16205748   4251739  21590486
   6.48103   6.48114    0.0143  16198148   4249579  21590786
   6.48089   6.48100    0.0143  16188148   4248339  21587486
   6.48075   6.48086    0.0143  16230748   4258479  21643786
   6.48061   6.48072    0.0143  16210348   4252749  21609186
   6.48047   6.48057    0.0143  16245048   4263019  21660386
   6.48033   6.48043    0.0143  16219648   4256009  21620886
   6.48019   6.48028    0.0143  16233948   4260249  21644686
   6.48006   6.48014    0.0143  16217748   4257409  21638486
   6.47992   6.47999    0.0143  16258648   4267549  21690586
   6.47978   6.47985    0.0143  16259848   4267489  21694186
   6.47964   6.47971    0.0143  16249248   4265959  21681586
   6.47950   6.47956    0.0143  16258348   4266289  21696486
   6.47936   6.47942    0.0143  16247348   4265539  21689486
   6.47922   6.47928    0.0143  16250148   4265729  21680586
   6.47908   6.47914    0.0143  16259048   4268939  21694386
   6.47894   6.47900    0.0143  16281348   4272829  21725986
   6.47881   6.47886    0.0143  16275948   4272089  21722686
   6.47867   6.47873    0.0143  16251848   4266799  21700386
   6.47853   6.47859    0.0143  16281448   4272969  21732086
   6.47839   6.47845    0.0143  16249848   4270259  21709586
   6.47825   6.47832    0.0143  16285648   4278329  21755286
   6.47811   6.47819    0.0143  16265248   4273079  21732986
   6.47797   6.47805    0.0143  16297748   4281539  21776786
   6.47783   6.47792    0.0143  16256448   4268559  21715486
   6.47769   6.47779    0.0143  16281248   4275999  21743486
   6.47756   6.47765    0.0143  16278048   4275929  21743786
   6.47742   6.47752    0.0143  16282948   4278439  21768486
   6.47728   6.47738    0.0143  16278948   4278079  21762986
   6.47714   6.47725    0.0143  16269548   4276499  21753786
   6.47700   6.47711    0.0143  16287248   4280659  21785386
   6.47686   6.47697    0.0143  16266348   4277449  21753986
   6.47672   6.47683    0.0143  16287348   4281709  21785986
   6.47658   6.47669    0.0143  16284748   4284879  21802386
   6.47644   6.47656    0.0143  16270348   4280029  21772286
   6.47631   6.47642    0.0143  16271048   4281039  21776986
   6.47617   6.47628    0.0143  16262548   4277259  21770486
   6.47603   6.47614    0.0143  16288448   4286619  21810786
   6.47589   6.47599    0.0143  16264248   4278329  21774686
   6.47575   6.47585    0.0143  16302848   4290169  21833586
   6.47561   6.47571    0.0143  16268448   4281789  21796786
   6.47547   6.47557    0.0143  16265848   4281979  21797886
   6.47533   6.47542    0.0143  16254148   4281919  21794886
   6.47519   6.47527    0.0143  16278648   4286059  21824586
   6.47506   6.47513    0.0143  16276548   4286709  21827686
   6.47492   6.47498    0.0143  16276648   4286009  21817886
   6.47478   6.47483    0.0143  16290448   4289669  21837386
   6.47464   6.47469    0.0143  16273848   4287019  21820386
   6.47450   6.47454    0.0143  16261648   4284169  21811786
   6.47436   6.47439    0.0143  16266048   4284879  21815386
   6.47422   6.47425    0.0143  16273148   4288789  21835086
   6.47408   6.47410    0.0143  16259848   4286139  21827086
   6.47394   6.47396    0.0143  16251348   4284559  21816986
   6.47381   6.47382    0.0143  16276948   4289899  21843786
   6.47367   6.47367    0.0143  16240348   4282669  21808286
   6.47353   6.47353    0.0143  16259648   4286959  21838286
   6.47339   6.47339    0.0143  16231548   4281099  21802186
   6.47325   6.47326    0.0143  16257748   4287969  21834786
   6.47311   6.47312    0.0143  16223748   4278519  21794286
   6.47297   6.47298    0.0143  16239448   4283409  21823086
   6.47283   6.47285    0.0143  16236248   4282989  21824686
   6.47269   6.47271    0.0143  16217548   4281479  21805186
   6.47256   6.47258    0.0143  16223348   4282859  21816786
   6.47242   6.47245    0.0143  16220448   4282549  21816786
   6.47228   6.47232    0.0143  16233148   4286119  21833986
   6.47214   6.47219    0.0143  16230748   4284379  21827386
   6.47200   6.47206    0.0143  16251848   4289099  21860586
   6.47186   6.47193    0.0143  16264748   4294579  21880186
   6.47172   6.47179    0.0143  16244148   4291749  21864086
   6.47158   6.47166    0.0143  16272448   4298279  21898586
   6.47144   6.47153    0.0143  16269448   4299309  21908186
   6.47131   6.47140    0.0143  16295748   4305229  21944286
   6.47117   6.47126    0.0143  16274648   4300059  21911586
   6.47103   6.47113    0.0143  16309048   4309759  21963786
   6.47089   6.47099    0.0143  16278548   4302809  21931986
   6.47075   6.47085    0.0143  16304248   4311019  21970286
   6.47061   6.47071    0.0143  16295548   4310209  21962386
   6.47047   6.47057    0.0143  16324148   4315429  21998986
   6.47033   6.47042    0.0143  16310048   4311649  21973686
   6.47019   6.47028    0.0143  16311048   4313519  21980586
   6.47006   6.47014    0.0143  16319548   4317829  22010786
   6.46992   6.46999    0.0143  16304248   4312659  21987686
   6.46978   6.46985    0.0143  16317948   4316319  22009186
   6.46964   6.46971    0.0143  16322348   4320099  22023686
   6.46950   6.46956    0.0143  16319648   4321479  22041786
   6.46936   6.46942    0.0143  16323348   4320709  22034486
   6.46922   6.46928    0.0143  16310348   4318079  22015886
   6.46908   6.46914    0.0143  16333248   4324759  22050086
   6.46894   6.46900    0.0143  16303148   4317699  22024186
   6.46881   6.46887    0.0143  16344648   4328979  22073586
   6.46867   6.46873    0.0143  16322448   4322599  22047886
   6.46853   6.46860    0.0143  16350048   4330549  22085486
   6.46839   6.46846    0.0143  16302248   4318959  22031986
   6.46825   6.46833    0.0143  16318948   4324319  22061186
   6.46811   6.46819    0.0143  16319748   4326519  22072886
   6.46797   6.46806    0.0143  16326748   4326819  22072386
   6.46783   6.46793    0.0143  16338448   4332069  22101586
   6.46769   6.46780    0.0143  16323648   4330109  22092186
   6.46756   6.46766    0.0143  16321148   4328479  22078386
   6.46742   6.46753    0.0143  16305148   4326269  22070086
   6.46728   6.46740    0.0143  16323348   4330599  22101986
   6.46714   6.46726    0.0143  16324648   4333139  22103186
   6.46700   6.46713    0.0143  16314748   4329169  22095386
   6.46686   6.46699    0.0143  16331948   4333259  22126586
   6.46672   6.46685    0.0143  16297148   4328849  22086286
   6.46658   6.46671    0.0143  16316648   4334209  22108186
   6.46644   6.46657    0.0143  16302048   4330149  22095786
   6.46631   6.46644    0.0143  16338048   4339689  22149986
   6.46617   6.46630    0.0143  16305448   4333009  22110086
   6.46603   6.46615    0.0143  16305248   4332569  22116686
   6.46589   6.46601    0.0143  16283848   4330429  22106386
   6.46575   6.46587    0.0143  16303948   4335189  22133686
   6.46561   6.46573    0.0143  16292648   4334079  22118386
   6.46547   6.46559    0.0143  16291948   4335529  22133486
   6.46533   6.46545    0.0143  16291148   4335909  22137086
   6.46519   6.46530    0.0143  16256448   4326459  22088686
   6.46506   6.46515    0.0143  16255948   4328959  22107986
   6.46492   6.46501    0.0143  16261748   4329609  22105786
   6.46478   6.46486    0.0143  16257448   4329479  22111886
   6.46464   6.46472    0.0143  16253548   4328729  22103786
   6.46450   6.46457    0.0143  16229348   4324379  22077586
   6.46436   6.46442    0.0143  16252448   4330429  22111286
   6.46422   6.46428    0.0143  16194548   4318439  22052586
   6.46408   6.46413    0.0143  16228048   4326959  22098786
   6.46394   6.46399    0.0143  16212048   4324069  22089486
   6.46381   6.46385    0.0143  16221548   4326459  22095186
   6.46367   6.46371    0.0143  16200048   4320349  22068586
   6.46353   6.46357    0.0143  16214148   4323539  22083086
   6.46339   6.46343    0.0143  16216848   4326209  22095086
   6.46325   6.46329    0.0143  16233248   4330809  22123186
   6.46311   6.46316    0.0143  16255248   4338239  22152486
   6.46297   6.46302    0.0143  16255248   4338489  22160586
   6.46283   6.46289    0.0143  16253048   4339729  22170286
   6.46269   6.46275    0.0143  16259548   4340889  22175586
   6.46256   6.46262    0.0143  16281748   4346999  22214286
   6.46242   6.46248    0.0143  16294148   4351279  22233386
   6.46228   6.46235    0.0143  16287548   4351029  22236186
   6.46214   6.46222    0.0143  16304048   4354789  22245586
   6.46200   6.46209    0.0143  16295248   4352419  22234986
   6.46186   6.46196    0.0143  16317848   4359409  22278286
   6.46172   6.46183    0.0143  16307248   4358399  22272886
   6.46158   6.46170    0.0143  16350248   4367789  22323386
   6.46144   6.46157    0.0143  16309848   4359659  22274486
   6.46131   6.46143    0.0143  16338548   4366819  22322486
   6.46117   6.46130    0.0143  16331748   4366779  22322186
   6.46103   6.46117    0.0143  16339448   4367979  22327086
   6.46089   6.46103    0.0143  16347348   4371689  22343186
   6.46075   6.46089    0.0143  16348948   4371319  22360886
   6.46061   6.46075    0.0143  16354448   4375949  22367086
   6.46047   6.46061    0.0143  16350748   4372639  22354586
   6.46033   6.46046    0.0143  16361448   4376989  22378686
   6.46019   6.46032    0.0143  16366048   4378499  22389886
   6.46006   6.46018    0.0143  16370948   4377989  22387286
   6.45992   6.46003    0.0143  16377548   4380549  22397786
   6.45978   6.45989    0.0143  16354948   4377869  22388986
   6.45964   6.45974    0.0143  16383348   4383979  22414386
   6.45950   6.45960    0.0143  16345148   4374089  22370886
   6.45936   6.45946    0.0143  16384248   4384609  22424186
   6.45922   6.45932    0.0143  16362248   4379169  22402186
   6.45908   6.45918    0.0143  16382248   4384549  22420186
   6.45894   6.45904    0.0143  16357548   4378249  22392486
   6.45881   6.45890    0.0143  16360848   4381079  22413286
   6.45867   6.45876    0.0143  16347148   4376609  22389386
   6.45853   6.45863    0.0143  16346148   4376649  22375986
   6.45839   6.45849    0.0143  16364248   4382659  22410186
   6.45825   6.45835    0.0143  16364748   4379509  22417986
   6.45811   6.45822    0.0143  16372248   4382339  22419386
   6.45797   6.45808    0.0143  16343348   4376169  22386386
   6.45783   6.45795    0.0143  16346448   4376039  22393186
   6.45769   6.45782    0.0143  16324648   4372049  22365086
   6.45756   6.45769    0.0143  16331048   4373139  22376586
   6.45742   6.45755    0.0143  16358548   4379189  22412286
   6.45728   6.45741    0.0143  16334148   4373709  22389286
   6.45714   6.45728    0.0143  16343148   4375909  22394686
   6.45700   6.45714    0.0143  16300148   4366249  22342386
   6.45686   6.45700    0.0143  16325648   4372319  22386686
   6.45672   6.45686    0.0143  16294448   4363819  22336886
   6.45658   6.45672    0.0143  16324248   4371439  22378686
   6.45644   6.45659    0.0143  16319348   4369679  22373786
   6.45631   6.45645    0.0143  16301148   4364929  22335786
   6.45617   6.45631    0.0143  16289348   4362179  22318386
   6.45603   6.45617    0.0143  16279248   4357769  22308786
   6.45589   6.45602    0.0143  16298048   4363249  22337286
   6.45575   6.45588    0.0143  16278648   4357519  22308586
   6.45561   6.45574    0.0143  16278348   4358719  22320686
   6.45547   6.45559    0.0143  16265548   4355099  22301886
   6.45533   6.45545    0.0143  16251448   4351909  22278086
   6.45519   6.45531    0.0143  16271948   4355249  22306686
   6.45506   6.45516    0.0143  16269848   4354119  22301586
   6.45492   6.45501    0.0143  16282948   4359979  22335486
   6.45478   6.45486    0.0143  16261248   4351759  22273286
   6.45464   6.45471    0.0143  16278448   4357139  22305686
   6.45450   6.45457    0.0143  16257048   4352419  22291586
   6.45436   6.45442    0.0143  16305948   4361739  22335786
   6.45422   6.45428    0.0143  16312348   4364259  22352286
   6.45408   6.45413    0.0143  16338848   4372169  22393986
   6.45394   6.45398    0.0143  16324548   4367849  22378086
   6.45381   6.45384    0.0143  16328748   4366969  22376486
   6.45367   6.45370    0.0143  16340148   4371759  22395986
   6.45353   6.45356    0.0143  16345948   4373709  22400886
   6.45339   6.45342    0.0143  16370748   4377529  22436886
   6.45325   6.45328    0.0143  16369348   4378999  22430386
   6.45311   6.45314    0.0143  16370348   4378369  22438686
   6.45297   6.45301    0.0143  16355548   4374719  22412886
   6.45283   6.45287    0.0143  16355148   4373839  22425086
   6.45269   6.45274    0.0143  16386448   4383409  22466586
   6.45256   6.45260    0.0143  16363448   4375579  22431586
   6.45242   6.45247    0.0143  16397748   4382529  22472686
   6.45228   6.45234    0.0143  16362648   4377299  22428486
   6.45214   6.45220    0.0143  16389248   4383029  22469486
   6.45200   6.45207    0.0143  16365548   4374909  22424686
   6.45186   6.45194    0.0143  16386948   4382879  22466886
   6.45172   6.45181    0.0143  16390448   4381329  22453986
   6.45158   6.45168    0.0143  16379648   4380199  22456986
   6.45144   6.45154    0.0143  16374748   4378689  22449386
   6.45131   6.45141    0.0143  16369948   4376539  22438686
   6.45117   6.45127    0.0143  16383248   4380169  22457986
   6.45103   6.45114    0.0143  16365448   4376539  22445086
   6.45089   6.45100    0.0143  16381048   4380009  22460386
   6.45075   6.45086    0.0143  16375048   4377799  22451286
   6.45061   6.45072    0.0143  16350748   4373839  22416486
   6.45047   6.45057    0.0143  16369748   4376019  22449786
   6.45033   6.45043    0.0143  16354848   4371689  22418686
   6.45019   6.45029    0.0143  16377448   4378179  22455086
   6.45006   6.45014    0.0143  16329648   4367539  22401786
   6.44992   6.45000    0.0143  16361548   4374019  22436786
   6.44978   6.44985    0.0143  16318648   4364759  22377386
   6.44964   6.44971    0.0143  16340648   4369969  22412186
   6.44950   6.44956    0.0143  16338048   4368039  22405786
   6.44936   6.44942    0.0143  16340848   4371249  22418286
   6.44922   6.44928    0.0143  16337148   4368669  22411286
   6.44908   6.44914    0.0143  16322948   4365199  22389986
   6.44894   6.44900    0.0143  16325448   4367319  22403686
   6.44881   6.44886    0.0143  16317248   4364199  22386786
   6.44867   6.44873    0.0143  16324648   4368859  22413986
   6.44853   6.44859    0.0143  16322148   4365899  22402186
   6.44839   6.44846    0.0143  16313448   4366339  22395086
   6.44825   6.44832    0.0143  16303048   4361779  22376886
   6.44811   6.44819    0.0143  16286248   4358899  22365586
   6.44797   6.44805    0.0143  16315448   4364069  22394586
   6.44783   6.44792    0.0143  16287148   4358719  22371186
   6.44769   6.44779    0.0143  16314948   4363379  22400586
   6.44756   6.44765    0.0143  16275748   4355039  22359886
   6.44742   6.44752    0.0143  16279348   4356199  22368086
   6.44728   6.44738    0.0143  16253048   4349389  22324286
   6.44714   6.44725    0.0143  16260348   4352979  22343086
   6.44700   6.44711    0.0143  16260648   4351409  22343486
   6.44686   6.44697    0.0143  16256248   4351849  22341686
   6.44672   6.44684    0.0143  16249548   4350309  22341186
   6.44658   6.44670    0.0143  16227448   4346179  22309386
   6.44644   6.44656    0.0143  16232448   4347499  22321686
   6.44631   6.44642    0.0143  16231348   4344979  22313686
   6.44617   6.44628    0.0143  16250848   4350899  22337486
   6.44603   6.44614    0.0143  16246148   4351069  22341186
   6.44589   6.44600    0.0143  16239948   4349709  22332186
   6.44575   6.44586    0.0143  16254548   4354809  22367986
   6.44561   6.44572    0.0143  16253048   4355629  22365086
   6.44547   6.44557    0.0143  16282348   4363939  22416586
   6.44533   6.44543    0.0143  16278448   4360959  22399686
   6.44519   6.44528    0.0143  16304748   4370499  22451886
   6.44506   6.44514    0.0143  16283048   4365139  22412386
   6.44492   6.44499    0.0143  16294248   4369549  22440786
   6.44478   6.44484    0.0143  16305948   4371949  22452886
   6.44464   6.44470    0.0143  16323748   4377109  22492886
   6.44450   6.44455    0.0143  16314648   4377209  22487686
   6.44436   6.44440    0.0143  16313148   4374279  22476686
   6.44422   6.44426    0.0143  16323848   4378619  22491586
   6.44408   6.44411    0.0143  16299848   4373389  22488186
   6.44394   6.44397    0.0143  16327448   4380509  22512186
   6.44381   6.44383    0.0143  16334648   4382949  22520086
   6.44367   6.44369    0.0143  16321748   4381769  22523586
   6.44353   6.44355    0.0143  16324848   4380829  22517586
   6.44339   6.44341    0.0143  16308648   4378939  22512586
   6.44325   6.44327    0.0143  16332048   4385239  22541186
   6.44311   6.44313    0.0143  16313248   4381619  22519286
   6.44297   6.44300    0.0143  16339848   4389209  22564986
   6.44283   6.44287    0.0143  16315748   4382529  22523786
   6.44269   6.44273    0.0143  16325348   4387879  22558486
   6.44256   6.44260    0.0143  16307548   4379949  22518186
   6.44242   6.44246    0.0143  16319648   4385469  22548886
   6.44228   6.44233    0.0143  16314448   4385359  22546486
   6.44214   6.44220    0.0143  16308048   4383539  22535986
   6.44200   6.44207    0.0143  16310648   4386369  22549286
   6.44186   6.44194    0.0143  16291648   4381899  22532686
   6.44172   6.44181    0.0143  16302648   4385149  22542886
   6.44158   6.44168    0.0143  16294248   4383029  22533886
   6.44144   6.44154    0.0143  16309548   4387249  22564186
   6.44131   6.44141    0.0143  16285348   4382719  22537686
   6.44117   6.44128    0.0143  16278848   4381959  22533086
   6.44103   6.44114    0.0143  16281548   4383409  22544786
   6.44089   6.44100    0.0143  16268748   4379919  22524186
   6.44075   6.44086    0.0143  16291948   4385299  22553286
   6.44061   6.44072    0.0143  16261848   4377489  22516286
   6.44047   6.44058    0.0143  16288248   4386879  22561986
   6.44033   6.44044    0.0143  16243948   4376419  22505386
   6.44019   6.44030    0.0143  16261648   4380799  22535286
   6.44006   6.44016    0.0143  16256048   4378619  22517386
   6.43992   6.44001    0.0143  16254548   4380949  22535186
   6.43978   6.43986    0.0143  16262848   4381019  22547586
   6.43964   6.43972    0.0143  16238148   4377109  22519386
   6.43950   6.43958    0.0143  16242448   4378849  22526286
   6.43936   6.43944    0.0143  16223948   4373459  22499786
   6.43922   6.43930    0.0143  16223248   4373839  22510986
   6.43908   6.43916    0.0143  16221648   4371689  22497086
   6.43894   6.43902    0.0143  16210548   4369799  22492786
   6.43881   6.43888    0.0143  16205948   4369719  22488786
   6.43867   6.43875    0.0143  16189648   4366909  22468886
   6.43853   6.43861    0.0143  16196448   4368039  22483886
   6.43839   6.43848    0.0143  16163648   4360609  22445386
   6.43825   6.43834    0.0143  16186148   4366089  22470786
   6.43811   6.43821    0.0143  16153548   4358589  22436586
   6.43797   6.43808    0.0143  16159448   4359009  22438786
   6.43783   6.43795    0.0143  16129948   4352729  22409386
   6.43769   6.43781    0.0143  16136248   4357079  22428586
   6.43756   6.43768    0.0143  16126048   4352669  22414686
   6.43742   6.43755    0.0143  16131748   4354489  22422286
   6.43728   6.43741    0.0143  16131748   4356739  22428186
   6.43714   6.43728    0.0143  16122948   4355309  22416186
   6.43700   6.43714    0.0143  16139248   4360039  22443586
   6.43686   6.43701    0.0143  16135348   4357079  22432586
   6.43672   6.43687    0.0143  16151648   4365579  22486886
   6.43658   6.43673    0.0143  16159448   4365939  22483686
   6.43644   6.43660    0.0143  16162248   4367909  22494886
   6.43631   6.43646    0.0143  16184048   4374399  22534386
   6.43617   6.43632    0.0143  16164048   4368099  22502586
   6.43603   6.43618    0.0143  16180948   4374839  22536086
   6.43589   6.43604    0.0143  16159348   4368289  22503686
   6.43575   6.43590    0.0143  16196248   4379539  22549386
   6.43561   6.43576    0.0143  16170748   4373769  22531586
   6.43547   6.43562    0.0143  16180948   4378809  22560686
   6.43533   6.43547    0.0143  16178448   4374839  22537586
   6.43519   6.43532    0.0143  16165348   4374969  22542486
   6.43506   6.43518    0.0143  16176648   4376959  22548686
   6.43492   6.43503    0.0143  16164848   4376359  22541686
   6.43478   6.43489    0.0143  16173148   4378179  22549886
   6.43464   6.43474    0.0143  16158548   4375159  22539786
   6.43450   6.43460    0.0143  16161948   4376989  22550186
   6.43436   6.43445    0.0143  16151648   4374689  22546786
   6.43422   6.43430    0.0143  16158448   4375349  22549286
   6.43408   6.43416    0.0143  16163248   4377049  22554286
   6.43394   6.43402    0.0143  16148948   4376099  22552186
   6.43381   6.43387    0.0143  16144848   4374649  22544986
   6.43367   6.43373    0.0143  16124948   4368199  22524186
   6.43353   6.43359    0.0143  16149448   4376479  22568086
   6.43339   6.43345    0.0143  16129148   4371819  22539986
   6.43325   6.43332    0.0143  16149648   4375849  22553786
   6.43311   6.43318    0.0143  16115348   4369609  22521186
   6.43297   6.43304    0.0143  16116148   4369299  22527386
   6.43283   6.43291    0.0143  16100048   4365369  22496986
   6.43269   6.43277    0.0143  16101748   4365829  22505886
   6.43256   6.43264    0.0143  16113948   4369359  22529286
   6.43242   6.43251    0.0143  16099448   4367599  22517286
   6.43228   6.43238    0.0143  16095248   4367159  22510386
   6.43214   6.43225    0.0143  16078148   4361589  22492686
   6.43200   6.43212    0.0143  16075048   4363189  22493086
   6.43186   6.43198    0.0143  16069848   4359089  22489586
   6.43172   6.43185    0.0143  16063448   4360419  22484786
   6.43158   6.43172    0.0143  16064648   4361929  22492786
   6.43144   6.43159    0.0143  16037748   4354409  22458886
   6.43131   6.43146    0.0143  16051048   4358269  22475286
   6.43117   6.43132    0.0143  16030648   4352599  22446286
   6.43103   6.43119    0.0143  16042948   4358459  22470086
   6.43089   6.43105    0.0143  16011248   4348379  22425386
   6.43075   6.43091    0.0143  16029648   4352709  22453686
   6.43061   6.43077    0.0143  16011048   4349199  22429886
   6.43047   6.43063    0.0143  15992048   4345739  22409886
   6.43033   6.43048    0.0143  15986348   4342899  22404986
   6.43019   6.43034    0.0143  15983148   4344289  22405386
   6.43006   6.43019    0.0143  15979548   4339499  22396586
   6.42992   6.43005    0.0143  15951548   4333119  22364486
   6.42978   6.42990    0.0143  15964948   4336919  22380186
   6.42964   6.42976    0.0143  15925048   4328289  22334786
   6.42950   6.42961    0.0143  15920448   4328099  22336286
   6.42936   6.42947    0.0143  15919448   4326959  22326886
   6.42922   6.42933    0.0143  15918448   4327449  22324486
   6.42908   6.42919    0.0143  15918748   4326329  22331886
   6.42894   6.42905    0.0143  15882348   4317829  22284186
   6.42881   6.42891    0.0143  15899248   4323309  22315986
   6.42867   6.42877    0.0143  15866848   4313729  22257386
   6.42853   6.42863    0.0143  15894748   4320139  22299186
   6.42839   6.42850    0.0143  15877148   4317579  22293386
   6.42825   6.42836    0.0143  15895348   4324819  22322986
   6.42811   6.42823    0.0143  15885048   4320979  22298686
   6.42797   6.42810    0.0143  15903448   4324249  22319586
   6.42783   6.42796    0.0143  15913748   4328389  22351886
   6.42769   6.42783    0.0143  15904448   4325959  22340486
   6.42756   6.42770    0.0143  15928848   4331689  22362686
   6.42742   6.42756    0.0143  15919448   4330369  22360886
   6.42728   6.42743    0.0143  15920748   4331369  22374786
   6.42714   6.42729    0.0143  15912648   4329609  22360186
   6.42700   6.42715    0.0143  15910248   4330779  22351986
   6.42686   6.42702    0.0143  15931548   4334589  22380386
   6.42672   6.42688    0.0143  15906848   4330739  22363886
   6.42658   6.42674    0.0143  15932848   4336599  22399286
   6.42644   6.42660    0.0143  15912148   4332129  22368986
   6.42631   6.42646    0.0143  15917948   4332859  22394486
   6.42617   6.42632    0.0143  15893248   4325829  22342286
   6.42603   6.42618    0.0143  15932448   4337109  22405486
   6.42589   6.42604    0.0143  15921448   4334019  22389986
   6.42575   6.42590    0.0143  15919448   4333889  22391886
   6.42561   6.42576    0.0143  15900248   4328329  22365386
   6.42547   6.42561    0.0143  15889448   4327149  22356586
   6.42533   6.42547    0.0143  15899148   4328659  22362886
   6.42519   6.42532    0.0143  15889948   4329609  22376886
   6.42506   6.42517    0.0143  15912948   4335089  22386886
   6.42492   6.42503    0.0143  15891348   4329519  22370786
   6.42478   6.42488    0.0143  15879448   4325829  22354286
   6.42464   6.42473    0.0143  15868948   4322679  22330686
   6.42450   6.42458    0.0143  15874148   4325579  22355586
   6.42436   6.42444    0.0143  15876748   4326019  22366886
   6.42422   6.42429    0.0143  15870248   4323059  22346386
   6.42408   6.42414    0.0143  15885748   4329339  22366386
   6.42394   6.42400    0.0143  15828148   4313729  22300686
   6.42381   6.42386    0.0143  15854548   4320729  22327486
   6.42367   6.42371    0.0143  15838548   4316949  22315986
   6.42353   6.42357    0.0143  15859148   4321419  22334586
   6.42339   6.42344    0.0143  15850348   4317109  22327586
   6.42325   6.42330    0.0143  15843648   4317769  22333486
   6.42311   6.42316    0.0143  15834548   4316059  22314486
   6.42297   6.42302    0.0143  15806348   4310769  22292486
   6.42283   6.42289    0.0143  15826648   4314929  22305686
   6.42269   6.42275    0.0143  15817448   4312139  22294086
   6.42256   6.42262    0.0143  15821048   4314169  22308886
   6.42242   6.42248    0.0143  15806748   4309069  22282686
   6.42228   6.42235    0.0143  15790248   4307309  22267886
   6.42214   6.42222    0.0143  15797348   4307619  22279986
   6.42200   6.42209    0.0143  15782048   4303319  22254586
   6.42186   6.42196    0.0143  15803748   4308499  22288286
   6.42172   6.42183    0.0143  15775248   4303399  22251386
   6.42158   6.42169    0.0143  15775448   4301889  22252086
   6.42144   6.42156    0.0143  15741748   4294009  22206786
   6.42131   6.42143    0.0143  15764448   4300189  22241786
   6.42117   6.42129    0.0143  15740548   4293299  22204486
   6.42103   6.42116    0.0143  15742748   4293379  22217386
   6.42089   6.42102    0.0143  15720048   4287269  22181786
   6.42075   6.42088    0.0143  15714148   4286269  22170286
   6.42061   6.42074    0.0143  15708448   4284819  22161986
   6.42047   6.42059    0.0143  15688148   4279249  22145986
   6.42033   6.42045    0.0143  15715248   4285889  22179086
   6.42019   6.42031    0.0143  15682548   4277949  22127386
   6.42006   6.42016    0.0143  15684048   4279779  22141686
   6.41992   6.42001    0.0143  15676248   4276249  22127586
   6.41978   6.41987    0.0143  15662348   4271819  22103886
   6.41964   6.41973    0.0143  15672848   4275299  22126886
   6.41950   6.41958    0.0143  15669548   4274929  22119886
   6.41936   6.41944    0.0143  15714648   4286449  22189686
   6.41922   6.41930    0.0143  15673848   4277129  22129986
   6.41908   6.41916    0.0143  15704148   4284479  22179986
   6.41894   6.41902    0.0143  15684348   4281039  22161686
   6.41881   6.41889    0.0143  15708948   4286139  22180486
   6.41867   6.41875    0.0143  15711148   4287339  22183086
   6.41853   6.41861    0.0143  15715948   4289159  22202286
   6.41839   6.41848    0.0143  15710448   4287079  22189786
   6.41825   6.41835    0.0143  15694548   4281519  22173286
   6.41811   6.41821    0.0143  15709548   4285949  22188986
   6.41797   6.41808    0.0143  15694548   4283369  22177286
   6.41783   6.41795    0.0143  15705848   4285189  22189886
   6.41769   6.41781    0.0143  15695848   4283869  22184086
   6.41756   6.41768    0.0143  15698348   4283539  22180486
   6.41742   6.41755    0.0143  15688248   4283299  22173086
   6.41728   6.41741    0.0143  15671148   4277949  22156786
   6.41714   6.41728    0.0143  15697648   4283049  22186986
   6.41700   6.41714    0.0143  15671548   4279399  22162186
   6.41686   6.41701    0.0143  15689548   4282209  22173686
   6.41672   6.41687    0.0143  15659248   4274419  22143786
   6.41658   6.41673    0.0143  15676648   4280529  22174386
   6.41644   6.41659    0.0143  15635848   4270009  22118586
   6.41631   6.41645    0.0143  15662648   4275559  22155086
   6.41617   6.41631    0.0143  15655448   4274149  22144086
   6.41603   6.41617    0.0143  15643748   4272279  22127786
   6.41589   6.41603    0.0143  15640348   4270449  22121086
   6.41575   6.41589    0.0143  15623548   4265919  22099486
   6.41561   6.41575    0.0143  15630748   4268749  22121086
   6.41547   6.41561    0.0143  15617348   4265599  22099686
   6.41533   6.41547    0.0143  15621448   4266589  22116486
   6.41519   6.41532    0.0143  15616048   4265289  22105586
   6.41506   6.41517    0.0143  15593448   4258859  22074286
   6.41492   6.41503    0.0143  15595648   4259739  22079886
   6.41478   6.41488    0.0143  15581448   4256779  22070686
   6.41464   6.41474    0.0143  15604348   4263949  22092186
   6.41450   6.41459    0.0143  15564648   4253509  22041986
   6.41436   6.41444    0.0143  15591548   4260809  22082386
   6.41422   6.41430    0.0143  15559648   4252619  22045286
   6.41408   6.41415    0.0143  15568448   4255579  22051686
   6.41394   6.41401    0.0143  15558248   4252349  22041686
   6.41381   6.41387    0.0143  15566948   4255649  22066086
   6.41367   6.41373    0.0143  15555248   4252689  22047886
   6.41353   6.41359    0.0143  15541448   4247389  22018086
   6.41339   6.41345    0.0143  15537848   4248399  22031086
   6.41325   6.41331    0.0143  15520148   4244999  22009486
   6.41311   6.41317    0.0143  15524648   4246119  22007486
   6.41297   6.41304    0.0143  15519548   4245249  22016486
   6.41283   6.41290    0.0143  15518648   4245129  22006486
   6.41269   6.41277    0.0143  15496348   4240969  21989686
   6.41256   6.41263    0.0143  15481448   4235549  21967986
   6.41242   6.41250    0.0143  15494448   4241459  21986286
   6.41228   6.41237    0.0143  15472548   4233349  21953986
   6.41214   6.41224    0.0143  15489648   4239329  21982086
   6.41200   6.41211    0.0143  15451048   4228809  21935486
   6.41186   6.41197    0.0143  15462148   4232459  21959986
   6.41172   6.41184    0.0143  15427448   4223819  21901886
   6.41158   6.41171    0.0143  15441148   4227419  21927186
   6.41144   6.41158    0.0143  15439648   4227739  21934286
   6.41131   6.41145    0.0143  15436148   4225659  21930286
   6.41117   6.41131    0.0143  15439748   4227679  21935486
   6.41103   6.41118    0.0143  15422048   4224129  21914686
   6.41089   6.41104    0.0143  15433148   4227229  21933886
   6.41075   6.41090    0.0143  15429248   4226789  21926386
   6.41061   6.41076    0.0143  15444048   4232399  21960686
   6.41047   6.41062    0.0143  15459848   4236369  21984186
   6.41033   6.41048    0.0143  15455148   4235279  21974686
   6.41019   6.41033    0.0143  15474848   4240279  22011586
   6.41006   6.41019    0.0143  15457148   4238069  21991786
   6.40992   6.41005    0.0143  15480348   4243799  22024186
   6.40978   6.40990    0.0143  15459148   4239019  21997786
   6.40964   6.40976    0.0143  15492548   4248149  22059086
   6.40950   6.40962    0.0143  15473948   4244349  22024586
   6.40936   6.40948    0.0143  15476048   4246259  22040786
   6.40922   6.40934    0.0143  15470148   4242539  22019486
   6.40908   6.40920    0.0143  15471548   4246389  22044786
   6.40894   6.40906    0.0143  15478648   4246949  22053086
   6.40881   6.40892    0.0143  15472248   4245299  22038686
   6.40867   6.40879    0.0143  15478848   4248649  22060486
   6.40853   6.40865    0.0143  15453648   4242919  22031886
   6.40839   6.40852    0.0143  15461348   4244239  22032886
   6.40825   6.40838    0.0143  15458348   4244499  22034286
   6.40811   6.40825    0.0143  15462348   4244859  22037886
   6.40797   6.40812    0.0143  15462948   4246129  22045886
   6.40783   6.40798    0.0143  15453948   4242419  22037386
   6.40769   6.40785    0.0143  15454548   4244179  22048886
   6.40756   6.40772    0.0143  15422548   4235739  21997386
   6.40742   6.40759    0.0143  15445448   4241899  22028286
   6.40728   6.40745    0.0143  15421748   4237309  22012286
   6.40714   6.40732    0.0143  15438048   4241909  22036886
   6.40700   6.40719    0.0143  15403248   4232459  21984986
   6.40686   6.40705    0.0143  15412448   4235419  21996686
   6.40672   6.40691    0.0143  15399248   4232089  21991886
   6.40658   6.40678    0.0143  15387248   4229359  21967386
   6.40644   6.40664    0.0143  15396548   4232269  21992886
   6.40631   6.40650    0.0143  15381648   4228119  21962886
   6.40617   6.40636    0.0143  15379648   4227929  21964486
   6.40603   6.40622    0.0143  15355348   4224149  21945386
   6.40589   6.40608    0.0143  15359048   4223569  21952786
   6.40575   6.40594    0.0143  15354348   4223389  21945186
   6.40561   6.40580    0.0143  15339848   4219229  21920486
   6.40547   6.40566    0.0143  15340348   4219229  21920486
   6.40533   6.40551    0.0143  15318648   4213309  21900486
   6.40519   6.40537    0.0143  15322548   4216889  21903986
   6.40506   6.40523    0.0143  15307748   4210479  21883886
   6.40492   6.40508    0.0143  15331648   4218289  21928586
   6.40478   6.40493    0.0143  15291448   4207519  21870986
   6.40464   6.40478    0.0143  15290748   4208839  21880886
   6.40450   6.40464    0.0143  15272748   4205179  21859786
   6.40436   6.40449    0.0143  15272248   4203469  21856486
   6.40422   6.40435    0.0143  15259648   4201779  21839486
   6.40408   6.40420    0.0143  15254148   4201029  21836586
   6.40394   6.40406    0.0143  15263548   4202599  21851786
   6.40381   6.40391    0.0143  15224448   4193279  21794886
   6.40367   6.40377    0.0143  15221948   4191749  21794986
   6.40353   6.40363    0.0143  15204848   4188619  21775186
   6.40339   6.40349    0.0143  15201448   4187859  21771486
   6.40325   6.40335    0.0143  15205648   4189429  21787586
   6.40311   6.40322    0.0143  15174048   4183699  21755386
   6.40297   6.40308    0.0143  15187548   4185889  21768686
   6.40283   6.40294    0.0143  15143648   4174379  21702586
   6.40269   6.40280    0.0143  15166448   4179729  21741886
   6.40256   6.40267    0.0143  15144348   4175829  21710586
   6.40242   6.40253    0.0143  15159348   4179979  21736286
   6.40228   6.40240    0.0143  15134848   4174489  21703486
   6.40214   6.40227    0.0143  15149848   4176769  21727986
   6.40200   6.40214    0.0143  15140348   4175509  21722586
   6.40186   6.40201    0.0143  15144948   4176459  21729686
   6.40172   6.40187    0.0143  15163448   4181749  21757486
   6.40158   6.40174    0.0143  15165948   4184649  21773086
   6.40144   6.40161    0.0143  15169448   4185829  21769086
   6.40131   6.40147    0.0143  15165048   4186539  21775086
   6.40117   6.40134    0.0143  15161748   4185469  21771886
   6.40103   6.40120    0.0143  15160848   4185969  21779886
   6.40089   6.40106    0.0143  15155848   4184519  21773486
   6.40075   6.40092    0.0143  15172348   4189169  21795786
   6.40061   6.40078    0.0143  15170548   4188549  21793486
   6.40047   6.40064    0.0143  15182048   4190129  21808386
   6.40033   6.40050    0.0143  15144048   4183069  21776686
   6.40019   6.40035    0.0143  15165248   4190439  21805486
   6.40006   6.40021    0.0143  15140348   4182489  21777186
   6.39992   6.40006    0.0143  15160748   4189179  21808186
   6.39978   6.39992    0.0143  15162548   4189119  21809286
   6.39964   6.39977    0.0143  15149448   4186159  21802086
   6.39950   6.39963    0.0143  15133048   4184329  21774786
   6.39936   6.39949    0.0143  15131548   4182869  21782086
   6.39922   6.39935    0.0143  15138048   4185529  21784686
   6.39908   6.39921    0.0143  15131248   4182059  21774786
   6.39894   6.39907    0.0143  15130548   4182499  21781586
   6.39881   6.39893    0.0143  15119848   4182439  21770086
   6.39867   6.39879    0.0143  15098048   4178459  21753286
   6.39853   6.39865    0.0143  15109648   4178849  21758486
   6.39839   6.39852    0.0143  15095348   4175319  21742986
   6.39825   6.39838    0.0143  15116348   4182319  21776486
   6.39811   6.39825    0.0143  15066648   4170159  21718086
   6.39797   6.39812    0.0143  15074548   4172929  21726386
   6.39783   6.39798    0.0143  15042348   4164289  21694986
   6.39769   6.39785    0.0143  15060548   4169899  21728086
   6.39756   6.39771    0.0143  15051248   4168959  21713786
   6.39742   6.39758    0.0143  15065848   4172299  21727086
   6.39728   6.39745    0.0143  15037948   4164609  21696286
   6.39714   6.39731    0.0143  15014248   4157859  21656986
   6.39700   6.39718    0.0143  15018548   4159009  21669586
   6.39686   6.39704    0.0143  15021048   4162529  21686186
   6.39672   6.39690    0.0143  15016948   4160769  21677886
   6.39658   6.39676    0.0143  15011448   4159889  21669686
   6.39644   6.39662    0.0143  15001448   4157169  21658486
   6.39631   6.39648    0.0143  14970848   4149179  21618286
   6.39617   6.39634    0.0143  14967948   4149559  21626986
   6.39603   6.39620    0.0143  14990348   4154149  21646986
   6.39589   6.39606    0.0143  14969648   4152009  21633986
   6.39575   6.39592    0.0143  14980548   4154529  21651086
   6.39561   6.39578    0.0143  14939848   4143429  21591686
   6.39547   6.39563    0.0143  14956948   4148929  21614686
   6.39533   6.39549    0.0143  14916848   4137139  21563686
   6.39519   6.39535    0.0143  14931248   4142439  21591886
   6.39506   6.39520    0.0143  14928248   4142179  21587786
   6.39492   6.39505    0.0143  14926548   4139589  21580986
   6.39478   6.39491    0.0143  14906248   4134439  21553786
   6.39464   6.39476    0.0143  14889948   4132359  21537186
   6.39450   6.39461    0.0143  14895048   4132989  21551986
   6.39436   6.39446    0.0143  14866148   4125619  21512786
   6.39422   6.39432    0.0143  14881348   4129449  21532886
   6.39408   6.39417    0.0143  14875448   4129079  21533086
   6.39394   6.39403    0.0143  14856248   4124289  21503486
   6.39381   6.39388    0.0143  14869048   4125109  21510486
   6.39367   6.39374    0.0143  14850148   4122589  21496986
   6.39353   6.39360    0.0143  14867548   4127059  21520686
   6.39339   6.39346    0.0143  14832748   4118999  21481486
   6.39325   6.39332    0.0143  14860148   4127059  21521886
   6.39311   6.39318    0.0143  14856748   4126309  21520686
   6.39297   6.39305    0.0143  14875548   4131539  21544186
   6.39283   6.39291    0.0143  14863648   4129959  21544186
   6.39269   6.39278    0.0143  14891148   4135749  21580886
   6.39256   6.39264    0.0143  14877748   4133619  21553486
   6.39242   6.39251    0.0143  14884748   4135759  21574586
   6.39228   6.39238    0.0143  14892648   4138399  21592286
   6.39214   6.39225    0.0143  14891848   4137329  21583386
   6.39200   6.39211    0.0143  14885148   4138519  21585486
   6.39186   6.39198    0.0143  14884348   4136959  21577386
   6.39172   6.39185    0.0143  14887748   4137959  21585986
   6.39158   6.39172    0.0143  14896348   4139099  21590386
   6.39144   6.39158    0.0143  14883548   4139409  21603786
   6.39131   6.39145    0.0143  14909448   4142359  21611486
   6.39117   6.39132    0.0143  14879948   4136889  21585486
   6.39103   6.39118    0.0143  14890948   4139599  21595986
   6.39089   6.39104    0.0143  14864048   4133299  21570586
   6.39075   6.39090    0.0143  14900448   4142749  21617286
   6.39061   6.39076    0.0143  14867548   4133669  21571586
   6.39047   6.39062    0.0143  14903648   4142179  21613886
   6.39033   6.39048    0.0143  14880748   4138149  21601786
   6.39019   6.39033    0.0143  14868048   4132289  21557386
   6.39006   6.39019    0.0143  14857248   4131539  21562886
   6.38992   6.39005    0.0143  14855448   4129769  21565186
   6.38978   6.38990    0.0143  14865848   4135249  21581986
   6.38964   6.38976    0.0143  14857448   4132289  21578386
   6.38950   6.38961    0.0143  14866648   4134369  21587486
   6.38936   6.38948    0.0143  14849048   4130149  21559786
   6.38922   6.38933    0.0143  14821848   4123099  21530786
   6.38908   6.38919    0.0143  14830748   4126169  21536686
   6.38894   6.38905    0.0143  14826148   4123909  21528386
   6.38881   6.38892    0.0143  14836948   4126879  21551686
   6.38867   6.38878    0.0143  14811448   4119819  21515486
   6.38853   6.38864    0.0143  14836148   4125989  21544886
   6.38839   6.38851    0.0143  14794648   4115339  21497686
   6.38825   6.38838    0.0143  14813348   4121579  21522586
   6.38811   6.38824    0.0143  14799948   4116229  21497586
   6.38797   6.38811    0.0143  14815748   4121769  21523786
   6.38783   6.38798    0.0143  14799248   4116039  21503686
   6.38769   6.38785    0.0143  14797348   4116409  21511986
   6.38756   6.38771    0.0143  14794348   4115849  21504886
   6.38742   6.38758    0.0143  14785248   4112069  21483786
   6.38728   6.38744    0.0143  14785048   4113329  21486986
   6.38714   6.38731    0.0143  14781948   4113959  21495386
   6.38700   6.38717    0.0143  14780048   4113269  21488386
   6.38686   6.38704    0.0143  14762448   4107149  21458186
   6.38672   6.38690    0.0143  14758348   4106649  21452686
   6.38658   6.38676    0.0143  14774248   4111309  21476086
   6.38644   6.38662    0.0143  14742748   4103189  21435986
   6.38631   6.38649    0.0143  14775248   4110679  21476486
   6.38617   6.38635    0.0143  14734548   4099779  21430886
   6.38603   6.38620    0.0143  14746348   4104009  21445786
   6.38589   6.38606    0.0143  14708948   4094809  21392686
   6.38575   6.38592    0.0143  14726548   4098149  21416386
   6.38561   6.38578    0.0143  14716248   4098149  21416186
   6.38547   6.38564    0.0143  14703548   4093289  21398586
   6.38533   6.38550    0.0143  14699048   4092409  21396986
   6.38519   6.38535    0.0143  14706848   4093929  21406286
   6.38506   6.38521    0.0143  14702548   4092539  21398986
   6.38492   6.38506    0.0143  14687748   4089329  21363886
   6.38478   6.38491    0.0143  14697048   4093419  21394286
   6.38464   6.38476    0.0143  14692048   4089129  21370886
   6.38450   6.38462    0.0143  14686548   4089329  21380086
   6.38436   6.38447    0.0143  14716448   4097639  21431186
   6.38422   6.38433    0.0143  14708348   4095309  21414786
   6.38408   6.38418    0.0143  14724648   4100039  21438286
   6.38394   6.38404    0.0143  14699548   4093979  21404886
   6.38381   6.38389    0.0143  14726748   4100979  21455686
   6.38367   6.38375    0.0143  14705148   4095939  21415986
   6.38353   6.38361    0.0143  14735548   4103569  21463386
   6.38339   6.38347    0.0143  14729448   4103749  21468786
   6.38325   6.38334    0.0143  14745048   4108909  21490686
   6.38311   6.38320    0.0143  14721848   4101299  21454686
   6.38297   6.38306    0.0143  14712748   4099789  21442086
   6.38283   6.38293    0.0143  14729048   4104129  21470786
   6.38269   6.38279    0.0143  14718048   4101169  21451886
   6.38256   6.38266    0.0143  14739648   4107339  21482386
   6.38242   6.38253    0.0143  14745748   4108729  21484486
   6.38228   6.38239    0.0143  14725148   4103439  21469886
   6.38214   6.38226    0.0143  14713448   4100039  21457786
   6.38200   6.38213    0.0143  14706748   4100039  21455686
   6.38186   6.38200    0.0143  14734948   4107649  21494886
   6.38172   6.38187    0.0143  14713748   4101799  21462886
   6.38158   6.38174    0.0143  14744148   4109299  21506986
   6.38144   6.38161    0.0143  14700248   4099339  21455186
   6.38131   6.38147    0.0143  14696148   4100669  21454186
   6.38117   6.38134    0.0143  14679948   4096639  21435186
   6.38103   6.38121    0.0143  14711548   4102549  21468786
   6.38089   6.38107    0.0143  14700748   4100289  21456586
   6.38075   6.38093    0.0143  14699348   4099849  21458886
   6.38061   6.38079    0.0143  14694348   4098709  21446886
   6.38047   6.38065    0.0143  14677748   4094619  21428186
   6.38033   6.38051    0.0143  14677548   4094299  21429686
   6.38019   6.38036    0.0143  14679748   4094929  21435786
   6.38006   6.38022    0.0143  14700948   4099969  21460686
   6.37992   6.38008    0.0143  14671548   4093989  21434086
   6.37978   6.37993    0.0143  14655448   4091089  21415386
   6.37964   6.37979    0.0143  14657348   4090009  21416586
   6.37950   6.37964    0.0143  14651048   4088379  21408986
   6.37936   6.37950    0.0143  14661248   4093359  21427086
   6.37922   6.37936    0.0143  14655148   4090459  21415986
   6.37908   6.37922    0.0143  14679148   4098149  21455386
   6.37894   6.37908    0.0143  14620048   4083339  21385386
   6.37881   6.37895    0.0143  14643248   4088129  21408786
   6.37867   6.37881    0.0143  14624748   4084039  21383686
   6.37853   6.37867    0.0143  14630848   4086299  21407486
   6.37839   6.37854    0.0143  14629548   4086809  21402186
   6.37825   6.37840    0.0143  14620248   4084729  21394786
   6.37811   6.37827    0.0143  14624548   4085289  21394886
   6.37797   6.37814    0.0143  14592348   4077229  21364786
   6.37783   6.37800    0.0143  14608448   4081959  21382086
   6.37769   6.37787    0.0143  14604148   4077919  21363486
   6.37756   6.37774    0.0143  14586548   4075849  21356486
   6.37742   6.37761    0.0143  14585648   4073819  21346686
   6.37728   6.37747    0.0143  14577848   4074839  21346186
   6.37714   6.37734    0.0143  14581648   4076289  21354986
   6.37700   6.37720    0.0143  14551148   4067529  21311486
   6.37686   6.37707    0.0143  14580148   4075279  21356386
   6.37672   6.37693    0.0143  14540448   4064249  21297086
   6.37658   6.37679    0.0143  14546848   4066649  21306686
   6.37644   6.37665    0.0143  14522348   4060909  21278786
   6.37631   6.37651    0.0143  14554348   4068849  21329486
   6.37617   6.37637    0.0143  14533948   4065069  21304486
   6.37603   6.37623    0.0143  14536248   4065699  21311986
   6.37589   6.37609    0.0143  14533548   4064879  21308686
   6.37575   6.37595    0.0143  14528048   4063809  21299186
   6.37561   6.37581    0.0143  14539848   4065579  21317586
   6.37547   6.37567    0.0143  14552448   4070429  21333286
   6.37533   6.37552    0.0143  14572748   4077169  21378986
   6.37519   6.37537    0.0143  14564148   4076339  21369286
   6.37506   6.37523    0.0143  14553248   4073139  21344386
   6.37492   6.37508    0.0143  14568548   4076729  21382186
   6.37478   6.37493    0.0143  14546448   4073509  21353186
   6.37464   6.37479    0.0143  14583348   4081769  21399486
   6.37450   6.37464    0.0143  14561648   4075969  21375786
   6.37436   6.37449    0.0143  14598548   4086559  21428286
   6.37422   6.37435    0.0143  14551348   4074209  21369686
   6.37408   6.37420    0.0143  14571748   4080379  21404386
   6.37394   6.37405    0.0143  14559048   4076159  21379386
   6.37381   6.37391    0.0143  14568248   4079619  21387386
   6.37367   6.37377    0.0143  14563748   4079119  21386686
   6.37353   6.37362    0.0143  14567848   4081889  21404686
   6.37339   6.37349    0.0143  14560348   4079369  21396986
   6.37325   6.37334    0.0143  14532948   4072759  21360186
   6.37311   6.37321    0.0143  14541648   4074459  21372286
   6.37297   6.37307    0.0143  14547148   4075969  21376586
   6.37283   6.37293    0.0143  14548048   4074899  21381486
   6.37269   6.37280    0.0143  14553848   4079179  21402086
   6.37256   6.37266    0.0143  14516548   4068469  21346386
   6.37242   6.37253    0.0143  14525848   4071749  21360286
   6.37228   6.37240    0.0143  14496848   4062039  21308686
   6.37214   6.37226    0.0143  14532048   4073139  21373486
   6.37200   6.37213    0.0143  14503948   4066709  21334586
   6.37186   6.37200    0.0143  14520348   4070489  21365086
   6.37172   6.37187    0.0143  14483348   4061859  21318086
   6.37158   6.37174    0.0143  14489948   4062549  21328986
   6.37144   6.37160    0.0143  14461648   4056819  21289986
   6.37131   6.37147    0.0143  14480248   4062239  21314186
   6.37117   6.37134    0.0143  14480148   4062549  21323186
   6.37103   6.37120    0.0143  14473148   4061169  21318286
   6.37089   6.37106    0.0143  14460048   4056439  21292186
   6.37075   6.37092    0.0143  14444548   4052719  21272786
   6.37061   6.37078    0.0143  14435148   4050269  21262986
   6.37047   6.37064    0.0143  14437048   4051839  21263386
   6.37033   6.37050    0.0143  14430048   4052849  21281686
   6.37019   6.37035    0.0143  14449748   4056439  21298186
   6.37006   6.37021    0.0143  14411248   4045789  21246786
   6.36992   6.37006    0.0143  14416848   4047429  21253386
   6.36978   6.36992    0.0143  14382348   4038989  21211986
   6.36964   6.36978    0.0143  14417948   4050519  21269286
   6.36950   6.36963    0.0143  14391548   4040499  21220686
   6.36936   6.36949    0.0143  14416748   4049129  21262586
   6.36922   6.36935    0.0143  14368448   4036409  21196786
   6.36908   6.36921    0.0143  14361448   4034959  21190386
   6.36894   6.36907    0.0143  14355348   4032499  21184486
   6.36881   6.36893    0.0143  14369148   4036789  21198886
   6.36867   6.36879    0.0143  14359748   4035589  21194386
   6.36853   6.36866    0.0143  14336148   4028469  21157086
   6.36839   6.36852    0.0143  14330848   4027209  21157886
   6.36825   6.36839    0.0143  14314448   4023869  21145486
   6.36811   6.36825    0.0143  14301848   4019779  21118286
   6.36797   6.36811    0.0143  14318648   4024499  21141886
   6.36783   6.36798    0.0143  14289748   4018139  21109386
   6.36769   6.36785    0.0143  14303448   4021409  21132586
   6.36756   6.36771    0.0143  14261548   4012029  21077986
   6.36742   6.36758    0.0143  14296548   4019019  21118886
   6.36728   6.36745    0.0143  14253648   4009569  21070886
   6.36714   6.36731    0.0143  14272948   4015679  21112386
   6.36700   6.36717    0.0143  14265648   4013659  21090986
   6.36686   6.36704    0.0143  14291248   4019329  21116686
   6.36672   6.36690    0.0143  14274948   4017889  21109786
   6.36658   6.36676    0.0143  14287448   4020719  21129886
   6.36644   6.36662    0.0143  14286048   4022229  21138986
   6.36631   6.36649    0.0143  14288148   4021099  21134886
   6.36617   6.36635    0.0143  14294348   4023559  21147186
   6.36603   6.36620    0.0143  14287948   4022669  21150186
   6.36589   6.36606    0.0143  14279048   4022359  21140686
   6.36575   6.36592    0.0143  14290248   4025319  21157986
   6.36561   6.36578    0.0143  14285148   4022989  21147386
   6.36547   6.36564    0.0143  14296048   4027709  21176586
   6.36533   6.36549    0.0143  14260448   4019079  21132386
   6.36519   6.36535    0.0143  14287748   4025379  21159186
   6.36506   6.36520    0.0143  14257048   4018769  21126686
   6.36492   6.36506    0.0143  14286248   4025449  21160786
   6.36478   6.36491    0.0143  14251848   4016939  21123286
   6.36464   6.36476    0.0143  14277548   4024499  21158486
   6.36450   6.36462    0.0143  14245548   4014609  21116486
   6.36436   6.36447    0.0143  14241948   4015179  21109886
   6.36422   6.36432    0.0143  14230348   4012909  21106486
   6.36408   6.36418    0.0143  14235948   4015179  21114486
   6.36394   6.36403    0.0143  14233248   4013919  21108486
   6.36381   6.36389    0.0143  14219948   4010699  21087286
   6.36367   6.36375    0.0143  14212948   4010009  21086186
   6.36353   6.36361    0.0143  14207548   4006919  21066486
   6.36339   6.36347    0.0143  14186448   4003959  21065786
   6.36325   6.36333    0.0143  14206748   4008689  21085686
   6.36311   6.36319    0.0143  14179448   4000809  21040386
   6.36297   6.36306    0.0143  14196848   4004529  21065986
   6.36283   6.36292    0.0143  14152148   3993879  21018786
   6.36269   6.36278    0.0143  14178248   4001439  21052186
   6.36256   6.36265    0.0143  14143048   3990419  20992386
   6.36242   6.36252    0.0143  14168848   3999869  21056386
   6.36228   6.36239    0.0143  14135148   3993059  21008386
   6.36214   6.36226    0.0143  14144548   3993819  21025286
   6.36200   6.36212    0.0143  14119648   3985499  20973486
   6.36186   6.36199    0.0143  14124048   3989719  20995086
   6.36172   6.36186    0.0143  14117748   3988899  20990086
   6.36158   6.36173    0.0143  14108448   3984999  20971886
   6.36144   6.36160    0.0143  14110848   3987519  20976886
   6.36131   6.36146    0.0143  14105148   3983929  20975086
   6.36117   6.36133    0.0143  14094448   3979709  20957786
   6.36103   6.36120    0.0143  14083448   3980209  20948286
   6.36089   6.36106    0.0143  14082348   3978449  20940386
   6.36075   6.36092    0.0143  14092448   3983049  20963386
   6.36061   6.36078    0.0143  14052448   3973159  20916286
   6.36047   6.36064    0.0143  14083948   3979389  20949986
   6.36033   6.36050    0.0143  14042148   3969749  20898586
   6.36019   6.36035    0.0143  14064948   3975359  20926586
   6.36006   6.36021    0.0143  14025448   3964899  20880086
   6.35992   6.36006    0.0143  14046648   3970949  20915586
   6.35978   6.35992    0.0143  14018348   3964079  20872186
   6.35964   6.35977    0.0143  14014648   3962379  20864386
   6.35950   6.35963    0.0143  14004248   3960369  20858886
   6.35936   6.35949    0.0143  13998648   3959289  20854786
   6.35922   6.35935    0.0143  13994548   3958479  20846386
   6.35908   6.35921    0.0143  13984948   3955889  20840486
   6.35894   6.35907    0.0143  13972248   3952869  20825986
   6.35881   6.35893    0.0143  13962848   3949719  20809586
   6.35867   6.35880    0.0143  13955348   3949209  20795786
   6.35853   6.35866    0.0143  13974348   3953059  20826586
   6.35839   6.35853    0.0143  13940048   3945499  20781986
   6.35825   6.35839    0.0143  13959448   3951099  20813386
   6.35811   6.35826    0.0143  13938748   3945499  20780686
   6.35797   6.35812    0.0143  13966448   3955069  20832186
   6.35783   6.35799    0.0143  13938448   3946129  20794186
   6.35769   6.35786    0.0143  13983448   3958979  20857186
   6.35756   6.35773    0.0143  13959848   3952489  20827586
   6.35742   6.35759    0.0143  13966748   3955579  20833986
   6.35728   6.35746    0.0143  13948348   3949339  20795486
   6.35714   6.35732    0.0143  13960348   3953619  20835186
   6.35700   6.35719    0.0143  13959648   3953249  20834586
   6.35686   6.35705    0.0143  13954848   3952299  20827186
   6.35672   6.35692    0.0143  13964948   3954759  20845086
   6.35658   6.35678    0.0143  13949448   3951669  20826786
   6.35644   6.35664    0.0143  13929148   3945429  20792986
   6.35631   6.35650    0.0143  13935448   3947699  20800886
   6.35617   6.35636    0.0143  13920848   3946509  20798286
   6.35603   6.35622    0.0143  13950048   3952429  20836786
   6.35589   6.35609    0.0143  13913348   3943099  20797786
   6.35575   6.35594    0.0143  13938048   3948959  20821086
   6.35561   6.35580    0.0143  13898848   3936489  20754486
   6.35547   6.35566    0.0143  13910348   3940209  20773586
   6.35533   6.35552    0.0143  13873948   3933529  20743486
   6.35519   6.35537    0.0143  13907048   3942469  20777186
   6.35506   6.35523    0.0143  13879748   3934539  20736986
   6.35492   6.35508    0.0143  13870948   3934469  20746886
   6.35478   6.35494    0.0143  13864648   3929879  20727386
   6.35464   6.35479    0.0143  13855348   3928869  20710586
   6.35450   6.35464    0.0143  13839448   3925779  20704086
   6.35436   6.35449    0.0143  13850748   3929179  20714586
   6.35422   6.35435    0.0143  13849348   3927289  20714286
   6.35408   6.35421    0.0143  13835548   3922569  20691886
   6.35394   6.35406    0.0143  13806748   3915819  20653886
   6.35381   6.35392    0.0143  13820148   3918529  20669686
   6.35367   6.35378    0.0143  13785648   3911729  20633486
   6.35353   6.35364    0.0143  13808548   3918339  20664886
   6.35339   6.35350    0.0143  13792648   3912619  20641786
   6.35325   6.35336    0.0143  13806748   3917079  20665386
   6.35311   6.35322    0.0143  13756648   3900639  20584186
   6.35297   6.35309    0.0143  13784148   3911349  20637886
   6.35283   6.35295    0.0143  13762148   3903789  20596186
   6.35269   6.35282    0.0143  13771448   3908519  20623386
   6.35256   6.35268    0.0143  13755048   3903289  20601486
   6.35242   6.35255    0.0143  13753748   3903789  20598586
   6.35228   6.35242    0.0143  13735948   3898309  20562486
   6.35214   6.35229    0.0143  13721948   3895409  20556786
   6.35200   6.35216    0.0143  13730248   3896919  20566486
   6.35186   6.35203    0.0143  13727748   3896359  20568686
   6.35172   6.35190    0.0143  13714548   3894589  20559586
   6.35158   6.35177    0.0143  13722148   3893769  20561486
   6.35144   6.35163    0.0143  13693448   3885769  20524186
   6.35131   6.35150    0.0143  13693448   3888359  20527386
   6.35117   6.35137    0.0143  13659148   3880169  20482886
   6.35103   6.35123    0.0143  13703048   3891069  20550186
   6.35089   6.35110    0.0143  13654148   3877019  20478686
   6.35075   6.35096    0.0143  13664548   3880919  20491586
   6.35061   6.35082    0.0143  13636448   3872479  20448486
   6.35047   6.35068    0.0143  13645548   3875449  20467586
   6.35033   6.35054    0.0143  13622848   3868699  20429386
   6.35019   6.35040    0.0143  13640848   3874809  20466286
   6.35006   6.35025    0.0143  13627448   3871659  20450986
   6.34992   6.35011    0.0143  13610248   3866679  20428986
   6.34978   6.34996    0.0143  13600648   3864349  20413986
   6.34964   6.34982    0.0143  13602948   3865119  20417286
   6.34950   6.34968    0.0143  13611648   3868069  20434886
   6.34936   6.34954    0.0143  13615048   3868259  20436886
   6.34922   6.34939    0.0143  13605448   3866679  20425486
   6.34908   6.34925    0.0143  13624748   3872169  20455886
   6.34894   6.34912    0.0143  13590048   3863979  20413686
   6.34881   6.34898    0.0143  13638548   3875759  20474886
   6.34867   6.34884    0.0143  13606648   3869139  20445786
   6.34853   6.34870    0.0143  13644048   3877899  20490886
   6.34839   6.34857    0.0143  13589648   3863089  20414886
   6.34825   6.34844    0.0143  13630748   3874759  20474986
   6.34811   6.34830    0.0143  13600348   3866119  20433086
   6.34797   6.34817    0.0143  13615548   3870649  20469886
   6.34783   6.34803    0.0143  13603248   3867499  20446086
   6.34769   6.34790    0.0143  13592648   3866239  20437486
   6.34756   6.34776    0.0143  13587848   3863089  20418086
   6.34742   6.34763    0.0143  13576648   3861149  20421586
   6.34728   6.34750    0.0143  13583348   3863089  20423886
   6.34714   6.34736    0.0143  13579448   3863529  20425886
   6.34700   6.34723    0.0143  13561348   3857549  20400786
   6.34686   6.34709    0.0143  13576448   3861389  20424186
   6.34672   6.34695    0.0143  13541848   3852639  20373186
   6.34658   6.34681    0.0143  13554248   3856099  20392286
   6.34644   6.34667    0.0143  13527848   3849039  20353686
   6.34631   6.34653    0.0143  13561148   3858809  20406786
   6.34617   6.34639    0.0143  13512248   3843749  20331786
   6.34603   6.34625    0.0143  13527548   3849559  20356986
   6.34589   6.34611    0.0143  13495348   3839909  20315586
   6.34575   6.34597    0.0143  13528548   3849989  20359986
   6.34561   6.34583    0.0143  13490248   3839849  20308186
   6.34547   6.34569    0.0143  13506248   3843879  20340886
   6.34533   6.34554    0.0143  13488948   3838969  20311786
   6.34519   6.34540    0.0143  13480448   3835499  20294086
   6.34506   6.34525    0.0143  13466048   3833359  20280786
   6.34492   6.34510    0.0143  13468548   3833859  20284186
   6.34478   6.34495    0.0143  13454248   3829699  20269986
   6.34464   6.34481    0.0143  13453748   3831719  20277986
   6.34450   6.34466    0.0143  13440448   3827069  20254786
   6.34436   6.34451    0.0143  13449648   3830139  20269086
   6.34422   6.34437    0.0143  13408748   3819119  20207786
   6.34408   6.34422    0.0143  13445748   3829509  20259386
   6.34394   6.34408    0.0143  13409648   3820249  20219286
   6.34381   6.34393    0.0143  13436848   3827699  20258786
   6.34367   6.34379    0.0143  13396848   3816469  20194986
   6.34353   6.34365    0.0143  13422648   3823469  20236086
   6.34339   6.34351    0.0143  13386848   3812879  20178986
   6.34325   6.34337    0.0143  13391548   3814839  20197686
   6.34311   6.34323    0.0143  13391048   3815099  20195886
   6.34297   6.34309    0.0143  13392548   3815529  20203386
   6.34283   6.34296    0.0143  13374448   3810299  20175386
   6.34269   6.34282    0.0143  13361648   3809609  20164886
   6.34256   6.34269    0.0143  13368148   3810799  20177486
   6.34242   6.34256    0.0143  13364348   3809619  20165986
   6.34228   6.34242    0.0143  13344448   3804439  20137086
   6.34214   6.34229    0.0143  13359248   3808409  20169686
   6.34200   6.34216    0.0143  13325848   3798899  20116786
   6.34186   6.34202    0.0143  13327448   3801479  20122786
   6.34172   6.34189    0.0143  13309748   3793859  20091286
   6.34158   6.34176    0.0143  13336848   3803759  20148886
   6.34144   6.34163    0.0143  13289248   3788309  20076686
   6.34131   6.34150    0.0143  13320848   3799019  20124786
   6.34117   6.34136    0.0143  13295548   3792909  20091486
   6.34103   6.34123    0.0143  13306648   3794109  20108286
   6.34089   6.34109    0.0143  13282748   3788009  20069686
   6.34075   6.34095    0.0143  13306748   3796499  20102986
   6.34061   6.34081    0.0143  13305848   3795999  20110786
   6.34047   6.34067    0.0143  13305648   3796249  20113386
   6.34033   6.34052    0.0143  13314848   3798709  20125486
   6.34019   6.34038    0.0143  13309948   3798469  20132886
   6.34006   6.34023    0.0143  13301948   3797319  20120886
   6.33992   6.34009    0.0143  13310848   3798269  20139086
   6.33978   6.33994    0.0143  13308248   3799719  20131186
   6.33964   6.33980    0.0143  13332748   3805199  20164686
   6.33950   6.33966    0.0143  13299048   3797399  20119186
   6.33936   6.33951    0.0143  13336848   3807719  20179486
   6.33922   6.33937    0.0143  13293348   3796379  20131286
   6.33908   6.33923    0.0143  13316348   3802739  20151686
   6.33894   6.33909    0.0143  13289248   3796819  20120286
   6.33881   6.33895    0.0143  13319748   3803619  20160786
   6.33867   6.33881    0.0143  13294548   3796259  20129986
   6.33853   6.33868    0.0143  13300048   3799019  20135886
   6.33839   6.33854    0.0143  13303448   3800279  20145686
   6.33825   6.33841    0.0143  13298448   3799459  20139286
   6.33811   6.33828    0.0143  13288848   3795809  20123486
   6.33797   6.33814    0.0143  13284248   3794999  20123686
   6.33783   6.33801    0.0143  13281948   3795679  20134086
   6.33769   6.33787    0.0143  13285048   3795049  20119986
   6.33756   6.33774    0.0143  13278248   3793479  20122286
   6.33742   6.33761    0.0143  13279748   3797009  20139686
   6.33728   6.33747    0.0143  13247048   3787319  20096386
   6.33714   6.33734    0.0143  13261948   3791969  20106786
   6.33700   6.33720    0.0143  13244448   3786299  20084686
   6.33686   6.33707    0.0143  13280748   3795809  20132686
   6.33672   6.33693    0.0143  13233648   3784849  20073286
   6.33658   6.33679    0.0143  13259548   3791599  20113886
   6.33644   6.33665    0.0143  13228948   3785099  20065986
   6.33631   6.33651    0.0143  13236448   3785159  20085886
   6.33617   6.33637    0.0143  13231648   3785349  20073286
   6.33603   6.33623    0.0143  13250148   3790269  20111286
   6.33589   6.33610    0.0143  13240048   3785859  20086686
   6.33575   6.33595    0.0143  13214848   3781019  20062886
   6.33561   6.33581    0.0143  13207848   3779739  20053686
   6.33547   6.33567    0.0143  13209348   3780879  20058986
   6.33533   6.33553    0.0143  13203548   3778419  20048886
   6.33519   6.33538    0.0143  13227748   3784779  20084486
   6.33506   6.33523    0.0143  13207948   3779949  20058386
   6.33492   6.33509    0.0143  13211048   3782199  20063186
   6.33478   6.33494    0.0143  13170348   3770609  20010786
   6.33464   6.33480    0.0143  13215548   3782139  20066686
   6.33450   6.33465    0.0143  13173848   3774009  20023886
   6.33436   6.33450    0.0143  13198648   3778939  20063586
   6.33422   6.33435    0.0143  13159848   3768719  20007286
   6.33408   6.33421    0.0143  13183148   3775839  20036386
   6.33394   6.33407    0.0143  13146948   3765569  19984486
   6.33381   6.33392    0.0143  13164148   3769659  20006086
   6.33367   6.33378    0.0143  13154848   3766339  19994986
   6.33353   6.33364    0.0143  13147848   3764689  19986186
   6.33339   6.33350    0.0143  13127648   3760589  19964186
   6.33325   6.33336    0.0143  13132148   3761729  19976786
   6.33311   6.33323    0.0143  13113048   3758889  19959886
   6.33297   6.33309    0.0143  13098748   3754989  19940886
   6.33283   6.33295    0.0143  13095648   3753739  19933586
   6.33269   6.33282    0.0143  13109448   3756059  19942686
   6.33256   6.33269    0.0143  13069148   3745789  19898686
   6.33242   6.33255    0.0143  13093648   3752649  19926286
   6.33228   6.33242    0.0143  13056348   3744209  19887186
   6.33214   6.33229    0.0143  13088148   3751909  19927986
   6.33200   6.33216    0.0143  13049448   3741379  19874686
   6.33186   6.33203    0.0143  13096948   3754419  19946186
   6.33172   6.33190    0.0143  13074148   3749319  19916486
   6.33158   6.33177    0.0143  13086448   3752279  19939986
   6.33144   6.33164    0.0143  13080848   3752539  19925186
   6.33131   6.33150    0.0143  13077848   3753469  19941486
   6.33117   6.33137    0.0143  13079848   3752209  19930786
   6.33103   6.33123    0.0143  13075448   3751139  19930386
   6.33089   6.33110    0.0143  13086448   3755299  19942086
   6.33075   6.33096    0.0143  13086848   3755819  19949686
   6.33061   6.33082    0.0143  13066348   3750509  19930586
   6.33047   6.33068    0.0143  13086348   3756999  19968786
   6.33033   6.33053    0.0143  13076248   3751709  19942186
   6.33019   6.33039    0.0143  13077648   3754799  19955086
   6.33006   6.33025    0.0143  13058248   3748559  19926786
   6.32992   6.33010    0.0143  13096648   3759979  19983886
   6.32978   6.32996    0.0143  13052748   3748619  19922086
   6.32964   6.32982    0.0143  13078348   3756499  19969386
   6.32950   6.32967    0.0143  13050348   3748369  19930086
   6.32936   6.32953    0.0143  13076948   3756429  19960386
   6.32922   6.32939    0.0143  13046248   3747689  19926086
   6.32908   6.32925    0.0143  13074648   3755299  19964786
   6.32894   6.32911    0.0143  13066548   3753599  19954186
   6.32881   6.32897    0.0143  13068148   3753909  19957286
   6.32867   6.32884    0.0143  13062248   3752969  19955786
   6.32853   6.32870    0.0143  13057648   3752539  19956486
   6.32839   6.32857    0.0143  13051948   3751139  19952186
   6.32825   6.32843    0.0143  13052048   3751899  19943686
   6.32811   6.32830    0.0143  13050748   3750949  19939786
   6.32797   6.32817    0.0143  13070848   3756939  19978286
   6.32783   6.32803    0.0143  13033648   3746539  19926086
   6.32769   6.32790    0.0143  13062948   3754939  19968686
   6.32756   6.32777    0.0143  13020948   3745089  19914386
   6.32742   6.32763    0.0143  13052348   3753789  19959586
   6.32728   6.32750    0.0143  13022948   3745539  19913486
   6.32714   6.32736    0.0143  13061148   3756749  19982286
   6.32700   6.32723    0.0143  13031048   3747949  19934486
   6.32686   6.32709    0.0143  13036748   3750509  19942986
   6.32672   6.32696    0.0143  13024848   3745979  19931186
   6.32658   6.32682    0.0143  13034048   3748499  19934886
   6.32644   6.32668    0.0143  13013248   3744529  19918086
   6.32631   6.32654    0.0143  13029248   3748129  19941186
   6.32617   6.32640    0.0143  13026348   3749319  19945386
   6.32603   6.32626    0.0143  13025048   3747799  19938686
   6.32589   6.32612    0.0143  12999148   3741129  19911186
   6.32575   6.32599    0.0143  13017548   3748809  19947286
   6.32561   6.32584    0.0143  12994148   3741709  19909386
   6.32547   6.32570    0.0143  13016748   3746419  19942286
   6.32533   6.32556    0.0143  12991248   3741569  19907086
   6.32519   6.32542    0.0143  13013648   3747429  19946586
   6.32506   6.32527    0.0143  12965548   3733879  19871286
   6.32492   6.32513    0.0143  12996248   3741819  19920086
   6.32478   6.32498    0.0143  12967948   3733199  19873386
   6.32464   6.32483    0.0143  12978748   3738349  19892886
   6.32450   6.32469    0.0143  12947348   3731049  19856086
   6.32436   6.32454    0.0143  12971648   3736149  19893786
   6.32422   6.32440    0.0143  12956348   3733189  19870986
   6.32408   6.32425    0.0143  12941248   3730179  19854786
   6.32394   6.32411    0.0143  12941348   3729029  19849486
   6.32381   6.32396    0.0143  12943948   3731359  19865386
   6.32367   6.32382    0.0143  12931448   3727899  19848686
   6.32353   6.32368    0.0143  12948948   3730599  19862686
   6.32339   6.32354    0.0143  12929048   3728039  19851486
   6.32325   6.32340    0.0143  12947548   3731929  19872486
   6.32311   6.32327    0.0143  12917248   3724749  19830186
   6.32297   6.32313    0.0143  12974248   3740179  19916086
   6.32283   6.32299    0.0143  12952648   3734759  19891086
   6.32269   6.32286    0.0143  12982448   3743089  19931386
   6.32256   6.32272    0.0143  12956048   3736719  19901986
   6.32242   6.32259    0.0143  12991548   3748239  19961686
   6.32228   6.32246    0.0143  12972448   3740369  19933286
   6.32214   6.32233    0.0143  12986948   3746039  19950986
   6.32200   6.32220    0.0143  12982448   3745239  19949486
   6.32186   6.32207    0.0143  12990848   3747109  19965786
   6.32172   6.32193    0.0143  12981948   3747109  19954786
   6.32158   6.32180    0.0143  12999148   3750699  19990486
   6.32144   6.32167    0.0143  12982448   3749319  19972586
   6.32131   6.32154    0.0143  12986748   3747679  19962886
   6.32117   6.32141    0.0143  12986548   3749329  19971786
   6.32103   6.32127    0.0143  13014548   3754859  20004486
   6.32089   6.32113    0.0143  12987248   3749949  19984086
   6.32075   6.32100    0.0143  13001648   3755359  20009886
   6.32061   6.32085    0.0143  12983648   3747799  19980986
   6.32047   6.32071    0.0143  13010948   3756069  20015986
   6.32033   6.32057    0.0143  12963148   3743709  19949786
   6.32019   6.32042    0.0143  13007848   3756879  20021486
   6.32006   6.32028    0.0143  12981048   3750319  19985186
   6.31992   6.32014    0.0143  13003548   3756059  20015286
   6.31978   6.31999    0.0143  12976148   3748199  19974686
   6.31964   6.31985    0.0143  13000648   3755799  20023786
   6.31950   6.31970    0.0143  12985948   3750759  20000886
   6.31936   6.31956    0.0143  12980948   3751329  19994686
   6.31922   6.31942    0.0143  12991548   3754729  20017086
   6.31908   6.31928    0.0143  12985748   3752909  20004086
   6.31894   6.31914    0.0143  12980548   3749199  19993786
   6.31881   6.31900    0.0143  12983448   3751959  20004686
   6.31867   6.31886    0.0143  12974248   3750389  19994386
   6.31853   6.31872    0.0143  12982648   3752589  20015686
   6.31839   6.31858    0.0143  12960148   3747989  19982186
   6.31825   6.31845    0.0143  13000548   3757769  20034986
   6.31811   6.31831    0.0143  12958948   3746919  19986286
   6.31797   6.31818    0.0143  12984448   3753979  20023186
   6.31783   6.31805    0.0143  12959348   3747049  19975686
   6.31769   6.31791    0.0143  12991448   3755989  20032886
   6.31756   6.31778    0.0143  12953348   3746869  19978386
   6.31742   6.31764    0.0143  12967848   3752019  20001286
   6.31728   6.31751    0.0143  12963548   3750949  19999386
   6.31714   6.31737    0.0143  12956748   3748369  19999486
   6.31700   6.31724    0.0143  12954648   3747609  19992986
   6.31686   6.31710    0.0143  12961848   3751029  20005286
   6.31672   6.31696    0.0143  12956048   3748689  20003386
   6.31658   6.31682    0.0143  12954848   3747929  19997986
   6.31644   6.31668    0.0143  12953448   3747739  19997786
   6.31631   6.31655    0.0143  12957848   3749879  20009586
   6.31617   6.31641    0.0143  12931848   3742949  19964286
   6.31603   6.31627    0.0143  12948548   3746559  19990886
   6.31589   6.31612    0.0143  12914348   3739489  19953186
   6.31575   6.31598    0.0143  12942948   3746859  19995786
   6.31561   6.31584    0.0143  12904548   3735389  19935186
   6.31547   6.31570    0.0143  12941448   3746419  19989286
   6.31533   6.31556    0.0143  12912648   3738619  19950986
   6.31519   6.31541    0.0143  12915048   3739869  19961686
   6.31506   6.31527    0.0143  12905648   3737719  19945686
   6.31492   6.31512    0.0143  12921248   3741879  19974586
   6.31478   6.31498    0.0143  12913548   3739739  19965886
   6.31464   6.31483    0.0143  12908648   3737679  19954286
   6.31450   6.31468    0.0143  12911748   3741189  19966786
   6.31436   6.31453    0.0143  12922448   3742569  19970586
   6.31422   6.31438    0.0143  12925148   3742889  19977386
   6.31408   6.31424    0.0143  12945348   3749379  20019186
   6.31394   6.31409    0.0143  12936848   3749579  20019686
   6.31381   6.31395    0.0143  12958748   3755359  20045386
   6.31367   6.31381    0.0143  12945648   3750639  20024586
   6.31353   6.31366    0.0143  12974648   3760469  20077886
   6.31339   6.31352    0.0143  12943348   3753849  20039986
   6.31325   6.31338    0.0143  12973648   3760149  20079386
   6.31311   6.31324    0.0143  12960948   3756069  20057286
   6.31297   6.31311    0.0143  12974448   3762099  20101086
   6.31283   6.31297    0.0143  12954348   3757059  20073586
   6.31269   6.31284    0.0143  12977148   3763679  20098986
   6.31256   6.31270    0.0143  12976648   3762479  20091886
   6.31242   6.31257    0.0143  12973348   3762249  20103086
   6.31228   6.31244    0.0143  12972448   3762099  20095586
   6.31214   6.31230    0.0143  12976248   3762229  20095086
   6.31200   6.31217    0.0143  12977148   3763619  20102586
   6.31186   6.31204    0.0143  12969648   3762479  20107086
   6.31172   6.31191    0.0143  12980548   3763949  20104586
   6.31158   6.31178    0.0143  12990148   3767709  20123886
   6.31144   6.31164    0.0143  12962848   3760969  20089986
   6.31131   6.31151    0.0143  12977648   3764809  20124786
   6.31117   6.31138    0.0143  12965348   3760469  20097286
   6.31103   6.31124    0.0143  12981748   3767979  20133186
   6.31089   6.31110    0.0143  12955048   3759649  20096086
   6.31075   6.31096    0.0143  12986148   3767019  20137486
   6.31061   6.31082    0.0143  12958148   3761849  20094186
   6.31047   6.31068    0.0143  12963948   3764559  20117186
   6.31033   6.31054    0.0143  12960348   3762039  20105586
   6.31019   6.31039    0.0143  12973148   3764759  20122386
   6.31006   6.31025    0.0143  12955848   3760659  20113786
   6.30992   6.31010    0.0143  12956248   3760719  20107086
   6.30978   6.30996    0.0143  12961948   3762729  20112786
   6.30964   6.30982    0.0143  12950848   3760969  20094586
   6.30950   6.30967    0.0143  12952148   3759409  20096186
   6.30936   6.30953    0.0143  12964748   3764369  20124686
   6.30922   6.30939    0.0143  12960048   3763239  20118186
   6.30908   6.30925    0.0143  12959348   3764999  20126786
   6.30894   6.30911    0.0143  12939648   3759079  20097086
   6.30881   6.30897    0.0143  12953848   3765079  20127886
   6.30867   6.30883    0.0143  12941248   3758699  20094986
   6.30853   6.30870    0.0143  12969848   3767589  20149186
   6.30839   6.30856    0.0143  12941748   3759579  20094686
   6.30825   6.30842    0.0143  12959948   3765439  20133686
   6.30811   6.30829    0.0143  12924348   3754179  20085486
   6.30797   6.30815    0.0143  12959848   3764369  20133986
   6.30783   6.30802    0.0143  12945948   3760909  20113586
   6.30769   6.30789    0.0143  12943748   3760279  20111486
   6.30756   6.30776    0.0143  12933148   3758579  20102786
   6.30742   6.30762    0.0143  12923148   3755739  20089686
   6.30728   6.30749    0.0143  12909648   3752609  20077786
   6.30714   6.30735    0.0143  12917348   3755429  20092886
   6.30700   6.30722    0.0143  12929148   3757949  20098486
   6.30686   6.30708    0.0143  12919248   3754669  20089086
   6.30672   6.30695    0.0143  12880648   3745029  20026686
   6.30658   6.30681    0.0143  12900348   3749829  20063986
   6.30644   6.30667    0.0143  12874648   3744459  20026286
   6.30631   6.30653    0.0143  12908348   3753729  20077686
   6.30617   6.30639    0.0143  12883448   3745979  20044886
   6.30603   6.30625    0.0143  12905648   3754039  20086586
   6.30589   6.30611    0.0143  12864848   3743089  20021686
   6.30575   6.30597    0.0143  12884848   3746799  20057886
   6.30561   6.30583    0.0143  12888448   3747489  20056886
   6.30547   6.30569    0.0143  12909048   3755429  20093886
   6.30533   6.30555    0.0143  12917948   3755739  20100286
   6.30519   6.30540    0.0143  12914648   3756889  20110986
   6.30506   6.30526    0.0143  12912248   3757819  20123386
   6.30492   6.30511    0.0143  12910948   3755109  20098786
   6.30478   6.30497    0.0143  12915848   3758009  20119886
   6.30464   6.30482    0.0143  12936948   3763299  20154486
   6.30450   6.30467    0.0143  12925848   3762229  20138486
   6.30436   6.30453    0.0143  12931748   3763689  20144086
   6.30422   6.30438    0.0143  12916648   3759839  20132886
   6.30408   6.30423    0.0143  12934748   3765069  20166986
   6.30394   6.30409    0.0143  12904848   3756309  20108786
   6.30381   6.30395    0.0143  12936848   3765819  20160486
   6.30367   6.30381    0.0143  12905548   3757139  20118086
   6.30353   6.30366    0.0143  12923848   3762729  20149786
   6.30339   6.30353    0.0143  12901348   3757059  20120986
   6.30325   6.30339    0.0143  12927248   3763179  20146786
   6.30311   6.30325    0.0143  12915448   3759209  20139186
   6.30297   6.30311    0.0143  12905448   3757329  20123886
   6.30283   6.30298    0.0143  12910048   3759019  20139686
   6.30269   6.30284    0.0143  12905048   3757189  20118886
   6.30256   6.30271    0.0143  12895048   3756429  20120086
   6.30242   6.30257    0.0143  12888548   3753279  20109386
   6.30228   6.30244    0.0143  12887348   3755059  20115586
   6.30214   6.30231    0.0143  12888648   3756369  20118186
   6.30200   6.30218    0.0143  12864748   3748749  20077886
   6.30186   6.30205    0.0143  12883548   3754039  20108386
   6.30172   6.30192    0.0143  12857448   3746539  20070986
   6.30158   6.30179    0.0143  12877048   3751959  20108786
   6.30144   6.30166    0.0143  12853048   3745679  20063586
   6.30131   6.30152    0.0143  12874248   3750699  20103486
   6.30117   6.30139    0.0143  12829748   3739799  20046186
   6.30103   6.30126    0.0143  12842348   3741939  20059686
   6.30089   6.30112    0.0143  12829548   3739929  20043786
   6.30075   6.30098    0.0143  12830248   3741459  20046886
   6.30061   6.30084    0.0143  12819848   3738159  20037886
   6.30047   6.30070    0.0143  12817148   3738729  20033086
   6.30033   6.30056    0.0143  12807048   3734199  20016586
   6.30019   6.30042    0.0143  12793048   3729969  19996086
   6.30006   6.30027    0.0143  12786048   3729609  19990686
   6.29992   6.30013    0.0143  12802248   3734259  20011086
   6.29978   6.29999    0.0143  12786448   3730599  19993286
   6.29964   6.29984    0.0143  12782048   3728079  19992286
   6.29950   6.29970    0.0143  12747348   3719389  19937986
   6.29936   6.29956    0.0143  12756648   3723189  19959986
   6.29922   6.29941    0.0143  12727748   3712459  19914186
   6.29908   6.29928    0.0143  12757748   3723039  19953786
   6.29894   6.29914    0.0143  12721348   3713969  19908786
   6.29881   6.29900    0.0143  12723248   3714159  19913886
   6.29867   6.29886    0.0143  12688848   3703509  19859486
   6.29853   6.29873    0.0143  12689548   3705549  19866086
   6.29839   6.29859    0.0143  12676048   3700359  19848486
   6.29825   6.29846    0.0143  12668148   3699549  19836486
   6.29811   6.29833    0.0143  12667348   3698029  19838886
   6.29797   6.29819    0.0143  12646248   3693429  19804986
   6.29783   6.29806    0.0143  12626148   3686269  19770686
   6.29769   6.29793    0.0143  12612648   3683919  19759586
   6.29756   6.29779    0.0143  12604548   3682539  19755686
   6.29742   6.29766    0.0143  12612048   3683919  19750786
   6.29728   6.29753    0.0143  12586448   3677809  19723486
   6.29714   6.29739    0.0143  12600548   3680979  19743286
   6.29700   6.29726    0.0143  12564748   3670819  19685886
   6.29686   6.29713    0.0143  12586648   3677179  19727586
   6.29672   6.29699    0.0143  12563448   3671759  19698686
   6.29658   6.29685    0.0143  12591648   3681909  19752086
   6.29644   6.29672    0.0143  12564848   3671889  19702386
   6.29631   6.29658    0.0143  12584748   3680539  19744086
   6.29617   6.29644    0.0143  12558148   3672519  19706886
   6.29603   6.29630    0.0143  12574048   3674469  19718286
   6.29589   6.29616    0.0143  12563348   3671949  19706086
   6.29575   6.29602    0.0143  12564448   3673839  19718486
   6.29561   6.29589    0.0143  12558448   3673229  19711786
   6.29547   6.29574    0.0143  12543348   3668799  19688986
   6.29533   6.29560    0.0143  12546648   3668489  19693186
   6.29519   6.29546    0.0143  12545448   3669049  19696086
   6.29506   6.29531    0.0143  12534648   3665709  19675886
   6.29492   6.29517    0.0143  12544948   3668759  19692586
   6.29478   6.29502    0.0143  12510448   3661489  19655186
   6.29464   6.29488    0.0143  12535348   3667039  19675986
   6.29450   6.29473    0.0143  12492448   3653739  19618886
   6.29436   6.29458    0.0143  12522548   3664329  19673686
   6.29422   6.29444    0.0143  12486748   3654459  19624886
   6.29408   6.29429    0.0143  12507348   3660299  19646986
   6.29394   6.29415    0.0143  12483848   3653869  19620186
   6.29381   6.29400    0.0143  12495648   3657339  19632086
   6.29367   6.29386    0.0143  12474948   3650029  19605386
   6.29353   6.29372    0.0143  12467148   3650049  19604386
   6.29339   6.29358    0.0143  12467448   3650089  19597186
   6.29325   6.29344    0.0143  12449148   3645929  19584086
   6.29311   6.29330    0.0143  12449848   3644609  19577986
   6.29297   6.29316    0.0143  12447748   3645179  19581486
   6.29283   6.29303    0.0143  12430348   3642279  19557186
   6.29269   6.29290    0.0143  12431348   3640909  19557386
   6.29256   6.29276    0.0143  12411348   3638309  19533186
   6.29242   6.29262    0.0143  12427748   3640639  19560386
   6.29228   6.29249    0.0143  12389448   3630879  19504886
   6.29214   6.29236    0.0143  12413048   3637179  19538986
   6.29200   6.29223    0.0143  12383748   3628129  19501186
   6.29186   6.29209    0.0143  12415148   3637679  19537786
   6.29172   6.29196    0.0143  12363148   3624449  19462486
   6.29158   6.29183    0.0143  12393348   3631319  19508786
   6.29144   6.29170    0.0143  12371948   3625209  19482186
   6.29131   6.29157    0.0143  12357848   3623089  19471086
   6.29117   6.29143    0.0143  12355148   3622309  19456786
   6.29103   6.29130    0.0143  12354348   3623249  19464386
   6.29089   6.29116    0.0143  12348348   3621989  19463486
   6.29075   6.29102    0.0143  12336048   3617199  19435286
   6.29061   6.29088    0.0143  12337848   3617799  19438786
   6.29047   6.29074    0.0143  12326448   3614809  19427886
   6.29033   6.29060    0.0143  12301148   3607059  19391786
   6.29019   6.29045    0.0143  12317148   3612979  19411486
   6.29006   6.29031    0.0143  12292848   3607189  19386386
   6.28992   6.29016    0.0143  12302248   3608199  19393986
   6.28978   6.29001    0.0143  12258048   3596189  19327286
   6.28964   6.28987    0.0143  12295448   3604669  19377686
   6.28950   6.28972    0.0143  12241548   3593389  19314486
   6.28936   6.28958    0.0143  12258648   3597799  19335186
   6.28922   6.28944    0.0143  12234248   3591879  19302886
   6.28908   6.28930    0.0143  12236648   3592849  19312986
   6.28894   6.28916    0.0143  12214048   3583369  19270386
   6.28881   6.28902    0.0143  12214248   3585829  19276186
   6.28867   6.28888    0.0143  12209748   3584379  19269786
   6.28853   6.28875    0.0143  12200248   3580729  19248986
   6.28839   6.28861    0.0143  12189948   3578859  19240386
   6.28825   6.28847    0.0143  12203248   3581799  19260286
   6.28811   6.28834    0.0143  12191148   3580479  19254386
   6.28797   6.28820    0.0143  12194048   3580599  19261486
   6.28783   6.28807    0.0143  12191248   3581109  19258386
   6.28769   6.28794    0.0143  12213448   3587409  19290386
   6.28756   6.28780    0.0143  12182848   3578359  19244686
   6.28742   6.28767    0.0143  12216248   3587089  19303486
   6.28728   6.28754    0.0143  12186648   3579279  19261786
   6.28714   6.28740    0.0143  12205148   3586779  19294586
   6.28700   6.28726    0.0143  12168448   3575809  19233686
   6.28686   6.28713    0.0143  12196848   3584789  19289086
   6.28672   6.28699    0.0143  12181448   3580219  19261586
   6.28658   6.28685    0.0143  12184348   3580539  19271386
   6.28644   6.28672    0.0143  12174648   3577329  19249786
   6.28631   6.28658    0.0143  12175548   3579909  19256986
   6.28617   6.28644    0.0143  12157648   3574449  19227186
   6.28603   6.28630    0.0143  12161448   3574739  19238786
   6.28589   6.28616    0.0143  12164148   3576699  19252886
   6.28575   6.28602    0.0143  12150748   3573479  19228886
   6.28561   6.28588    0.0143  12130548   3568189  19205686
   6.28547   6.28573    0.0143  12140448   3572059  19219286
   6.28533   6.28559    0.0143  12113748   3563719  19173686
   6.28519   6.28545    0.0143  12138548   3568689  19205586
   6.28506   6.28530    0.0143  12102948   3559999  19162286
   6.28492   6.28515    0.0143  12128048   3568949  19207186
   6.28478   6.28501    0.0143  12080548   3554269  19134386
   6.28464   6.28486    0.0143  12090648   3558329  19158186
   6.28450   6.28471    0.0143  12069948   3554329  19123786
   6.28436   6.28456    0.0143  12082348   3556469  19147886
   6.28422   6.28442    0.0143  12047848   3546519  19094186
   6.28408   6.28427    0.0143  12057048   3549539  19103186
   6.28394   6.28413    0.0143  12045948   3545789  19089786
   6.28381   6.28398    0.0143  12029048   3541039  19067486
   6.28367   6.28384    0.0143  12017748   3537379  19041086
   6.28353   6.28370    0.0143  12015848   3538079  19057786
   6.28339   6.28356    0.0143  12002348   3535239  19035486
   6.28325   6.28342    0.0143  11999348   3533439  19022286
   6.28311   6.28328    0.0143  11980948   3528559  19011886
   6.28297   6.28314    0.0143  11985848   3529949  19017486
   6.28283   6.28301    0.0143  11945148   3517979  18943186
   6.28269   6.28287    0.0143  11972248   3525919  18993486
   6.28256   6.28274    0.0143  11926348   3514729  18924886
   6.28242   6.28260    0.0143  11951248   3519739  18965186
   6.28228   6.28247    0.0143  11911748   3508399  18891386
   6.28214   6.28234    0.0143  11930848   3515709  18944686
   6.28200   6.28220    0.0143  11889348   3504249  18873186
   6.28186   6.28207    0.0143  11886448   3503839  18869286
   6.28172   6.28194    0.0143  11877648   3500469  18866586
   6.28158   6.28181    0.0143  11871948   3498199  18856986
   6.28144   6.28168    0.0143  11857248   3494479  18839986
   6.28131   6.28155    0.0143  11838248   3489879  18804586
   6.28117   6.28141    0.0143  11829848   3488049  18793586
   6.28103   6.28128    0.0143  11808248   3480969  18757786
   6.28089   6.28114    0.0143  11783648   3474699  18728886
   6.28075   6.28100    0.0143  11799548   3478419  18746786
   6.28061   6.28086    0.0143  11762948   3468399  18688286
   6.28047   6.28072    0.0143  11766548   3470409  18695486
   6.28033   6.28058    0.0143  11727848   3458729  18641186
   6.28019   6.28043    0.0143  11750448   3464369  18671886
   6.28006   6.28029    0.0143  11700148   3450189  18598186
   6.27992   6.28015    0.0143  11713748   3455549  18631386
   6.27978   6.28000    0.0143  11685448   3447359  18585386
   6.27964   6.27986    0.0143  11686848   3448209  18595986
   6.27950   6.27971    0.0143  11664048   3440359  18544386
   6.27936   6.27957    0.0143  11678648   3446409  18581886
   6.27922   6.27943    0.0143  11671748   3445659  18568086
   6.27908   6.27929    0.0143  11670848   3444329  18575086
   6.27894   6.27915    0.0143  11670448   3446099  18577886
   6.27881   6.27901    0.0143  11680048   3445689  18585086
   6.27867   6.27888    0.0143  11663848   3442569  18568186
   6.27853   6.27874    0.0143  11681348   3447359  18588486
   6.27839   6.27860    0.0143  11664648   3444769  18569786
   6.27825   6.27847    0.0143  11680048   3448489  18601286
   6.27811   6.27834    0.0143  11640648   3436739  18527586
   6.27797   6.27820    0.0143  11672548   3447549  18592586
   6.27783   6.27807    0.0143  11639448   3436139  18536086
   6.27769   6.27794    0.0143  11666448   3444269  18578086
   6.27756   6.27781    0.0143  11636448   3436389  18536786
   6.27742   6.27767    0.0143  11661348   3444299  18576086
   6.27728   6.27754    0.0143  11618248   3432489  18515986
   6.27714   6.27740    0.0143  11627648   3436269  18535886
   6.27700   6.27727    0.0143  11621848   3433429  18527386
   6.27686   6.27714    0.0143  11627348   3436139  18540286
   6.27672   6.27700    0.0143  11603748   3429059  18506486
   6.27658   6.27686    0.0143  11606948   3430599  18511886
   6.27644   6.27672    0.0143  11594948   3425559  18495186
   6.27631   6.27658    0.0143  11589448   3424419  18477686
   6.27617   6.27644    0.0143  11568748   3420459  18454286
   6.27603   6.27631    0.0143  11594948   3427009  18492086
   6.27589   6.27617    0.0143  11556248   3415579  18441986
   6.27575   6.27603    0.0143  11570748   3420579  18462686
   6.27561   6.27588    0.0143  11542848   3411819  18422986
   6.27547   6.27574    0.0143  11563048   3419129  18458786
   6.27533   6.27560    0.0143  11527948   3408669  18408686
   6.27519   6.27546    0.0143  11551348   3416139  18445186
   6.27506   6.27531    0.0143  11511148   3406469  18390086
   6.27492   6.27517    0.0143  11515548   3405969  18392686
   6.27478   6.27502    0.0143  11496248   3399159  18355186
   6.27464   6.27487    0.0143  11514848   3406849  18393186
   6.27450   6.27473    0.0143  11494548   3401969  18365286
   6.27436   6.27458    0.0143  11486948   3398909  18349286
   6.27422   6.27443    0.0143  11482748   3399349  18343186
   6.27408   6.27429    0.0143  11476948   3394879  18340986
   6.27394   6.27415    0.0143  11444748   3388959  18295986
   6.27381   6.27400    0.0143  11467448   3394349  18320986
   6.27367   6.27386    0.0143  11456748   3392169  18316386
   6.27353   6.27372    0.0143  11455748   3391409  18311486
   6.27339   6.27358    0.0143  11430248   3382279  18264986
   6.27325   6.27344    0.0143  11444048   3387069  18299186
   6.27311   6.27330    0.0143  11409048   3378369  18247286
   6.27297   6.27316    0.0143  11428348   3384519  18278386
   6.27283   6.27303    0.0143  11404648   3377739  18239986
   6.27269   6.27289    0.0143  11425948   3383099  18277286
   6.27256   6.27276    0.0143  11376948   3370309  18205386
   6.27242   6.27263    0.0143  11388948   3373459  18232686
   6.27228   6.27249    0.0143  11372948   3368829  18202586
   6.27214   6.27236    0.0143  11377948   3370309  18204186
   6.27200   6.27223    0.0143  11361248   3364949  18188186
   6.27186   6.27210    0.0143  11354348   3365019  18180986
   6.27172   6.27197    0.0143  11331448   3357519  18144786
   6.27158   6.27184    0.0143  11323648   3354409  18122186
   6.27144   6.27171    0.0143  11326348   3354999  18132886
   6.27131   6.27157    0.0143  11327648   3356449  18144186
   6.27117   6.27144    0.0143  11303248   3349579  18095886
   6.27103   6.27131    0.0143  11316348   3353299  18128786
   6.27089   6.27117    0.0143  11284348   3344769  18077186
   6.27075   6.27103    0.0143  11297148   3350399  18106686
   6.27061   6.27090    0.0143  11270448   3340819  18056886
   6.27047   6.27075    0.0143  11312648   3353799  18131186
   6.27033   6.27061    0.0143  11273648   3343409  18073486
   6.27019   6.27047    0.0143  11293948   3349639  18100186
   6.27006   6.27032    0.0143  11278648   3344389  18070986
   6.26992   6.27018    0.0143  11293448   3350079  18105486
   6.26978   6.27004    0.0143  11275348   3345859  18081486
   6.26964   6.26990    0.0143  11288448   3347309  18088786
   6.26950   6.26975    0.0143  11284748   3348069  18100586
   6.26936   6.26961    0.0143  11278448   3346339  18099386
   6.26922   6.26947    0.0143  11271248   3343849  18080086
   6.26908   6.26933    0.0143  11280448   3345989  18092986
   6.26894   6.26919    0.0143  11267548   3343469  18086086
   6.26881   6.26905    0.0143  11272948   3344669  18088586
   6.26867   6.26891    0.0143  11249348   3337589  18049286
   6.26853   6.26878    0.0143  11277848   3346809  18098086
   6.26839   6.26864    0.0143  11246748   3338239  18056386
   6.26825   6.26851    0.0143  11273448   3346619  18105986
   6.26811   6.26837    0.0143  11247748   3339309  18061686
   6.26797   6.26824    0.0143  11270748   3346179  18101486
   6.26783   6.26811    0.0143  11228648   3333049  18027486
   6.26769   6.26798    0.0143  11256848   3341829  18075186
   6.26756   6.26784    0.0143  11234348   3336219  18040786
   6.26742   6.26771    0.0143  11241748   3337479  18061386
   6.26728   6.26758    0.0143  11235848   3337549  18054986
   6.26714   6.26744    0.0143  11232448   3336519  18050186
   6.26700   6.26731    0.0143  11212348   3331499  18020086
   6.26686   6.26718    0.0143  11209948   3327969  18010386
   6.26672   6.26704    0.0143  11205048   3329739  18013386
   6.26658   6.26690    0.0143  11219948   3331559  18025886
   6.26644   6.26676    0.0143  11193248   3325299  17994086
   6.26631   6.26662    0.0143  11209848   3329989  18015986
   6.26617   6.26649    0.0143  11179748   3320659  17967086
   6.26603   6.26635    0.0143  11177348   3321549  17984686
   6.26589   6.26621    0.0143  11142648   3311279  17925886
   6.26575   6.26607    0.0143  11178748   3322029  17979786
   6.26561   6.26593    0.0143  11139248   3310139  17918586
   6.26547   6.26579    0.0143  11146548   3313419  17932686
   6.26533   6.26564    0.0143  11121048   3306989  17902286
   6.26519   6.26550    0.0143  11134448   3309759  17922186
   6.26506   6.26536    0.0143  11101748   3300919  17878486
   6.26492   6.26521    0.0143  11113748   3303909  17889586
   6.26478   6.26507    0.0143  11105948   3303209  17875386
   6.26464   6.26492    0.0143  11093448   3298419  17856386
   6.26450   6.26477    0.0143  11068248   3292939  17828786
   6.26436   6.26462    0.0143  11077348   3295089  17836686
   6.26422   6.26448    0.0143  11052948   3287249  17802686
   6.26408   6.26433    0.0143  11044248   3286139  17792186
   6.26394   6.26418    0.0143  11038448   3283429  17782586
   6.26381   6.26404    0.0143  11043248   3284879  17787386
   6.26367   6.26390    0.0143  10999848   3273039  17724886
   6.26353   6.26375    0.0143  11021448   3277549  17747086
   6.26339   6.26361    0.0143  10983248   3267869  17705986
   6.26325   6.26347    0.0143  11003648   3274609  17735286
   6.26311   6.26333    0.0143  10950348   3259359  17660186
   6.26297   6.26319    0.0143  10979848   3266479  17695986
   6.26283   6.26306    0.0143  10935148   3254999  17629686
   6.26269   6.26292    0.0143  10935448   3253569  17625286
   6.26256   6.26279    0.0143  10922348   3252249  17616986
   6.26242   6.26265    0.0143  10926248   3252749  17618686
   6.26228   6.26252    0.0143  10902548   3246699  17595886
   6.26214   6.26238    0.0143  10897648   3244539  17570886
   6.26200   6.26225    0.0143  10890848   3243799  17576086
   6.26186   6.26212    0.0143  10894048   3243549  17568586
   6.26172   6.26199    0.0143  10872448   3238449  17545386
   6.26158   6.26185    0.0143  10900048   3245689  17585386
   6.26144   6.26172    0.0143  10869848   3237759  17548286
   6.26131   6.26159    0.0143  10882848   3240829  17566786
   6.26117   6.26146    0.0143  10853048   3232779  17514386
   6.26103   6.26132    0.0143  10878448   3240839  17572686
   6.26089   6.26119    0.0143  10841448   3230319  17509886
   6.26075   6.26105    0.0143  10856948   3236119  17537386
   6.26061   6.26091    0.0143  10840848   3230939  17512786
   6.26047   6.26077    0.0143  10841748   3231639  17514086
   6.26033   6.26063    0.0143  10815448   3222379  17473086
   6.26019   6.26048    0.0143  10827648   3227679  17491486
   6.26006   6.26034    0.0143  10804248   3220999  17463986
   6.25992   6.26019    0.0143  10799248   3218589  17451886
   6.25978   6.26005    0.0143  10786648   3213119  17423686
   6.25964   6.25990    0.0143  10780948   3213559  17426186
   6.25950   6.25976    0.0143  10750548   3206759  17383886
   6.25936   6.25962    0.0143  10754048   3207699  17394086
   6.25922   6.25947    0.0143  10732548   3201779  17358886
   6.25908   6.25933    0.0143  10746248   3204479  17380686
   6.25894   6.25919    0.0143  10697848   3192269  17306186
   6.25881   6.25905    0.0143  10724848   3200399  17357986
   6.25867   6.25892    0.0143  10684448   3186469  17284686
   6.25853   6.25878    0.0143  10700548   3192079  17301586
   6.25839   6.25864    0.0143  10653448   3178519  17239286
   6.25825   6.25851    0.0143  10675748   3187609  17277886
   6.25811   6.25837    0.0143  10640148   3173809  17220386
   6.25797   6.25824    0.0143  10639848   3175199  17222286
   6.25783   6.25811    0.0143  10616948   3169019  17191086
   6.25769   6.25797    0.0143  10614348   3167999  17183186
   6.25756   6.25784    0.0143  10587248   3160829  17142386
   6.25742   6.25771    0.0143  10598748   3162469  17158786
   6.25728   6.25757    0.0143  10576648   3157179  17133686
