  9809     SPring-8 14b2 
 Ir-L21_IrO2_Si  20.07.15 17:56 - 20.07.15 18:08
 IrO2                                                                            
 Ring :   8.0 GeV    99.6 mA -   99.5 mA
 Mono :   SI(311)       D=  1.63747 A    Initial angle= 17.83300 deg
 14b2      Transmission( 2)   Repetition=  1     Points= 6554
 Param file :                 angle axis (1)     Block =    1

 Block      Init-ang  final-ang     Step/deg     Time/s       Num
     1       17.64500  14.67000    -0.000460       0.10      6554
 Ortec( 0)     NDCH = 3
  Angle(c)  Angle(o)    time/s         2         3
      Mode         0         0         1         2
    Offset         0         0    55.800    60.800
  17.64454  17.64744     0.100      5294     22512
  17.64408  17.64698     0.100      5273     22442
  17.64362  17.64654     0.100      5284     22474
  17.64316  17.64610     0.100      5286     22487
  17.64270  17.64567     0.100      5287     22488
  17.64224  17.64524     0.100      5277     22448
  17.64178  17.64483     0.100      5256     22378
  17.64132  17.64445     0.100      5274     22445
  17.64086  17.64408     0.100      5265     22425
  17.64040  17.64372     0.100      5270     22440
  17.63994  17.64333     0.100      5274     22452
  17.63948  17.64294     0.100      5256     22391
  17.63902  17.64254     0.100      5268     22440
  17.63856  17.64214     0.100      5250     22366
  17.63810  17.64172     0.100      5264     22424
  17.63764  17.64127     0.100      5257     22388
  17.63718  17.64078     0.100      5255     22400
  17.63672  17.64027     0.100      5267     22455
  17.63626  17.63978     0.100      5259     22420
  17.63580  17.63931     0.100      5269     22474
  17.63534  17.63883     0.100      5246     22366
  17.63488  17.63833     0.100      5250     22384
  17.63442  17.63783     0.100      5259     22430
  17.63396  17.63734     0.100      5249     22390
  17.63350  17.63688     0.100      5255     22415
  17.63304  17.63644     0.100      5245     22392
  17.63258  17.63601     0.100      5248     22396
  17.63212  17.63557     0.100      5244     22384
  17.63166  17.63514     0.100      5246     22393
  17.63120  17.63474     0.100      5258     22431
  17.63074  17.63437     0.100      5236     22350
  17.63028  17.63400     0.100      5239     22369
  17.62982  17.63364     0.100      5244     22391
  17.62936  17.63325     0.100      5242     22406
  17.62890  17.63285     0.100      5244     22402
  17.62844  17.63246     0.100      5233     22360
  17.62798  17.63206     0.100      5218     22299
  17.62752  17.63164     0.100      5220     22312
  17.62706  17.63119     0.100      5224     22331
  17.62660  17.63069     0.100      5220     22313
  17.62614  17.63019     0.100      5215     22308
  17.62568  17.62970     0.100      5231     22369
  17.62522  17.62923     0.100      5234     22385
  17.62476  17.62875     0.100      5230     22380
  17.62430  17.62825     0.100      5226     22359
  17.62384  17.62775     0.100      5220     22341
  17.62338  17.62727     0.100      5225     22359
  17.62292  17.62682     0.100      5219     22335
  17.62246  17.62638     0.100      5222     22341
  17.62200  17.62594     0.100      5215     22317
  17.62154  17.62550     0.100      5204     22269
  17.62108  17.62508     0.100      5216     22325
  17.62062  17.62468     0.100      5213     22328
  17.62016  17.62431     0.100      5207     22304
  17.61970  17.62394     0.100      5203     22285
  17.61924  17.62357     0.100      5200     22278
  17.61878  17.62319     0.100      5210     22323
  17.61832  17.62279     0.100      5205     22306
  17.61786  17.62239     0.100      5205     22310
  17.61740  17.62199     0.100      5201     22293
  17.61694  17.62156     0.100      5197     22274
  17.61648  17.62109     0.100      5208     22340
  17.61602  17.62059     0.100      5200     22283
  17.61556  17.62009     0.100      5219     22377
  17.61510  17.61961     0.100      5186     22241
  17.61464  17.61914     0.100      5200     22307
  17.61418  17.61866     0.100      5209     22357
  17.61372  17.61816     0.100      5192     22283
  17.61326  17.61766     0.100      5197     22308
  17.61280  17.61718     0.100      5196     22297
  17.61234  17.61673     0.100      5201     22326
  17.61188  17.61629     0.100      5197     22311
  17.61142  17.61585     0.100      5181     22254
  17.61096  17.61541     0.100      5198     22319
  17.61050  17.61500     0.100      5184     22278
  17.61004  17.61460     0.100      5189     22287
  17.60958  17.61423     0.100      5202     22344
  17.60912  17.61386     0.100      5192     22301
  17.60866  17.61348     0.100      5197     22331
  17.60820  17.61309     0.100      5173     22255
  17.60774  17.61268     0.100      5181     22274
  17.60728  17.61229     0.100      5199     22354
  17.60682  17.61188     0.100      5163     22201
  17.60636  17.61145     0.100      5191     22337
  17.60590  17.61096     0.100      5159     22205
  17.60544  17.61046     0.100      5181     22302
  17.60498  17.60996     0.100      5178     22273
  17.60452  17.60948     0.100      5166     22228
  17.60406  17.60902     0.100      5195     22347
  17.60360  17.60852     0.100      5151     22180
  17.60314  17.60802     0.100      5176     22283
  17.60268  17.60752     0.100      5148     22168
  17.60222  17.60705     0.100      5149     22174
  17.60176  17.60661     0.100      5165     22257
  17.60130  17.60617     0.100      5144     22158
  17.60084  17.60573     0.100      5179     22306
  17.60038  17.60530     0.100      5159     22244
  17.59992  17.60489     0.100      5148     22208
  17.59946  17.60450     0.100      5166     22276
  17.59900  17.60414     0.100      5151     22201
  17.59854  17.60377     0.100      5165     22293
  17.59808  17.60339     0.100      5144     22176
  17.59762  17.60299     0.100      5144     22188
  17.59716  17.60259     0.100      5149     22217
  17.59670  17.60220     0.100      5136     22158
  17.59624  17.60180     0.100      5153     22245
  17.59578  17.60135     0.100      5144     22218
  17.59532  17.60086     0.100      5155     22273
  17.59486  17.60036     0.100      5157     22259
  17.59440  17.59987     0.100      5140     22200
  17.59394  17.59939     0.100      5152     22263
  17.59348  17.59892     0.100      5134     22184
  17.59302  17.59843     0.100      5148     22231
  17.59256  17.59792     0.100      5135     22198
  17.59210  17.59742     0.100      5129     22167
  17.59164  17.59696     0.100      5141     22235
  17.59118  17.59652     0.100      5123     22167
  17.59072  17.59608     0.100      5145     22260
  17.59026  17.59564     0.100      5125     22183
  17.58980  17.59521     0.100      5138     22247
  17.58934  17.59480     0.100      5143     22267
  17.58888  17.59442     0.100      5125     22188
  17.58842  17.59406     0.100      5148     22281
  17.58796  17.59369     0.100      5130     22222
  17.58750  17.59330     0.100      5125     22196
  17.58704  17.59290     0.100      5121     22190
  17.58658  17.59251     0.100      5116     22171
  17.58612  17.59211     0.100      5132     22233
  17.58566  17.59169     0.100      5119     22185
  17.58520  17.59124     0.100      5124     22194
  17.58474  17.59074     0.100      5113     22173
  17.58428  17.59023     0.100      5127     22232
  17.58382  17.58975     0.100      5127     22230
  17.58336  17.58928     0.100      5110     22166
  17.58290  17.58880     0.100      5130     22250
  17.58244  17.58831     0.100      5118     22197
  17.58198  17.58780     0.100      5099     22138
  17.58152  17.58731     0.100      5107     22170
  17.58106  17.58685     0.100      5120     22234
  17.58060  17.58641     0.100      5109     22196
  17.58014  17.58596     0.100      5112     22210
  17.57968  17.58553     0.100      5107     22171
  17.57922  17.58510     0.100      5105     22196
  17.57876  17.58471     0.100      5108     22192
  17.57830  17.58434     0.100      5109     22211
  17.57784  17.58398     0.100      5120     22244
  17.57738  17.58360     0.100      5114     22225
  17.57692  17.58322     0.100      5116     22273
  17.57646  17.58282     0.100      5104     22208
  17.57600  17.58242     0.100      5118     22263
  17.57554  17.58202     0.100      5104     22205
  17.57508  17.58161     0.100      5114     22248
  17.57462  17.58115     0.100      5124     22291
  17.57416  17.58066     0.100      5111     22239
  17.57370  17.58016     0.100      5118     22293
  17.57324  17.57967     0.100      5099     22200
  17.57278  17.57921     0.100      5113     22261
  17.57232  17.57874     0.100      5110     22253
  17.57186  17.57824     0.100      5093     22186
  17.57140  17.57775     0.100      5112     22268
  17.57094  17.57728     0.100      5093     22195
  17.57048  17.57683     0.100      5116     22288
  17.57002  17.57641     0.100      5098     22207
  17.56956  17.57601     0.100      5111     22270
  17.56910  17.57565     0.100      5094     22213
  17.56864  17.57535     0.100      5097     22219
  17.56818  17.57509     0.100      5102     22257
  17.56772  17.57484     0.100      5105     22272
  17.56726  17.57462     0.100      5096     22234
  17.56680  17.57442     0.100      5107     22291
  17.56634  17.57423     0.100      5104     22267
  17.56588  17.57405     0.100      5100     22259
  17.56542  17.57389     0.100      5094     22241
  17.56496  17.57372     0.100      5095     22224
  17.56450  17.57356     0.100      5101     22248
  17.56404  17.57340     0.100      5102     22262
  17.56358  17.57324     0.100      5088     22202
  17.56312  17.57309     0.100      5095     22245
  17.56266  17.57293     0.100      5086     22216
  17.56220  17.57278     0.100      5100     22261
  17.56174  17.57263     0.100      5103     22274
  17.56128  17.57246     0.100      5117     22335
  17.56082  17.57225     0.100      5100     22276
  17.56036  17.57195     0.100      5119     22343
  17.55990  17.57157     0.100      5095     22253
  17.55944  17.57114     0.100      5101     22281
  17.55898  17.57067     0.100      5111     22334
  17.55852  17.57018     0.100      5085     22225
  17.55806  17.56970     0.100      5095     22265
  17.55760  17.56924     0.100      5090     22238
  17.55714  17.56877     0.100      5092     22245
  17.55668  17.56828     0.100      5110     22342
  17.55622  17.56778     0.100      5085     22240
  17.55576  17.56730     0.100      5112     22351
  17.55530  17.56685     0.100      5088     22253
  17.55484  17.56641     0.100      5097     22299
  17.55438  17.56597     0.100      5105     22322
  17.55392  17.56553     0.100      5078     22228
  17.55346  17.56511     0.100      5096     22292
  17.55300  17.56471     0.100      5079     22228
  17.55254  17.56433     0.100      5087     22273
  17.55208  17.56397     0.100      5095     22315
  17.55162  17.56359     0.100      5085     22273
  17.55116  17.56320     0.100      5090     22299
  17.55070  17.56280     0.100      5091     22307
  17.55024  17.56240     0.100      5078     22260
  17.54978  17.56200     0.100      5093     22317
  17.54932  17.56158     0.100      5073     22236
  17.54886  17.56111     0.100      5090     22318
  17.54840  17.56060     0.100      5079     22260
  17.54794  17.56010     0.100      5078     22269
  17.54748  17.55962     0.100      5092     22344
  17.54702  17.55915     0.100      5069     22236
  17.54656  17.55867     0.100      5086     22318
  17.54610  17.55817     0.100      5066     22232
  17.54564  17.55767     0.100      5082     22299
  17.54518  17.55719     0.100      5085     22318
  17.54472  17.55673     0.100      5068     22257
  17.54426  17.55629     0.100      5095     22375
  17.54380  17.55585     0.100      5063     22243
  17.54334  17.55541     0.100      5083     22315
  17.54288  17.55499     0.100      5079     22344
  17.54242  17.55460     0.100      5073     22272
  17.54196  17.55423     0.100      5091     22359
  17.54150  17.55387     0.100      5066     22263
  17.54104  17.55349     0.100      5085     22349
  17.54058  17.55309     0.100      5074     22312
  17.54012  17.55269     0.100      5066     22284
  17.53966  17.55229     0.100      5074     22327
  17.53920  17.55188     0.100      5066     22288
  17.53874  17.55144     0.100      5078     22355
  17.53828  17.55096     0.100      5062     22263
  17.53782  17.55046     0.100      5070     22308
  17.53736  17.54996     0.100      5064     22287
  17.53690  17.54948     0.100      5058     22258
  17.53644  17.54901     0.100      5066     22297
  17.53598  17.54851     0.100      5060     22291
  17.53552  17.54800     0.100      5060     22283
  17.53506  17.54750     0.100      5072     22340
  17.53460  17.54703     0.100      5075     22351
  17.53414  17.54658     0.100      5072     22368
  17.53368  17.54614     0.100      5073     22347
  17.53322  17.54569     0.100      5060     22306
  17.53276  17.54526     0.100      5065     22328
  17.53230  17.54485     0.100      5063     22327
  17.53184  17.54446     0.100      5071     22360
  17.53138  17.54410     0.100      5066     22339
  17.53092  17.54373     0.100      5068     22357
  17.53046  17.54334     0.100      5061     22324
  17.53000  17.54294     0.100      5054     22277
  17.52954  17.54253     0.100      5067     22360
  17.52908  17.54213     0.100      5059     22316
  17.52862  17.54172     0.100      5054     22310
  17.52816  17.54127     0.100      5061     22339
  17.52770  17.54077     0.100      5067     22365
  17.52724  17.54026     0.100      5063     22350
  17.52678  17.53977     0.100      5058     22327
  17.52632  17.53929     0.100      5070     22389
  17.52586  17.53880     0.100      5058     22324
  17.52540  17.53830     0.100      5065     22367
  17.52494  17.53779     0.100      5060     22354
  17.52448  17.53730     0.100      5066     22390
  17.52402  17.53684     0.100      5057     22364
  17.52356  17.53639     0.100      5049     22322
  17.52310  17.53595     0.100      5059     22367
  17.52264  17.53550     0.100      5058     22368
  17.52218  17.53507     0.100      5056     22354
  17.52172  17.53467     0.100      5056     22351
  17.52126  17.53430     0.100      5048     22322
  17.52080  17.53393     0.100      5052     22354
  17.52034  17.53355     0.100      5054     22352
  17.51988  17.53315     0.100      5046     22336
  17.51942  17.53275     0.100      5054     22376
  17.51896  17.53235     0.100      5058     22379
  17.51850  17.53195     0.100      5043     22322
  17.51804  17.53151     0.100      5051     22341
  17.51758  17.53104     0.100      5034     22282
  17.51712  17.53053     0.100      5045     22326
  17.51666  17.53002     0.100      5043     22332
  17.51620  17.52954     0.100      5054     22386
  17.51574  17.52906     0.100      5046     22351
  17.51528  17.52857     0.100      5040     22318
  17.51482  17.52806     0.100      5043     22326
  17.51436  17.52756     0.100      5032     22304
  17.51390  17.52709     0.100      5056     22391
  17.51344  17.52664     0.100      5037     22323
  17.51298  17.52619     0.100      5029     22288
  17.51252  17.52575     0.100      5035     22327
  17.51206  17.52531     0.100      5041     22332
  17.51160  17.52489     0.100      5052     22407
  17.51114  17.52451     0.100      5042     22344
  17.51068  17.52414     0.100      5036     22346
  17.51022  17.52377     0.100      5048     22391
  17.50976  17.52338     0.100      5020     22268
  17.50930  17.52298     0.100      5041     22358
  17.50884  17.52258     0.100      5031     22331
  17.50838  17.52218     0.100      5041     22365
  17.50792  17.52176     0.100      5041     22395
  17.50746  17.52131     0.100      5032     22335
  17.50700  17.52082     0.100      5040     22382
  17.50654  17.52031     0.100      5033     22362
  17.50608  17.51981     0.100      5035     22359
  17.50562  17.51933     0.100      5029     22346
  17.50516  17.51886     0.100      5028     22325
  17.50470  17.51835     0.100      5042     22396
  17.50424  17.51784     0.100      5020     22300
  17.50378  17.51735     0.100      5036     22362
  17.50332  17.51689     0.100      5020     22296
  17.50286  17.51643     0.100      5020     22313
  17.50240  17.51599     0.100      5032     22368
  17.50194  17.51554     0.100      5016     22298
  17.50148  17.51511     0.100      5026     22340
  17.50102  17.51471     0.100      5016     22292
  17.50056  17.51433     0.100      5011     22279
  17.50010  17.51397     0.100      5040     22414
  17.49964  17.51359     0.100      5001     22246
  17.49918  17.51320     0.100      5039     22399
  17.49872  17.51279     0.100      5019     22327
  17.49826  17.51239     0.100      5024     22346
  17.49780  17.51198     0.100      5036     22406
  17.49734  17.51155     0.100      5008     22288
  17.49688  17.51107     0.100      5036     22414
  17.49642  17.51057     0.100      5015     22324
  17.49596  17.51006     0.100      5012     22324
  17.49550  17.50957     0.100      5028     22382
  17.49504  17.50909     0.100      5008     22316
  17.49458  17.50860     0.100      5047     22476
  17.49412  17.50809     0.100      5024     22384
  17.49366  17.50758     0.100      5040     22452
  17.49320  17.50710     0.100      5019     22376
  17.49274  17.50664     0.100      4993     22242
  17.49228  17.50620     0.100      5020     22378
  17.49182  17.50575     0.100      5008     22329
  17.49136  17.50531     0.100      5025     22398
  17.49090  17.50489     0.100      5028     22404
  17.49044  17.50451     0.100      5010     22332
  17.48998  17.50414     0.100      5028     22428
  17.48952  17.50377     0.100      5022     22406
  17.48906  17.50338     0.100      5022     22407
  17.48860  17.50298     0.100      5027     22430
  17.48814  17.50257     0.100      5016     22379
  17.48768  17.50217     0.100      5037     22477
  17.48722  17.50176     0.100      5012     22367
  17.48676  17.50130     0.100      5039     22501
  17.48630  17.50081     0.100      5032     22464
  17.48584  17.50030     0.100      5018     22408
  17.48538  17.49981     0.100      5036     22496
  17.48492  17.49933     0.100      5026     22452
  17.48446  17.49884     0.100      5024     22440
  17.48400  17.49834     0.100      5022     22442
  17.48354  17.49783     0.100      5022     22441
  17.48308  17.49733     0.100      5029     22474
  17.48262  17.49687     0.100      5023     22455
  17.48216  17.49642     0.100      5036     22504
  17.48170  17.49598     0.100      5013     22411
  17.48124  17.49554     0.100      5016     22435
  17.48078  17.49510     0.100      5016     22442
  17.48032  17.49470     0.100      5029     22495
  17.47986  17.49432     0.100      5027     22479
  17.47940  17.49395     0.100      5023     22476
  17.47894  17.49357     0.100      5025     22479
  17.47848  17.49318     0.100      5020     22457
  17.47802  17.49277     0.100      5018     22469
  17.47756  17.49237     0.100      5025     22497
  17.47710  17.49196     0.100      5014     22466
  17.47664  17.49153     0.100      5024     22501
  17.47618  17.49106     0.100      5023     22484
  17.47572  17.49055     0.100      5022     22488
  17.47526  17.49003     0.100      5025     22512
  17.47480  17.48955     0.100      5013     22466
  17.47434  17.48907     0.100      5014     22467
  17.47388  17.48858     0.100      5022     22499
  17.47342  17.48807     0.100      5021     22510
  17.47296  17.48757     0.100      5022     22516
  17.47250  17.48709     0.100      5009     22464
  17.47204  17.48663     0.100      5025     22526
  17.47158  17.48618     0.100      5008     22455
  17.47112  17.48574     0.100      5025     22546
  17.47066  17.48530     0.100      5009     22478
  17.47020  17.48488     0.100      5005     22468
  17.46974  17.48449     0.100      5004     22450
  17.46928  17.48412     0.100      4990     22398
  17.46882  17.48375     0.100      4979     22357
  17.46836  17.48336     0.100      4977     22347
  17.46790  17.48295     0.100      4961     22280
  17.46744  17.48254     0.100      4970     22311
  17.46698  17.48214     0.100      4975     22329
  17.46652  17.48172     0.100      4987     22405
  17.46606  17.48126     0.100      5013     22510
  17.46560  17.48075     0.100      5022     22570
  17.46514  17.48023     0.100      5040     22651
  17.46468  17.47974     0.100      5039     22650
  17.46422  17.47926     0.100      5044     22670
  17.46376  17.47878     0.100      5041     22675
  17.46330  17.47827     0.100      5036     22634
  17.46284  17.47776     0.100      5033     22643
  17.46238  17.47728     0.100      5017     22589
  17.46192  17.47681     0.100      5033     22649
  17.46146  17.47636     0.100      5027     22618
  17.46100  17.47592     0.100      5026     22622
  17.46054  17.47547     0.100      5041     22693
  17.46008  17.47504     0.100      5027     22629
  17.45962  17.47464     0.100      5038     22682
  17.45916  17.47426     0.100      5024     22628
  17.45870  17.47390     0.100      5029     22652
  17.45824  17.47352     0.100      5034     22693
  17.45778  17.47312     0.100      5034     22675
  17.45732  17.47272     0.100      5040     22722
  17.45686  17.47231     0.100      5034     22689
  17.45640  17.47190     0.100      5038     22711
  17.45594  17.47146     0.100      5031     22689
  17.45548  17.47098     0.100      5013     22615
  17.45502  17.47047     0.100      5031     22697
  17.45456  17.46997     0.100      5018     22640
  17.45410  17.46949     0.100      5032     22711
  17.45364  17.46901     0.100      5025     22663
  17.45318  17.46851     0.100      5032     22712
  17.45272  17.46800     0.100      5031     22720
  17.45226  17.46750     0.100      5016     22651
  17.45180  17.46702     0.100      5018     22666
  17.45134  17.46656     0.100      5029     22707
  17.45088  17.46611     0.100      5006     22614
  17.45042  17.46567     0.100      5032     22722
  17.44996  17.46523     0.100      5016     22670
  17.44950  17.46482     0.100      5031     22737
  17.44904  17.46443     0.100      5024     22693
  17.44858  17.46406     0.100      5007     22634
  17.44812  17.46368     0.100      5045     22807
  17.44766  17.46329     0.100      5003     22638
  17.44720  17.46289     0.100      5039     22778
  17.44674  17.46248     0.100      5029     22733
  17.44628  17.46208     0.100      5021     22716
  17.44582  17.46165     0.100      5047     22824
  17.44536  17.46119     0.100      5013     22683
  17.44490  17.46068     0.100      5039     22783
  17.44444  17.46017     0.100      5016     22693
  17.44398  17.45968     0.100      5026     22756
  17.44352  17.45919     0.100      5024     22747
  17.44306  17.45871     0.100      5007     22674
  17.44260  17.45820     0.100      5043     22840
  17.44214  17.45769     0.100      5020     22729
  17.44168  17.45720     0.100      5035     22831
  17.44122  17.45674     0.100      5029     22775
  17.44076  17.45629     0.100      5025     22767
  17.44030  17.45585     0.100      5037     22832
  17.43984  17.45541     0.100      5012     22713
  17.43938  17.45498     0.100      5028     22795
  17.43892  17.45458     0.100      5029     22787
  17.43846  17.45420     0.100      5024     22774
  17.43800  17.45383     0.100      5031     22814
  17.43754  17.45345     0.100      5017     22754
  17.43708  17.45305     0.100      5025     22802
  17.43662  17.45265     0.100      5010     22737
  17.43616  17.45225     0.100      5019     22784
  17.43570  17.45184     0.100      5032     22836
  17.43524  17.45140     0.100      5012     22742
  17.43478  17.45091     0.100      5029     22830
  17.43432  17.45040     0.100      5031     22824
  17.43386  17.44990     0.100      5014     22758
  17.43340  17.44942     0.100      5034     22852
  17.43294  17.44894     0.100      5012     22779
  17.43248  17.44845     0.100      5019     22810
  17.43202  17.44794     0.100      5011     22759
  17.43156  17.44745     0.100      5015     22794
  17.43110  17.44698     0.100      5009     22767
  17.43064  17.44654     0.100      5003     22742
  17.43018  17.44610     0.100      5025     22845
  17.42972  17.44565     0.100      5018     22821
  17.42926  17.44522     0.100      5013     22795
  17.42880  17.44480     0.100      5017     22805
  17.42834  17.44442     0.100      5004     22765
  17.42788  17.44406     0.100      5012     22800
  17.42742  17.44368     0.100      5005     22774
  17.42696  17.44329     0.100      5026     22876
  17.42650  17.44289     0.100      5009     22780
  17.42604  17.44249     0.100      5022     22848
  17.42558  17.44209     0.100      5017     22839
  17.42512  17.44167     0.100      5016     22828
  17.42466  17.44120     0.100      5006     22796
  17.42420  17.44070     0.100      4998     22761
  17.42374  17.44019     0.100      5001     22781
  17.42328  17.43970     0.100      5010     22810
  17.42282  17.43923     0.100      5001     22788
  17.42236  17.43874     0.100      5000     22795
  17.42190  17.43824     0.100      5019     22860
  17.42144  17.43773     0.100      5016     22865
  17.42098  17.43724     0.100      5007     22848
  17.42052  17.43677     0.100      5015     22861
  17.42006  17.43633     0.100      4999     22797
  17.41960  17.43588     0.100      5009     22852
  17.41914  17.43544     0.100      5010     22850
  17.41868  17.43501     0.100      5017     22877
  17.41822  17.43462     0.100      5009     22851
  17.41776  17.43424     0.100      5007     22850
  17.41730  17.43387     0.100      5010     22870
  17.41684  17.43349     0.100      5000     22835
  17.41638  17.43309     0.100      5015     22892
  17.41592  17.43268     0.100      5002     22831
  17.41546  17.43228     0.100      5013     22891
  17.41500  17.43187     0.100      5007     22853
  17.41454  17.43142     0.100      5021     22939
  17.41408  17.43094     0.100      5016     22917
  17.41362  17.43042     0.100      5012     22903
  17.41316  17.42992     0.100      5011     22895
  17.41270  17.42944     0.100      4999     22847
  17.41224  17.42896     0.100      5013     22915
  17.41178  17.42846     0.100      5011     22909
  17.41132  17.42794     0.100      5022     22955
  17.41086  17.42744     0.100      5021     22976
  17.41040  17.42696     0.100      5001     22888
  17.40994  17.42651     0.100      5020     22978
  17.40948  17.42606     0.100      5008     22915
  17.40902  17.42561     0.100      5008     22917
  17.40856  17.42518     0.100      5014     22934
  17.40810  17.42476     0.100      5011     22944
  17.40764  17.42438     0.100      5021     22989
  17.40718  17.42401     0.100      5025     22983
  17.40672  17.42363     0.100      5033     23036
  17.40626  17.42324     0.100      5025     22999
  17.40580  17.42283     0.100      5016     22978
  17.40534  17.42242     0.100      5025     23026
  17.40488  17.42202     0.100      5014     22964
  17.40442  17.42160     0.100      5027     23044
  17.40396  17.42113     0.100      5035     23071
  17.40350  17.42062     0.100      5002     22935
  17.40304  17.42011     0.100      5021     23025
  17.40258  17.41962     0.100      4986     22856
  17.40212  17.41914     0.100      4970     22805
  17.40166  17.41865     0.100      4970     22798
  17.40120  17.41814     0.100      4952     22694
  17.40074  17.41764     0.100      4958     22742
  17.40028  17.41715     0.100      4930     22622
  17.39982  17.41669     0.100      4959     22749
  17.39936  17.41624     0.100      4923     22606
  17.39890  17.41579     0.100      4898     22467
  17.39844  17.41535     0.100      4908     22519
  17.39798  17.41493     0.100      4894     22468
  17.39752  17.41453     0.100      4932     22639
  17.39706  17.41416     0.100      4957     22752
  17.39660  17.41379     0.100      4977     22849
  17.39614  17.41340     0.100      5044     23167
  17.39568  17.41300     0.100      5035     23137
  17.39522  17.41259     0.100      5065     23275
  17.39476  17.41219     0.100      5042     23169
  17.39430  17.41177     0.100      5047     23199
  17.39384  17.41132     0.100      5038     23159
  17.39338  17.41082     0.100      5037     23157
  17.39292  17.41031     0.100      5051     23220
  17.39246  17.40981     0.100      5047     23208
  17.39200  17.40933     0.100      5041     23196
  17.39154  17.40884     0.100      5043     23187
  17.39108  17.40834     0.100      5039     23181
  17.39062  17.40782     0.100      5054     23257
  17.39016  17.40733     0.100      5039     23186
  17.38970  17.40686     0.100      5037     23194
  17.38924  17.40641     0.100      5055     23279
  17.38878  17.40596     0.100      5033     23175
  17.38832  17.40552     0.100      5051     23248
  17.38786  17.40508     0.100      5018     23095
  17.38740  17.40467     0.100      5042     23224
  17.38694  17.40429     0.100      5056     23286
  17.38648  17.40392     0.100      5023     23149
  17.38602  17.40354     0.100      5048     23265
  17.38556  17.40314     0.100      5023     23139
  17.38510  17.40274     0.100      5047     23249
  17.38464  17.40233     0.100      5035     23217
  17.38418  17.40192     0.100      5018     23141
  17.38372  17.40148     0.100      5050     23300
  17.38326  17.40100     0.100      5021     23174
  17.38280  17.40048     0.100      5042     23271
  17.38234  17.39997     0.100      5022     23174
  17.38188  17.39948     0.100      5025     23199
  17.38142  17.39899     0.100      5045     23274
  17.38096  17.39849     0.100      5027     23203
  17.38050  17.39798     0.100      5039     23267
  17.38004  17.39748     0.100      5019     23178
  17.37958  17.39701     0.100      5051     23315
  17.37912  17.39654     0.100      5029     23235
  17.37866  17.39610     0.100      5023     23199
  17.37820  17.39565     0.100      5037     23257
  17.37774  17.39520     0.100      5031     23252
  17.37728  17.39479     0.100      5035     23268
  17.37682  17.39440     0.100      5022     23209
  17.37636  17.39403     0.100      5000     23116
  17.37590  17.39366     0.100      4956     22920
  17.37544  17.39327     0.100      4918     22752
  17.37498  17.39286     0.100      4962     22939
  17.37452  17.39246     0.100      4966     22965
  17.37406  17.39205     0.100      4983     23044
  17.37360  17.39163     0.100      5015     23197
  17.37314  17.39116     0.100      5055     23382
  17.37268  17.39065     0.100      5045     23354
  17.37222  17.39014     0.100      5000     23150
  17.37176  17.38965     0.100      4995     23117
  17.37130  17.38917     0.100      4987     23098
  17.37084  17.38868     0.100      4998     23138
  17.37038  17.38818     0.100      5001     23152
  17.36992  17.38766     0.100      5031     23289
  17.36946  17.38717     0.100      5049     23388
  17.36900  17.38671     0.100      5036     23339
  17.36854  17.38626     0.100      5053     23421
  17.36808  17.38581     0.100      5044     23393
  17.36762  17.38537     0.100      5039     23373
  17.36716  17.38494     0.100      5053     23451
  17.36670  17.38455     0.100      5057     23445
  17.36624  17.38417     0.100      5054     23446
  17.36578  17.38380     0.100      5052     23441
  17.36532  17.38341     0.100      5055     23446
  17.36486  17.38301     0.100      5055     23459
  17.36440  17.38260     0.100      5048     23442
  17.36394  17.38220     0.100      5053     23450
  17.36348  17.38178     0.100      5059     23502
  17.36302  17.38133     0.100      5042     23438
  17.36256  17.38083     0.100      5013     23278
  17.36210  17.38032     0.100      5008     23257
  17.36164  17.37982     0.100      5013     23275
  17.36118  17.37934     0.100      5013     23284
  17.36072  17.37885     0.100      5006     23267
  17.36026  17.37834     0.100      5030     23383
  17.35980  17.37783     0.100      5052     23484
  17.35934  17.37733     0.100      5051     23471
  17.35888  17.37686     0.100      5051     23505
  17.35842  17.37641     0.100      5059     23518
  17.35796  17.37597     0.100      5067     23547
  17.35750  17.37552     0.100      5058     23535
  17.35704  17.37508     0.100      5077     23623
  17.35658  17.37467     0.100      5077     23628
  17.35612  17.37429     0.100      5058     23546
  17.35566  17.37392     0.100      5070     23586
  17.35520  17.37354     0.100      5054     23535
  17.35474  17.37313     0.100      5054     23531
  17.35428  17.37273     0.100      5062     23570
  17.35382  17.37232     0.100      5042     23488
  17.35336  17.37191     0.100      5014     23359
  17.35290  17.37147     0.100      4835     22521
  17.35244  17.37099     0.100      4667     21743
  17.35198  17.37047     0.100      4636     21603
  17.35152  17.36996     0.100      4638     21614
  17.35106  17.36947     0.100      4669     21783
  17.35060  17.36898     0.100      4695     21901
  17.35014  17.36848     0.100      4879     22761
  17.34968  17.36797     0.100      5000     23344
  17.34922  17.36747     0.100      5030     23491
  17.34876  17.36700     0.100      5058     23606
  17.34830  17.36654     0.100      5053     23597
  17.34784  17.36609     0.100      5085     23749
  17.34738  17.36564     0.100      5074     23700
  17.34692  17.36520     0.100      5068     23661
  17.34646  17.36479     0.100      5090     23793
  17.34600  17.36440     0.100      5064     23645
  17.34554  17.36403     0.100      5092     23787
  17.34508  17.36365     0.100      5079     23718
  17.34462  17.36326     0.100      5087     23770
  17.34416  17.36286     0.100      5092     23799
  17.34370  17.36245     0.100      5074     23706
  17.34324  17.36205     0.100      5075     23732
  17.34278  17.36162     0.100      5033     23544
  17.34232  17.36114     0.100      5039     23562
  17.34186  17.36064     0.100      5047     23631
  17.34140  17.36013     0.100      5037     23552
  17.34094  17.35963     0.100      5063     23689
  17.34048  17.35915     0.100      5050     23648
  17.34002  17.35866     0.100      5094     23845
  17.33956  17.35815     0.100      5100     23850
  17.33910  17.35764     0.100      5091     23851
  17.33864  17.35716     0.100      5111     23925
  17.33818  17.35670     0.100      5085     23819
  17.33772  17.35625     0.100      5106     23918
  17.33726  17.35580     0.100      5103     23888
  17.33680  17.35535     0.100      5098     23887
  17.33634  17.35492     0.100      5127     24021
  17.33588  17.35452     0.100      5104     23917
  17.33542  17.35415     0.100      5118     23988
  17.33496  17.35378     0.100      5102     23924
  17.33450  17.35339     0.100      5106     23933
  17.33404  17.35299     0.100      5110     23964
  17.33358  17.35258     0.100      5083     23834
  17.33312  17.35218     0.100      5086     23857
  17.33266  17.35176     0.100      5029     23573
  17.33220  17.35130     0.100      5030     23600
  17.33174  17.35080     0.100      5014     23517
  17.33128  17.35028     0.100      5006     23506
  17.33082  17.34979     0.100      5034     23630
  17.33036  17.34931     0.100      5014     23544
  17.32990  17.34882     0.100      5024     23585
  17.32944  17.34832     0.100      4998     23473
  17.32898  17.34780     0.100      4996     23469
  17.32852  17.34731     0.100      5034     23645
  17.32806  17.34684     0.100      5046     23701
  17.32760  17.34638     0.100      5075     23852
  17.32714  17.34593     0.100      5104     23983
  17.32668  17.34548     0.100      5135     24124
  17.32622  17.34505     0.100      5130     24118
  17.32576  17.34465     0.100      5129     24116
  17.32530  17.34426     0.100      5133     24149
  17.32484  17.34389     0.100      5133     24136
  17.32438  17.34350     0.100      5137     24169
  17.32392  17.34310     0.100      5131     24131
  17.32346  17.34269     0.100      5122     24097
  17.32300  17.34229     0.100      5134     24160
  17.32254  17.34187     0.100      5138     24185
  17.32208  17.34143     0.100      5128     24137
  17.32162  17.34094     0.100      5128     24153
  17.32116  17.34043     0.100      5132     24167
  17.32070  17.33992     0.100      5136     24200
  17.32024  17.33944     0.100      5147     24248
  17.31978  17.33896     0.100      5138     24201
  17.31932  17.33846     0.100      5151     24266
  17.31886  17.33794     0.100      5138     24229
  17.31840  17.33744     0.100      5153     24273
  17.31794  17.33696     0.100      5137     24225
  17.31748  17.33651     0.100      5140     24230
  17.31702  17.33606     0.100      5137     24226
  17.31656  17.33561     0.100      5134     24200
  17.31610  17.33517     0.100      5143     24254
  17.31564  17.33476     0.100      5136     24215
  17.31518  17.33437     0.100      5145     24275
  17.31472  17.33400     0.100      5139     24258
  17.31426  17.33363     0.100      5147     24286
  17.31380  17.33323     0.100      5137     24256
  17.31334  17.33282     0.100      5139     24260
  17.31288  17.33242     0.100      5156     24323
  17.31242  17.33201     0.100      5142     24265
  17.31196  17.33158     0.100      5149     24313
  17.31150  17.33111     0.100      5148     24304
  17.31104  17.33060     0.100      5135     24252
  17.31058  17.33009     0.100      5161     24378
  17.31012  17.32960     0.100      5139     24281
  17.30966  17.32912     0.100      5143     24294
  17.30920  17.32863     0.100      5136     24275
  17.30874  17.32811     0.100      5132     24271
  17.30828  17.32760     0.100      5155     24361
  17.30782  17.32712     0.100      5128     24254
  17.30736  17.32666     0.100      5140     24292
  17.30690  17.32621     0.100      5085     24021
  17.30644  17.32576     0.100      5045     23864
  17.30598  17.32532     0.100      5044     23861
  17.30552  17.32490     0.100      5041     23844
  17.30506  17.32450     0.100      5062     23955
  17.30460  17.32413     0.100      5097     24129
  17.30414  17.32375     0.100      5121     24244
  17.30368  17.32336     0.100      5163     24435
  17.30322  17.32296     0.100      5146     24364
  17.30276  17.32255     0.100      5152     24402
  17.30230  17.32215     0.100      5134     24318
  17.30184  17.32173     0.100      5121     24247
  17.30138  17.32127     0.100      5131     24315
  17.30092  17.32077     0.100      5116     24246
  17.30046  17.32026     0.100      5149     24387
  17.30000  17.31976     0.100      5151     24385
  17.29954  17.31927     0.100      5151     24399
  17.29908  17.31879     0.100      5178     24552
  17.29862  17.31828     0.100      5150     24419
  17.29816  17.31777     0.100      5182     24560
  17.29770  17.31727     0.100      5169     24507
  17.29724  17.31680     0.100      5175     24532
  17.29678  17.31635     0.100      5191     24626
  17.29632  17.31589     0.100      5177     24570
  17.29586  17.31545     0.100      5193     24637
  17.29540  17.31501     0.100      5182     24590
  17.29494  17.31461     0.100      5170     24529
  17.29448  17.31423     0.100      5187     24603
  17.29402  17.31386     0.100      5178     24579
  17.29356  17.31348     0.100      5195     24669
  17.29310  17.31308     0.100      5183     24595
  17.29264  17.31267     0.100      5177     24585
  17.29218  17.31227     0.100      5194     24653
  17.29172  17.31185     0.100      5176     24585
  17.29126  17.31141     0.100      5203     24729
  17.29080  17.31092     0.100      5191     24658
  17.29034  17.31040     0.100      5178     24609
  17.28988  17.30990     0.100      5198     24697
  17.28942  17.30941     0.100      5176     24578
  17.28896  17.30893     0.100      5205     24732
  17.28850  17.30843     0.100      5184     24653
  17.28804  17.30792     0.100      5193     24672
  17.28758  17.30742     0.100      5199     24719
  17.28712  17.30695     0.100      5176     24636
  17.28666  17.30650     0.100      5210     24776
  17.28620  17.30604     0.100      5183     24656
  17.28574  17.30559     0.100      5203     24748
  17.28528  17.30516     0.100      5200     24746
  17.28482  17.30474     0.100      5182     24660
  17.28436  17.30436     0.100      5222     24844
  17.28390  17.30399     0.100      5199     24740
  17.28344  17.30361     0.100      5209     24803
  17.28298  17.30322     0.100      5200     24757
  17.28252  17.30282     0.100      5199     24759
  17.28206  17.30241     0.100      5219     24851
  17.28160  17.30200     0.100      5200     24772
  17.28114  17.30157     0.100      5219     24864
  17.28068  17.30110     0.100      5196     24758
  17.28022  17.30059     0.100      5213     24854
  17.27976  17.30008     0.100      5206     24814
  17.27930  17.29959     0.100      5212     24831
  17.27884  17.29910     0.100      5220     24891
  17.27838  17.29861     0.100      5206     24816
  17.27792  17.29810     0.100      5219     24884
  17.27746  17.29759     0.100      5217     24874
  17.27700  17.29711     0.100      5209     24834
  17.27654  17.29665     0.100      5224     24919
  17.27608  17.29620     0.100      5218     24871
  17.27562  17.29575     0.100      5224     24921
  17.27516  17.29531     0.100      5217     24900
  17.27470  17.29489     0.100      5224     24930
  17.27424  17.29450     0.100      5217     24906
  17.27378  17.29412     0.100      5219     24920
  17.27332  17.29375     0.100      5212     24904
  17.27286  17.29336     0.100      5227     24961
  17.27240  17.29295     0.100      5219     24935
  17.27194  17.29255     0.100      5232     24991
  17.27148  17.29214     0.100      5219     24921
  17.27102  17.29172     0.100      5219     24938
  17.27056  17.29126     0.100      5217     24925
  17.27010  17.29076     0.100      5216     24914
  17.26964  17.29025     0.100      5232     24985
  17.26918  17.28975     0.100      5220     24958
  17.26872  17.28927     0.100      5242     25070
  17.26826  17.28878     0.100      5220     24971
  17.26780  17.28826     0.100      5252     25104
  17.26734  17.28775     0.100      5238     25048
  17.26688  17.28726     0.100      5243     25083
  17.26642  17.28679     0.100      5241     25079
  17.26596  17.28634     0.100      5234     25047
  17.26550  17.28589     0.100      5242     25103
  17.26504  17.28544     0.100      5247     25116
  17.26458  17.28501     0.100      5239     25088
  17.26412  17.28461     0.100      5262     25176
  17.26366  17.28423     0.100      5243     25117
  17.26320  17.28386     0.100      5242     25098
  17.26274  17.28347     0.100      5238     25102
  17.26228  17.28307     0.100      5251     25155
  17.26182  17.28267     0.100      5237     25062
  17.26136  17.28226     0.100      5246     25133
  17.26090  17.28185     0.100      5252     25149
  17.26044  17.28141     0.100      5260     25215
  17.25998  17.28092     0.100      5252     25166
  17.25952  17.28041     0.100      5251     25163
  17.25906  17.27991     0.100      5256     25203
  17.25860  17.27942     0.100      5253     25183
  17.25814  17.27893     0.100      5262     25230
  17.25768  17.27843     0.100      5238     25121
  17.25722  17.27792     0.100      5253     25207
  17.25676  17.27742     0.100      5260     25227
  17.25630  17.27695     0.100      5246     25164
  17.25584  17.27650     0.100      5260     25249
  17.25538  17.27605     0.100      5252     25205
  17.25492  17.27561     0.100      5269     25292
  17.25446  17.27517     0.100      5260     25255
  17.25400  17.27475     0.100      5260     25267
  17.25354  17.27436     0.100      5257     25225
  17.25308  17.27399     0.100      5246     25205
  17.25262  17.27361     0.100      5255     25257
  17.25216  17.27322     0.100      5251     25233
  17.25170  17.27281     0.100      5259     25273
  17.25124  17.27241     0.100      5255     25267
  17.25078  17.27200     0.100      5269     25330
  17.25032  17.27157     0.100      5253     25244
  17.24986  17.27109     0.100      5263     25306
  17.24940  17.27058     0.100      5271     25351
  17.24894  17.27007     0.100      5264     25326
  17.24848  17.26958     0.100      5269     25359
  17.24802  17.26910     0.100      5263     25318
  17.24756  17.26861     0.100      5266     25335
  17.24710  17.26810     0.100      5266     25341
  17.24664  17.26759     0.100      5256     25301
  17.24618  17.26711     0.100      5272     25376
  17.24572  17.26665     0.100      5265     25356
  17.24526  17.26620     0.100      5261     25316
  17.24480  17.26575     0.100      5277     25429
  17.24434  17.26530     0.100      5264     25359
  17.24388  17.26488     0.100      5283     25454
  17.24342  17.26449     0.100      5277     25432
  17.24296  17.26411     0.100      5271     25402
  17.24250  17.26374     0.100      5280     25451
  17.24204  17.26335     0.100      5254     25313
  17.24158  17.26295     0.100      5287     25475
  17.24112  17.26254     0.100      5254     25330
  17.24066  17.26213     0.100      5268     25401
  17.24020  17.26171     0.100      5281     25479
  17.23974  17.26125     0.100      5256     25349
  17.23928  17.26075     0.100      5281     25498
  17.23882  17.26023     0.100      5254     25362
  17.23836  17.25974     0.100      5263     25415
  17.23790  17.25926     0.100      5263     25389
  17.23744  17.25877     0.100      5226     25212
  17.23698  17.25826     0.100      5249     25339
  17.23652  17.25775     0.100      5215     25204
  17.23606  17.25726     0.100      5227     25248
  17.23560  17.25679     0.100      5239     25302
  17.23514  17.25633     0.100      5237     25309
  17.23468  17.25588     0.100      5271     25484
  17.23422  17.25544     0.100      5261     25420
  17.23376  17.25501     0.100      5291     25560
  17.23330  17.25461     0.100      5290     25544
  17.23284  17.25423     0.100      5283     25535
  17.23238  17.25386     0.100      5312     25704
  17.23192  17.25348     0.100      5293     25586
  17.23146  17.25308     0.100      5307     25653
  17.23100  17.25267     0.100      5291     25587
  17.23054  17.25227     0.100      5296     25631
  17.23008  17.25186     0.100      5313     25692
  17.22962  17.25142     0.100      5283     25590
  17.22916  17.25093     0.100      5303     25670
  17.22870  17.25042     0.100      5297     25634
  17.22824  17.24992     0.100      5300     25654
  17.22778  17.24943     0.100      5299     25669
  17.22732  17.24895     0.100      5294     25624
  17.22686  17.24845     0.100      5304     25704
  17.22640  17.24794     0.100      5300     25664
  17.22594  17.24744     0.100      5299     25680
  17.22548  17.24696     0.100      5305     25701
  17.22502  17.24651     0.100      5300     25688
  17.22456  17.24606     0.100      5329     25825
  17.22410  17.24561     0.100      5292     25680
  17.22364  17.24517     0.100      5312     25761
  17.22318  17.24476     0.100      5316     25772
  17.22272  17.24437     0.100      5305     25727
  17.22226  17.24400     0.100      5322     25824
  17.22180  17.24362     0.100      5300     25715
  17.22134  17.24322     0.100      5319     25812
  17.22088  17.24282     0.100      5314     25778
  17.22042  17.24241     0.100      5310     25784
  17.21996  17.24201     0.100      5320     25824
  17.21950  17.24158     0.100      5313     25800
  17.21904  17.24111     0.100      5316     25817
  17.21858  17.24060     0.100      5318     25815
  17.21812  17.24009     0.100      5318     25823
  17.21766  17.23960     0.100      5320     25836
  17.21720  17.23912     0.100      5309     25793
  17.21674  17.23862     0.100      5322     25846
  17.21628  17.23811     0.100      5315     25810
  17.21582  17.23760     0.100      5306     25784
  17.21536  17.23712     0.100      5319     25843
  17.21490  17.23666     0.100      5313     25814
  17.21444  17.23621     0.100      5325     25897
  17.21398  17.23576     0.100      5327     25909
  17.21352  17.23532     0.100      5324     25889
  17.21306  17.23489     0.100      5337     25948
  17.21260  17.23449     0.100      5333     25917
  17.21214  17.23411     0.100      5326     25917
  17.21168  17.23374     0.100      5331     25936
  17.21122  17.23335     0.100      5338     25974
  17.21076  17.23295     0.100      5333     25959
  17.21030  17.23254     0.100      5332     25942
  17.20984  17.23213     0.100      5341     26010
  17.20938  17.23172     0.100      5329     25945
  17.20892  17.23126     0.100      5334     25960
  17.20846  17.23075     0.100      5337     25990
  17.20800  17.23024     0.100      5332     25959
  17.20754  17.22974     0.100      5342     26018
  17.20708  17.22926     0.100      5333     25976
  17.20662  17.22878     0.100      5337     26000
  17.20616  17.22827     0.100      5337     25995
  17.20570  17.22776     0.100      5347     26050
  17.20524  17.22727     0.100      5361     26090
  17.20478  17.22680     0.100      5342     26023
  17.20432  17.22634     0.100      5358     26112
  17.20386  17.22589     0.100      5339     26026
  17.20340  17.22545     0.100      5335     26027
  17.20294  17.22502     0.100      5346     26035
  17.20248  17.22461     0.100      5332     25996
  17.20202  17.22424     0.100      5352     26090
  17.20156  17.22387     0.100      5339     26024
  17.20110  17.22348     0.100      5348     26063
  17.20064  17.22309     0.100      5356     26122
  17.20018  17.22268     0.100      5356     26121
  17.19972  17.22228     0.100      5360     26135
  17.19926  17.22187     0.100      5356     26125
  17.19880  17.22142     0.100      5357     26138
  17.19834  17.22093     0.100      5360     26149
  17.19788  17.22042     0.100      5352     26090
  17.19742  17.21992     0.100      5353     26112
  17.19696  17.21944     0.100      5347     26094
  17.19650  17.21896     0.100      5368     26176
  17.19604  17.21846     0.100      5371     26219
  17.19558  17.21795     0.100      5367     26170
  17.19512  17.21744     0.100      5367     26190
  17.19466  17.21697     0.100      5359     26141
  17.19420  17.21651     0.100      5374     26233
  17.19374  17.21606     0.100      5379     26249
  17.19328  17.21561     0.100      5369     26204
  17.19282  17.21517     0.100      5378     26262
  17.19236  17.21476     0.100      5353     26132
  17.19190  17.21437     0.100      5385     26284
  17.19144  17.21400     0.100      5368     26201
  17.19098  17.21363     0.100      5367     26201
  17.19052  17.21324     0.100      5381     26267
  17.19006  17.21283     0.100      5358     26150
  17.18960  17.21242     0.100      5385     26299
  17.18914  17.21202     0.100      5368     26192
  17.18868  17.21159     0.100      5366     26178
  17.18822  17.21112     0.100      5373     26222
  17.18776  17.21061     0.100      5358     26159
  17.18730  17.21011     0.100      5396     26344
  17.18684  17.20962     0.100      5375     26220
  17.18638  17.20914     0.100      5385     26294
  17.18592  17.20865     0.100      5386     26275
  17.18546  17.20813     0.100      5365     26190
  17.18500  17.20762     0.100      5390     26304
  17.18454  17.20713     0.100      5366     26183
  17.18408  17.20667     0.100      5396     26329
  17.18362  17.20622     0.100      5376     26222
  17.18316  17.20576     0.100      5371     26192
  17.18270  17.20532     0.100      5397     26314
  17.18224  17.20489     0.100      5369     26183
  17.18178  17.20450     0.100      5390     26276
  17.18132  17.20412     0.100      5379     26217
  17.18086  17.20375     0.100      5382     26242
  17.18040  17.20336     0.100      5395     26279
  17.17994  17.20296     0.100      5366     26161
  17.17948  17.20255     0.100      5406     26321
  17.17902  17.20215     0.100      5381     26216
  17.17856  17.20173     0.100      5383     26206
  17.17810  17.20127     0.100      5393     26263
  17.17764  17.20077     0.100      5371     26159
  17.17718  17.20026     0.100      5407     26306
  17.17672  17.19976     0.100      5389     26219
  17.17626  17.19929     0.100      5401     26247
  17.17580  17.19880     0.100      5404     26253
  17.17534  17.19829     0.100      5387     26181
  17.17488  17.19778     0.100      5412     26279
  17.17442  17.19729     0.100      5391     26152
  17.17396  17.19682     0.100      5395     26185
  17.17350  17.19637     0.100      5400     26188
  17.17304  17.19592     0.100      5383     26092
  17.17258  17.19548     0.100      5412     26221
  17.17212  17.19505     0.100      5395     26123
  17.17166  17.19464     0.100      5396     26104
  17.17120  17.19426     0.100      5401     26096
  17.17074  17.19389     0.100      5397     26064
  17.17028  17.19350     0.100      5400     26065
  17.16982  17.19310     0.100      5400     26044
  17.16936  17.19269     0.100      5409     26059
  17.16890  17.19229     0.100      5402     26005
  17.16844  17.19189     0.100      5404     25993
  17.16798  17.19145     0.100      5411     25991
  17.16752  17.19096     0.100      5408     25954
  17.16706  17.19045     0.100      5420     25975
  17.16660  17.18994     0.100      5410     25882
  17.16614  17.18945     0.100      5415     25867
  17.16568  17.18897     0.100      5421     25863
  17.16522  17.18847     0.100      5415     25778
  17.16476  17.18795     0.100      5419     25743
  17.16430  17.18746     0.100      5422     25699
  17.16384  17.18698     0.100      5412     25609
  17.16338  17.18652     0.100      5416     25554
  17.16292  17.18608     0.100      5415     25463
  17.16246  17.18563     0.100      5413     25374
  17.16200  17.18518     0.100      5421     25332
  17.16154  17.18476     0.100      5415     25208
  17.16108  17.18438     0.100      5413     25109
  17.16062  17.18401     0.100      5420     25023
  17.16016  17.18363     0.100      5429     24932
  17.15970  17.18323     0.100      5415     24745
  17.15924  17.18283     0.100      5414     24590
  17.15878  17.18242     0.100      5436     24514
  17.15832  17.18202     0.100      5435     24320
  17.15786  17.18159     0.100      5436     24117
  17.15740  17.18111     0.100      5421     23805
  17.15694  17.18060     0.100      5429     23571
  17.15648  17.18009     0.100      5432     23296
  17.15602  17.17960     0.100      5442     22999
  17.15556  17.17912     0.100      5429     22580
  17.15510  17.17862     0.100      5422     22110
  17.15464  17.17811     0.100      5438     21696
  17.15418  17.17760     0.100      5440     21169
  17.15372  17.17711     0.100      5446     20577
  17.15326  17.17665     0.100      5437     19885
  17.15280  17.17619     0.100      5425     19117
  17.15234  17.17574     0.100      5440     18338
  17.15188  17.17529     0.100      5431     17464
  17.15142  17.17486     0.100      5439     16610
  17.15096  17.17447     0.100      5439     15711
  17.15050  17.17410     0.100      5428     14779
  17.15004  17.17373     0.100      5431     13922
  17.14958  17.17334     0.100      5434     13148
  17.14912  17.17293     0.100      5428     12442
  17.14866  17.17253     0.100      5443     11880
  17.14820  17.17212     0.100      5433     11410
  17.14774  17.17170     0.100      5450     11133
  17.14728  17.17124     0.100      5445     10964
  17.14682  17.17074     0.100      5457     10963
  17.14636  17.17023     0.100      5439     11054
  17.14590  17.16974     0.100      5444     11299
  17.14544  17.16925     0.100      5458     11686
  17.14498  17.16877     0.100      5448     12095
  17.14452  17.16826     0.100      5463     12645
  17.14406  17.16774     0.100      5462     13203
  17.14360  17.16725     0.100      5456     13782
  17.14314  17.16678     0.100      5459     14410
  17.14268  17.16633     0.100      5438     14944
  17.14222  17.16588     0.100      5466     15623
  17.14176  17.16543     0.100      5457     16167
  17.14130  17.16500     0.100      5457     16702
  17.14084  17.16460     0.100      5472     17251
  17.14038  17.16422     0.100      5453     17634
  17.13992  17.16385     0.100      5471     18117
  17.13946  17.16346     0.100      5464     18454
  17.13900  17.16306     0.100      5470     18789
  17.13854  17.16265     0.100      5483     19117
  17.13808  17.16225     0.100      5460     19271
  17.13762  17.16183     0.100      5480     19550
  17.13716  17.16138     0.100      5470     19684
  17.13670  17.16089     0.100      5477     19842
  17.13624  17.16038     0.100      5477     19954
  17.13578  17.15988     0.100      5466     19988
  17.13532  17.15940     0.100      5487     20133
  17.13486  17.15891     0.100      5468     20102
  17.13440  17.15841     0.100      5488     20212
  17.13394  17.15789     0.100      5482     20207
  17.13348  17.15739     0.100      5477     20188
  17.13302  17.15691     0.100      5483     20216
  17.13256  17.15646     0.100      5473     20157
  17.13210  17.15601     0.100      5478     20140
  17.13164  17.15555     0.100      5483     20116
  17.13118  17.15511     0.100      5472     20045
  17.13072  17.15470     0.100      5479     20047
  17.13026  17.15432     0.100      5477     19948
  17.12980  17.15395     0.100      5491     19970
  17.12934  17.15357     0.100      5492     19917
  17.12888  17.15317     0.100      5486     19840
  17.12842  17.15276     0.100      5496     19827
  17.12796  17.15235     0.100      5488     19751
  17.12750  17.15194     0.100      5493     19728
  17.12704  17.15151     0.100      5483     19651
  17.12658  17.15103     0.100      5479     19586
  17.12612  17.15051     0.100      5497     19610
  17.12566  17.15000     0.100      5483     19522
  17.12520  17.14951     0.100      5508     19578
  17.12474  17.14902     0.100      5485     19467
  17.12428  17.14852     0.100      5500     19484
  17.12382  17.14801     0.100      5499     19447
  17.12336  17.14750     0.100      5474     19333
  17.12290  17.14702     0.100      5505     19402
  17.12244  17.14656     0.100      5495     19319
  17.12198  17.14611     0.100      5508     19341
  17.12152  17.14566     0.100      5503     19273
  17.12106  17.14521     0.100      5498     19222
  17.12060  17.14479     0.100      5518     19255
  17.12014  17.14440     0.100      5497     19118
  17.11968  17.14403     0.100      5514     19152
  17.11922  17.14365     0.100      5510     19112
  17.11876  17.14325     0.100      5511     19076
  17.11830  17.14285     0.100      5519     19062
  17.11784  17.14244     0.100      5502     18953
  17.11738  17.14204     0.100      5503     18912
  17.11692  17.14161     0.100      5498     18847
  17.11646  17.14114     0.100      5502     18819
  17.11600  17.14063     0.100      5506     18774
  17.11554  17.14012     0.100      5513     18750
  17.11508  17.13963     0.100      5499     18642
  17.11462  17.13915     0.100      5498     18585
  17.11416  17.13866     0.100      5518     18583
  17.11370  17.13814     0.100      5527     18562
  17.11324  17.13763     0.100      5508     18439
  17.11278  17.13715     0.100      5524     18427
  17.11232  17.13668     0.100      5514     18361
  17.11186  17.13622     0.100      5513     18301
  17.11140  17.13577     0.100      5507     18250
  17.11094  17.13532     0.100      5514     18236
  17.11048  17.13489     0.100      5523     18237
  17.11002  17.13450     0.100      5509     18173
  17.10956  17.13412     0.100      5506     18141
  17.10910  17.13375     0.100      5512     18148
  17.10864  17.13336     0.100      5506     18129
  17.10818  17.13295     0.100      5528     18188
  17.10772  17.13254     0.100      5513     18138
  17.10726  17.13214     0.100      5530     18179
  17.10680  17.13172     0.100      5527     18171
  17.10634  17.13126     0.100      5530     18166
  17.10588  17.13076     0.100      5515     18116
  17.10542  17.13024     0.100      5502     18054
  17.10496  17.12974     0.100      5525     18110
  17.10450  17.12926     0.100      5536     18125
  17.10404  17.12877     0.100      5526     18077
  17.10358  17.12826     0.100      5526     18050
  17.10312  17.12774     0.100      5529     18019
  17.10266  17.12725     0.100      5528     18004
  17.10220  17.12678     0.100      5520     17943
  17.10174  17.12632     0.100      5520     17915
  17.10128  17.12587     0.100      5522     17873
  17.10082  17.12542     0.100      5526     17837
  17.10036  17.12498     0.100      5519     17800
  17.09990  17.12458     0.100      5529     17783
  17.09944  17.12420     0.100      5528     17731
  17.09898  17.12382     0.100      5533     17709
  17.09852  17.12343     0.100      5525     17643
  17.09806  17.12303     0.100      5532     17625
  17.09760  17.12262     0.100      5547     17620
  17.09714  17.12221     0.100      5528     17537
  17.09668  17.12179     0.100      5531     17499
  17.09622  17.12134     0.100      5526     17455
  17.09576  17.12084     0.100      5543     17459
  17.09530  17.12033     0.100      5532     17381
  17.09484  17.11982     0.100      5543     17391
  17.09438  17.11934     0.100      5537     17332
  17.09392  17.11885     0.100      5534     17290
  17.09346  17.11834     0.100      5547     17313
  17.09300  17.11783     0.100      5537     17244
  17.09254  17.11733     0.100      5551     17267
  17.09208  17.11686     0.100      5528     17170
  17.09162  17.11641     0.100      5552     17190
  17.09116  17.11595     0.100      5558     17187
  17.09070  17.11550     0.100      5524     17058
  17.09024  17.11506     0.100      5558     17113
  17.08978  17.11466     0.100      5541     17043
  17.08932  17.11427     0.100      5543     17015
  17.08886  17.11390     0.100      5549     16995
  17.08840  17.11352     0.100      5536     16918
  17.08794  17.11311     0.100      5568     16981
  17.08748  17.11271     0.100      5558     16915
  17.08702  17.11230     0.100      5566     16908
  17.08656  17.11189     0.100      5567     16871
  17.08610  17.11145     0.100      5547     16782
  17.08564  17.11097     0.100      5571     16822
  17.08518  17.11045     0.100      5538     16695
  17.08472  17.10995     0.100      5557     16721
  17.08426  17.10946     0.100      5559     16703
  17.08380  17.10898     0.100      5545     16629
  17.08334  17.10848     0.100      5576     16706
  17.08288  17.10796     0.100      5552     16607
  17.08242  17.10746     0.100      5583     16680
  17.08196  17.10698     0.100      5567     16616
  17.08150  17.10652     0.100      5559     16583
  17.08104  17.10607     0.100      5581     16628
  17.08058  17.10562     0.100      5563     16575
  17.08012  17.10518     0.100      5595     16652
  17.07966  17.10476     0.100      5565     16565
  17.07920  17.10437     0.100      5558     16544
  17.07874  17.10399     0.100      5580     16606
  17.07828  17.10361     0.100      5551     16533
  17.07782  17.10322     0.100      5587     16641
  17.07736  17.10281     0.100      5570     16615
  17.07690  17.10241     0.100      5584     16661
  17.07644  17.10200     0.100      5586     16690
  17.07598  17.10157     0.100      5561     16632
  17.07552  17.10109     0.100      5583     16728
  17.07506  17.10058     0.100      5567     16696
  17.07460  17.10007     0.100      5582     16788
  17.07414  17.09958     0.100      5571     16760
  17.07368  17.09910     0.100      5573     16817
  17.07322  17.09861     0.100      5578     16858
  17.07276  17.09809     0.100      5575     16889
  17.07230  17.09758     0.100      5598     16995
  17.07184  17.09710     0.100      5586     17002
  17.07138  17.09664     0.100      5587     17043
  17.07092  17.09618     0.100      5608     17141
  17.07046  17.09573     0.100      5577     17095
  17.07000  17.09527     0.100      5599     17200
  17.06954  17.09485     0.100      5601     17246
  17.06908  17.09445     0.100      5590     17251
  17.06862  17.09408     0.100      5602     17338
  17.06816  17.09370     0.100      5600     17360
  17.06770  17.09331     0.100      5596     17399
  17.06724  17.09291     0.100      5594     17442
  17.06678  17.09250     0.100      5598     17491
  17.06632  17.09210     0.100      5613     17566
  17.06586  17.09167     0.100      5585     17533
  17.06540  17.09121     0.100      5595     17599
  17.06494  17.09070     0.100      5592     17621
  17.06448  17.09019     0.100      5598     17675
  17.06402  17.08970     0.100      5599     17726
  17.06356  17.08922     0.100      5601     17779
  17.06310  17.08873     0.100      5611     17827
  17.06264  17.08822     0.100      5609     17869
  17.06218  17.08771     0.100      5605     17894
  17.06172  17.08722     0.100      5616     17956
  17.06126  17.08676     0.100      5608     17954
  17.06080  17.08630     0.100      5612     18006
  17.06034  17.08585     0.100      5610     18033
  17.05988  17.08540     0.100      5614     18063
  17.05942  17.08497     0.100      5599     18051
  17.05896  17.08457     0.100      5614     18125
  17.05850  17.08420     0.100      5610     18138
  17.05804  17.08383     0.100      5610     18149
  17.05758  17.08344     0.100      5614     18196
  17.05712  17.08304     0.100      5609     18211
  17.05666  17.08263     0.100      5621     18266
  17.05620  17.08223     0.100      5615     18282
  17.05574  17.08182     0.100      5615     18303
  17.05528  17.08137     0.100      5612     18312
  17.05482  17.08088     0.100      5615     18349
  17.05436  17.08037     0.100      5622     18395
  17.05390  17.07987     0.100      5628     18426
  17.05344  17.07938     0.100      5621     18441
  17.05298  17.07890     0.100      5608     18429
  17.05252  17.07840     0.100      5622     18492
  17.05206  17.07789     0.100      5623     18485
  17.05160  17.07739     0.100      5623     18531
  17.05114  17.07691     0.100      5624     18546
  17.05068  17.07646     0.100      5636     18605
  17.05022  17.07601     0.100      5620     18576
  17.04976  17.07556     0.100      5627     18601
  17.04930  17.07512     0.100      5623     18618
  17.04884  17.07471     0.100      5626     18650
  17.04838  17.07433     0.100      5635     18684
  17.04792  17.07396     0.100      5635     18709
  17.04746  17.07357     0.100      5627     18710
  17.04700  17.07318     0.100      5621     18686
  17.04654  17.07277     0.100      5628     18741
  17.04608  17.07237     0.100      5638     18773
  17.04562  17.07196     0.100      5632     18776
  17.04516  17.07153     0.100      5642     18814
  17.04470  17.07105     0.100      5615     18749
  17.04424  17.07054     0.100      5624     18792
  17.04378  17.07003     0.100      5639     18854
  17.04332  17.06954     0.100      5629     18819
  17.04286  17.06906     0.100      5632     18864
  17.04240  17.06857     0.100      5632     18856
  17.04194  17.06805     0.100      5645     18915
  17.04148  17.06754     0.100      5635     18877
  17.04102  17.06706     0.100      5635     18890
  17.04056  17.06660     0.100      5638     18903
  17.04010  17.06615     0.100      5613     18826
  17.03964  17.06569     0.100      5640     18924
  17.03918  17.06525     0.100      5617     18852
  17.03872  17.06483     0.100      5630     18897
  17.03826  17.06444     0.100      5645     18944
  17.03780  17.06406     0.100      5635     18926
  17.03734  17.06369     0.100      5646     18970
  17.03688  17.06330     0.100      5648     18966
  17.03642  17.06289     0.100      5646     18967
  17.03596  17.06249     0.100      5658     18994
  17.03550  17.06209     0.100      5653     18987
  17.03504  17.06167     0.100      5651     18980
  17.03458  17.06121     0.100      5658     18991
  17.03412  17.06070     0.100      5648     18971
  17.03366  17.06019     0.100      5677     19047
  17.03320  17.05970     0.100      5641     18931
  17.03274  17.05922     0.100      5666     19008
  17.03228  17.05873     0.100      5650     18954
  17.03182  17.05823     0.100      5656     18974
  17.03136  17.05772     0.100      5677     19033
  17.03090  17.05723     0.100      5651     18929
  17.03044  17.05677     0.100      5677     19025
  17.02998  17.05631     0.100      5649     18909
  17.02952  17.05586     0.100      5655     18935
  17.02906  17.05541     0.100      5652     18918
  17.02860  17.05498     0.100      5649     18885
  17.02814  17.05458     0.100      5670     18950
  17.02768  17.05420     0.100      5654     18894
  17.02722  17.05383     0.100      5664     18921
  17.02676  17.05345     0.100      5653     18880
  17.02630  17.05305     0.100      5652     18863
  17.02584  17.05264     0.100      5688     18984
  17.02538  17.05224     0.100      5656     18872
  17.02492  17.05183     0.100      5676     18904
  17.02446  17.05138     0.100      5672     18887
  17.02400  17.05089     0.100      5667     18872
  17.02354  17.05038     0.100      5682     18927
  17.02308  17.04988     0.100      5673     18875
  17.02262  17.04940     0.100      5679     18914
  17.02216  17.04892     0.100      5681     18886
  17.02170  17.04842     0.100      5670     18848
  17.02124  17.04791     0.100      5683     18890
  17.02078  17.04741     0.100      5661     18812
  17.02032  17.04694     0.100      5678     18853
  17.01986  17.04648     0.100      5676     18832
  17.01940  17.04603     0.100      5672     18814
  17.01894  17.04558     0.100      5690     18864
  17.01848  17.04514     0.100      5676     18815
  17.01802  17.04473     0.100      5685     18845
  17.01756  17.04434     0.100      5669     18787
  17.01710  17.04397     0.100      5691     18845
  17.01664  17.04360     0.100      5696     18844
  17.01618  17.04320     0.100      5676     18778
  17.01572  17.04280     0.100      5688     18813
  17.01526  17.04239     0.100      5673     18764
  17.01480  17.04199     0.100      5689     18805
  17.01434  17.04156     0.100      5697     18825
  17.01388  17.04108     0.100      5692     18812
  17.01342  17.04057     0.100      5691     18809
  17.01296  17.04006     0.100      5678     18754
  17.01250  17.03957     0.100      5695     18808
  17.01204  17.03909     0.100      5694     18797
  17.01158  17.03859     0.100      5693     18782
  17.01112  17.03808     0.100      5691     18775
  17.01066  17.03757     0.100      5674     18711
  17.01020  17.03709     0.100      5680     18739
  17.00974  17.03664     0.100      5665     18681
  17.00928  17.03618     0.100      5685     18735
  17.00882  17.03573     0.100      5676     18717
  17.00836  17.03529     0.100      5674     18692
  17.00790  17.03487     0.100      5687     18731
  17.00744  17.03448     0.100      5695     18752
  17.00698  17.03411     0.100      5701     18767
  17.00652  17.03373     0.100      5703     18774
  17.00606  17.03334     0.100      5713     18795
  17.00560  17.03294     0.100      5703     18772
  17.00514  17.03254     0.100      5698     18746
  17.00468  17.03214     0.100      5701     18743
  17.00422  17.03172     0.100      5701     18746
  17.00376  17.03126     0.100      5707     18761
  17.00330  17.03076     0.100      5714     18776
  17.00284  17.03026     0.100      5710     18757
  17.00238  17.02976     0.100      5717     18778
  17.00192  17.02929     0.100      5711     18759
  17.00146  17.02880     0.100      5701     18724
  17.00100  17.02829     0.100      5717     18770
  17.00054  17.02778     0.100      5722     18768
  17.00008  17.02729     0.100      5722     18775
  16.99962  17.02682     0.100      5723     18776
  16.99916  17.02637     0.100      5711     18732
  16.99870  17.02592     0.100      5726     18770
  16.99824  17.02547     0.100      5713     18734
  16.99778  17.02504     0.100      5722     18760
  16.99732  17.02464     0.100      5719     18750
  16.99686  17.02426     0.100      5737     18790
  16.99640  17.02388     0.100      5724     18765
  16.99594  17.02350     0.100      5722     18742
  16.99548  17.02310     0.100      5731     18781
  16.99502  17.02270     0.100      5730     18769
  16.99456  17.02230     0.100      5728     18747
  16.99410  17.02189     0.100      5729     18752
  16.99364  17.02146     0.100      5737     18778
  16.99318  17.02098     0.100      5732     18759
  16.99272  17.02046     0.100      5727     18743
  16.99226  17.01996     0.100      5737     18761
  16.99180  17.01947     0.100      5723     18719
  16.99134  17.01899     0.100      5731     18735
  16.99088  17.01850     0.100      5745     18761
  16.99042  17.01798     0.100      5738     18752
  16.98996  17.01748     0.100      5744     18744
  16.98950  17.01701     0.100      5731     18721
  16.98904  17.01655     0.100      5747     18742
  16.98858  17.01611     0.100      5741     18739
  16.98812  17.01565     0.100      5745     18750
  16.98766  17.01521     0.100      5750     18746
  16.98720  17.01479     0.100      5730     18700
  16.98674  17.01440     0.100      5747     18736
  16.98628  17.01403     0.100      5738     18708
  16.98582  17.01365     0.100      5744     18714
  16.98536  17.01326     0.100      5763     18781
  16.98490  17.01286     0.100      5732     18669
  16.98444  17.01246     0.100      5756     18745
  16.98398  17.01205     0.100      5743     18696
  16.98352  17.01162     0.100      5745     18697
  16.98306  17.01115     0.100      5748     18692
  16.98260  17.01064     0.100      5723     18621
  16.98214  17.01013     0.100      5758     18717
  16.98168  17.00964     0.100      5741     18668
  16.98122  17.00916     0.100      5753     18689
  16.98076  17.00868     0.100      5758     18708
  16.98030  17.00817     0.100      5745     18668
  16.97984  17.00766     0.100      5766     18716
  16.97938  17.00718     0.100      5743     18648
  16.97892  17.00672     0.100      5767     18723
  16.97846  17.00626     0.100      5764     18718
  16.97800  17.00581     0.100      5746     18652
  16.97754  17.00537     0.100      5781     18759
  16.97708  17.00494     0.100      5760     18684
  16.97662  17.00454     0.100      5772     18725
  16.97616  17.00417     0.100      5770     18717
  16.97570  17.00380     0.100      5756     18677
  16.97524  17.00342     0.100      5769     18710
  16.97478  17.00302     0.100      5754     18664
  16.97432  17.00261     0.100      5767     18703
  16.97386  17.00221     0.100      5770     18713
  16.97340  17.00180     0.100      5769     18706
  16.97294  17.00135     0.100      5776     18725
  16.97248  17.00086     0.100      5761     18680
  16.97202  17.00035     0.100      5767     18706
  16.97156  16.99985     0.100      5750     18653
  16.97110  16.99937     0.100      5772     18721
  16.97064  16.99889     0.100      5782     18743
  16.97018  16.99839     0.100      5769     18717
  16.96972  16.99788     0.100      5774     18726
  16.96926  16.99738     0.100      5770     18717
  16.96880  16.99691     0.100      5770     18720
  16.96834  16.99646     0.100      5780     18763
  16.96788  16.99600     0.100      5768     18719
  16.96742  16.99555     0.100      5785     18788
  16.96696  16.99511     0.100      5783     18774
  16.96650  16.99471     0.100      5779     18795
  16.96604  16.99433     0.100      5788     18806
  16.96558  16.99396     0.100      5761     18724
  16.96512  16.99358     0.100      5769     18759
  16.96466  16.99318     0.100      5749     18707
  16.96420  16.99278     0.100      5762     18755
  16.96374  16.99237     0.100      5754     18733
  16.96328  16.99197     0.100      5755     18762
  16.96282  16.99154     0.100      5778     18829
  16.96236  16.99106     0.100      5761     18789
  16.96190  16.99056     0.100      5783     18881
  16.96144  16.99004     0.100      5772     18846
  16.96098  16.98956     0.100      5792     18908
  16.96052  16.98908     0.100      5789     18913
  16.96006  16.98859     0.100      5785     18921
  16.95960  16.98808     0.100      5806     18998
  16.95914  16.98757     0.100      5790     18954
  16.95868  16.98709     0.100      5790     18963
  16.95822  16.98663     0.100      5790     18972
  16.95776  16.98618     0.100      5782     18970
  16.95730  16.98573     0.100      5792     19019
  16.95684  16.98528     0.100      5786     18989
  16.95638  16.98486     0.100      5786     19008
  16.95592  16.98446     0.100      5789     19026
  16.95546  16.98409     0.100      5788     19044
  16.95500  16.98371     0.100      5790     19061
  16.95454  16.98332     0.100      5790     19082
  16.95408  16.98292     0.100      5792     19089
  16.95362  16.98252     0.100      5792     19109
  16.95316  16.98212     0.100      5798     19139
  16.95270  16.98170     0.100      5799     19154
  16.95224  16.98124     0.100      5785     19131
  16.95178  16.98074     0.100      5802     19189
  16.95132  16.98023     0.100      5808     19220
  16.95086  16.97974     0.100      5799     19202
  16.95040  16.97926     0.100      5812     19254
  16.94994  16.97877     0.100      5804     19252
  16.94948  16.97826     0.100      5825     19314
  16.94902  16.97776     0.100      5812     19299
  16.94856  16.97727     0.100      5800     19268
  16.94810  16.97681     0.100      5805     19307
  16.94764  16.97635     0.100      5806     19311
  16.94718  16.97591     0.100      5806     19321
  16.94672  16.97546     0.100      5816     19355
  16.94626  16.97503     0.100      5831     19416
  16.94580  16.97462     0.100      5815     19378
  16.94534  16.97424     0.100      5800     19356
  16.94488  16.97387     0.100      5805     19366
  16.94442  16.97349     0.100      5800     19360
  16.94396  16.97310     0.100      5813     19417
  16.94350  16.97270     0.100      5808     19418
  16.94304  16.97230     0.100      5808     19416
  16.94258  16.97189     0.100      5812     19453
  16.94212  16.97145     0.100      5818     19463
  16.94166  16.97097     0.100      5829     19501
  16.94120  16.97046     0.100      5820     19478
  16.94074  16.96995     0.100      5819     19489
  16.94028  16.96947     0.100      5814     19483
  16.93982  16.96899     0.100      5800     19452
  16.93936  16.96849     0.100      5821     19513
  16.93890  16.96798     0.100      5808     19486
  16.93844  16.96748     0.100      5819     19541
  16.93798  16.96701     0.100      5822     19557
  16.93752  16.96655     0.100      5818     19533
  16.93706  16.96610     0.100      5839     19611
  16.93660  16.96565     0.100      5817     19561
  16.93614  16.96521     0.100      5826     19583
  16.93568  16.96479     0.100      5820     19575
  16.93522  16.96441     0.100      5801     19516
  16.93476  16.96404     0.100      5815     19578
  16.93430  16.96366     0.100      5792     19503
  16.93384  16.96327     0.100      5823     19603
  16.93338  16.96287     0.100      5813     19593
  16.93292  16.96247     0.100      5799     19544
  16.93246  16.96206     0.100      5834     19663
  16.93200  16.96164     0.100      5822     19620
  16.93154  16.96117     0.100      5849     19712
  16.93108  16.96067     0.100      5828     19652
  16.93062  16.96016     0.100      5842     19693
  16.93016  16.95967     0.100      5837     19699
  16.92970  16.95919     0.100      5824     19653
  16.92924  16.95870     0.100      5849     19749
  16.92878  16.95819     0.100      5822     19652
  16.92832  16.95768     0.100      5842     19723
  16.92786  16.95719     0.100      5844     19734
  16.92740  16.95673     0.100      5832     19716
  16.92694  16.95627     0.100      5849     19763
  16.92648  16.95582     0.100      5830     19729
  16.92602  16.95537     0.100      5848     19776
  16.92556  16.95494     0.100      5848     19798
  16.92510  16.95454     0.100      5845     19782
  16.92464  16.95417     0.100      5862     19850
  16.92418  16.95380     0.100      5839     19785
  16.92372  16.95342     0.100      5856     19835
  16.92326  16.95302     0.100      5845     19807
  16.92280  16.95261     0.100      5851     19843
  16.92234  16.95221     0.100      5851     19850
  16.92188  16.95180     0.100      5841     19814
  16.92142  16.95135     0.100      5859     19884
  16.92096  16.95086     0.100      5851     19860
  16.92050  16.95035     0.100      5854     19875
  16.92004  16.94986     0.100      5866     19932
  16.91958  16.94937     0.100      5845     19870
  16.91912  16.94889     0.100      5865     19939
  16.91866  16.94839     0.100      5843     19898
  16.91820  16.94787     0.100      5861     19935
  16.91774  16.94738     0.100      5858     19941
  16.91728  16.94691     0.100      5848     19919
  16.91682  16.94646     0.100      5868     19992
  16.91636  16.94601     0.100      5842     19921
  16.91590  16.94556     0.100      5863     19971
  16.91544  16.94513     0.100      5849     19949
  16.91498  16.94472     0.100      5851     19959
  16.91452  16.94434     0.100      5870     20015
  16.91406  16.94396     0.100      5854     19973
  16.91360  16.94358     0.100      5871     20038
  16.91314  16.94319     0.100      5867     20018
  16.91268  16.94278     0.100      5860     20013
  16.91222  16.94238     0.100      5857     20017
  16.91176  16.94198     0.100      5854     20011
  16.91130  16.94155     0.100      5873     20080
  16.91084  16.94107     0.100      5870     20055
  16.91038  16.94057     0.100      5862     20034
  16.90992  16.94006     0.100      5867     20062
  16.90946  16.93957     0.100      5873     20079
  16.90900  16.93909     0.100      5878     20095
  16.90854  16.93860     0.100      5860     20043
  16.90808  16.93809     0.100      5859     20027
  16.90762  16.93758     0.100      5857     20034
  16.90716  16.93710     0.100      5840     19976
  16.90670  16.93664     0.100      5858     20039
  16.90624  16.93619     0.100      5867     20062
  16.90578  16.93575     0.100      5875     20083
  16.90532  16.93530     0.100      5868     20070
  16.90486  16.93488     0.100      5868     20055
  16.90440  16.93448     0.100      5883     20115
  16.90394  16.93411     0.100      5870     20083
  16.90348  16.93373     0.100      5875     20083
  16.90302  16.93335     0.100      5868     20052
  16.90256  16.93295     0.100      5880     20105
  16.90210  16.93254     0.100      5875     20084
  16.90164  16.93214     0.100      5865     20050
  16.90118  16.93172     0.100      5877     20083
  16.90072  16.93126     0.100      5862     20036
  16.90026  16.93076     0.100      5866     20052
  16.89980  16.93024     0.100      5872     20063
  16.89934  16.92975     0.100      5875     20067
  16.89888  16.92927     0.100      5888     20101
  16.89842  16.92878     0.100      5882     20087
  16.89796  16.92827     0.100      5885     20098
  16.89750  16.92776     0.100      5883     20089
  16.89704  16.92727     0.100      5886     20094
  16.89658  16.92680     0.100      5882     20081
  16.89612  16.92635     0.100      5889     20093
  16.89566  16.92590     0.100      5894     20104
  16.89520  16.92545     0.100      5889     20089
  16.89474  16.92502     0.100      5894     20103
  16.89428  16.92462     0.100      5887     20074
  16.89382  16.92424     0.100      5890     20067
  16.89336  16.92387     0.100      5889     20064
  16.89290  16.92349     0.100      5876     20014
  16.89244  16.92309     0.100      5893     20058
  16.89198  16.92268     0.100      5885     20038
  16.89152  16.92228     0.100      5877     20010
  16.89106  16.92187     0.100      5879     20012
  16.89060  16.92143     0.100      5888     20018
  16.89014  16.92095     0.100      5894     20051
  16.88968  16.92044     0.100      5898     20039
  16.88922  16.91993     0.100      5892     20020
  16.88876  16.91945     0.100      5908     20066
  16.88830  16.91897     0.100      5888     19999
  16.88784  16.91847     0.100      5898     20025
  16.88738  16.91796     0.100      5896     20026
  16.88692  16.91746     0.100      5904     20025
  16.88646  16.91699     0.100      5912     20064
  16.88600  16.91653     0.100      5900     20032
  16.88554  16.91608     0.100      5912     20060
  16.88508  16.91563     0.100      5905     20021
  16.88462  16.91519     0.100      5902     20010
  16.88416  16.91477     0.100      5905     20016
  16.88370  16.91439     0.100      5897     19967
  16.88324  16.91402     0.100      5925     20075
  16.88278  16.91364     0.100      5909     20017
  16.88232  16.91325     0.100      5912     20022
  16.88186  16.91284     0.100      5922     20052
  16.88140  16.91244     0.100      5910     19993
  16.88094  16.91204     0.100      5918     20030
  16.88048  16.91161     0.100      5895     19956
  16.88002  16.91114     0.100      5912     19993
  16.87956  16.91064     0.100      5909     19991
  16.87910  16.91013     0.100      5899     19953
  16.87864  16.90964     0.100      5922     20023
  16.87818  16.90916     0.100      5898     19944
  16.87772  16.90866     0.100      5896     19945
  16.87726  16.90816     0.100      5915     19988
  16.87680  16.90765     0.100      5906     19963
  16.87634  16.90717     0.100      5916     19995
  16.87588  16.90670     0.100      5898     19938
  16.87542  16.90625     0.100      5923     20007
  16.87496  16.90580     0.100      5912     19985
  16.87450  16.90536     0.100      5913     19992
  16.87404  16.90493     0.100      5937     20051
  16.87358  16.90453     0.100      5916     19991
  16.87312  16.90416     0.100      5928     20042
  16.87266  16.90378     0.100      5925     20019
  16.87220  16.90340     0.100      5919     20012
  16.87174  16.90299     0.100      5941     20076
  16.87128  16.90258     0.100      5908     19970
  16.87082  16.90218     0.100      5939     20090
  16.87036  16.90177     0.100      5922     20016
  16.86990  16.90132     0.100      5915     20012
  16.86944  16.90081     0.100      5916     20003
  16.86898  16.90030     0.100      5897     19941
  16.86852  16.89980     0.100      5919     20010
  16.86806  16.89933     0.100      5907     19978
  16.86760  16.89884     0.100      5925     20033
  16.86714  16.89833     0.100      5922     20043
  16.86668  16.89782     0.100      5933     20074
  16.86622  16.89733     0.100      5951     20150
  16.86576  16.89686     0.100      5950     20147
  16.86530  16.89640     0.100      5947     20134
  16.86484  16.89595     0.100      5936     20121
  16.86438  16.89551     0.100      5933     20094
  16.86392  16.89508     0.100      5937     20125
  16.86346  16.89467     0.100      5932     20110
  16.86300  16.89429     0.100      5940     20119
  16.86254  16.89391     0.100      5936     20129
  16.86208  16.89353     0.100      5941     20147
  16.86162  16.89314     0.100      5951     20194
  16.86116  16.89273     0.100      5946     20172
  16.86070  16.89233     0.100      5972     20270
  16.86024  16.89193     0.100      5954     20221
  16.85978  16.89149     0.100      5952     20207
  16.85932  16.89101     0.100      5961     20266
  16.85886  16.89050     0.100      5947     20200
  16.85840  16.88999     0.100      5953     20244
  16.85794  16.88950     0.100      5941     20207
  16.85748  16.88902     0.100      5950     20250
  16.85702  16.88853     0.100      5960     20273
  16.85656  16.88802     0.100      5968     20302
  16.85610  16.88752     0.100      5977     20360
  16.85564  16.88704     0.100      5966     20319
  16.85518  16.88659     0.100      5975     20352
  16.85472  16.88614     0.100      5964     20333
  16.85426  16.88569     0.100      5972     20353
  16.85380  16.88524     0.100      5975     20360
  16.85334  16.88482     0.100      5963     20338
  16.85288  16.88443     0.100      5976     20387
  16.85242  16.88406     0.100      5966     20349
  16.85196  16.88369     0.100      5963     20362
  16.85150  16.88330     0.100      5977     20383
  16.85104  16.88289     0.100      5961     20370
  16.85058  16.88250     0.100      5973     20401
  16.85012  16.88209     0.100      5977     20419
  16.84966  16.88167     0.100      5983     20438
  16.84920  16.88120     0.100      5967     20388
  16.84874  16.88070     0.100      5977     20423
  16.84828  16.88019     0.100      5977     20429
  16.84782  16.87969     0.100      5976     20426
  16.84736  16.87921     0.100      5971     20407
  16.84690  16.87873     0.100      5984     20454
  16.84644  16.87822     0.100      5969     20411
  16.84598  16.87771     0.100      5994     20492
  16.84552  16.87722     0.100      5982     20441
  16.84506  16.87676     0.100      5976     20441
  16.84460  16.87630     0.100      5974     20428
  16.84414  16.87585     0.100      5972     20434
  16.84368  16.87540     0.100      5982     20456
  16.84322  16.87497     0.100      5972     20425
  16.84276  16.87457     0.100      6001     20544
  16.84230  16.87419     0.100      5990     20493
  16.84184  16.87382     0.100      5984     20476
  16.84138  16.87343     0.100      5993     20486
  16.84092  16.87303     0.100      5994     20498
  16.84046  16.87263     0.100      6001     20507
  16.84000  16.87222     0.100      5990     20487
  16.83954  16.87181     0.100      5981     20466
  16.83908  16.87136     0.100      5984     20474
  16.83862  16.87086     0.100      5986     20476
  16.83816  16.87035     0.100      6007     20537
  16.83770  16.86985     0.100      5989     20472
  16.83724  16.86938     0.100      6008     20556
  16.83678  16.86889     0.100      5984     20473
  16.83632  16.86839     0.100      5990     20493
  16.83586  16.86788     0.100      5995     20507
  16.83540  16.86738     0.100      5985     20478
  16.83494  16.86691     0.100      6000     20533
  16.83448  16.86646     0.100      5985     20482
  16.83402  16.86601     0.100      5996     20526
  16.83356  16.86556     0.100      6001     20536
  16.83310  16.86512     0.100      5985     20504
  16.83264  16.86471     0.100      6003     20549
  16.83218  16.86433     0.100      5986     20505
  16.83172  16.86396     0.100      6011     20586
  16.83126  16.86358     0.100      6009     20594
  16.83080  16.86318     0.100      5987     20503
  16.83034  16.86278     0.100      6007     20582
  16.82988  16.86238     0.100      5986     20528
  16.82942  16.86197     0.100      6008     20594
  16.82896  16.86154     0.100      5999     20580
  16.82850  16.86107     0.100      5987     20540
  16.82804  16.86056     0.100      6025     20676
  16.82758  16.86006     0.100      5996     20569
  16.82712  16.85957     0.100      6011     20631
  16.82666  16.85909     0.100      6001     20595
  16.82620  16.85859     0.100      6003     20614
  16.82574  16.85808     0.100      6013     20657
  16.82528  16.85757     0.100      5979     20542
  16.82482  16.85709     0.100      6011     20655
  16.82436  16.85663     0.100      5998     20613
  16.82390  16.85618     0.100      6005     20648
  16.82344  16.85573     0.100      6015     20695
  16.82298  16.85529     0.100      5997     20628
  16.82252  16.85486     0.100      6016     20693
  16.82206  16.85447     0.100      5986     20607
  16.82160  16.85409     0.100      6011     20697
  16.82114  16.85372     0.100      6014     20703
  16.82068  16.85333     0.100      6004     20678
  16.82022  16.85293     0.100      6017     20736
  16.81976  16.85253     0.100      5992     20654
  16.81930  16.85213     0.100      6018     20748
  16.81884  16.85171     0.100      6026     20777
  16.81838  16.85125     0.100      5999     20689
  16.81792  16.85075     0.100      6018     20773
  16.81746  16.85023     0.100      5996     20692
  16.81700  16.84973     0.100      6015     20766
  16.81654  16.84925     0.100      5998     20722
  16.81608  16.84876     0.100      6008     20747
  16.81562  16.84825     0.100      6019     20774
  16.81516  16.84774     0.100      6008     20761
  16.81470  16.84726     0.100      6010     20762
  16.81424  16.84679     0.100      6013     20778
  16.81378  16.84633     0.100      6015     20780
  16.81332  16.84588     0.100      6015     20783
  16.81286  16.84543     0.100      6005     20751
  16.81240  16.84499     0.100      6028     20830
  16.81194  16.84459     0.100      6012     20788
  16.81148  16.84421     0.100      6018     20804
  16.81102  16.84384     0.100      6012     20785
  16.81056  16.84346     0.100      6010     20778
  16.81010  16.84306     0.100      6018     20807
  16.80964  16.84266     0.100      6020     20812
  16.80918  16.84226     0.100      6021     20824
  16.80872  16.84184     0.100      6024     20837
  16.80826  16.84140     0.100      6015     20809
  16.80780  16.84091     0.100      6029     20849
  16.80734  16.84039     0.100      6026     20833
  16.80688  16.83989     0.100      6032     20856
  16.80642  16.83941     0.100      6023     20828
  16.80596  16.83893     0.100      6023     20828
  16.80550  16.83842     0.100      6020     20814
  16.80504  16.83791     0.100      6024     20825
  16.80458  16.83742     0.100      6034     20861
  16.80412  16.83694     0.100      6021     20836
  16.80366  16.83649     0.100      6034     20864
  16.80320  16.83604     0.100      6028     20859
  16.80274  16.83559     0.100      6034     20861
  16.80228  16.83515     0.100      6039     20879
  16.80182  16.83474     0.100      6030     20856
  16.80136  16.83435     0.100      6034     20870
  16.80090  16.83398     0.100      6030     20836
  16.80044  16.83361     0.100      6041     20876
  16.79998  16.83321     0.100      6043     20885
  16.79952  16.83281     0.100      6036     20870
  16.79906  16.83240     0.100      6048     20906
  16.79860  16.83200     0.100      6037     20874
  16.79814  16.83157     0.100      6048     20900
  16.79768  16.83109     0.100      6032     20870
  16.79722  16.83058     0.100      6044     20898
  16.79676  16.83007     0.100      6054     20931
  16.79630  16.82959     0.100      6041     20890
  16.79584  16.82910     0.100      6050     20924
  16.79538  16.82861     0.100      6044     20909
  16.79492  16.82809     0.100      6051     20927
  16.79446  16.82759     0.100      6047     20928
  16.79400  16.82711     0.100      6050     20937
  16.79354  16.82665     0.100      6055     20965
  16.79308  16.82619     0.100      6049     20937
  16.79262  16.82574     0.100      6060     20990
  16.79216  16.82530     0.100      6053     20972
  16.79170  16.82488     0.100      6052     20966
  16.79124  16.82448     0.100      6057     20997
  16.79078  16.82410     0.100      6050     21001
  16.79032  16.82373     0.100      6058     20997
  16.78986  16.82334     0.100      6065     21030
  16.78940  16.82294     0.100      6057     21014
  16.78894  16.82253     0.100      6055     21023
  16.78848  16.82213     0.100      6052     21019
  16.78802  16.82171     0.100      6067     21073
  16.78756  16.82125     0.100      6059     21059
  16.78710  16.82075     0.100      6057     21059
  16.78664  16.82023     0.100      6065     21094
  16.78618  16.81973     0.100      6053     21062
  16.78572  16.81925     0.100      6064     21117
  16.78526  16.81876     0.100      6064     21127
  16.78480  16.81825     0.100      6063     21134
  16.78434  16.81774     0.100      6055     21112
  16.78388  16.81725     0.100      6068     21147
  16.78342  16.81678     0.100      6082     21219
  16.78296  16.81633     0.100      6071     21200
  16.78250  16.81588     0.100      6071     21214
  16.78204  16.81543     0.100      6065     21201
  16.78158  16.81500     0.100      6053     21166
  16.78112  16.81460     0.100      6062     21204
  16.78066  16.81422     0.100      6065     21236
  16.78020  16.81384     0.100      6066     21256
  16.77974  16.81346     0.100      6072     21280
  16.77928  16.81306     0.100      6068     21294
  16.77882  16.81266     0.100      6082     21347
  16.77836  16.81226     0.100      6072     21323
  16.77790  16.81185     0.100      6071     21337
  16.77744  16.81140     0.100      6083     21392
  16.77698  16.81091     0.100      6067     21353
  16.77652  16.81040     0.100      6088     21431
  16.77606  16.80989     0.100      6058     21337
  16.77560  16.80941     0.100      6072     21395
  16.77514  16.80892     0.100      6072     21401
  16.77468  16.80842     0.100      6059     21365
  16.77422  16.80791     0.100      6084     21477
  16.77376  16.80741     0.100      6065     21418
  16.77330  16.80694     0.100      6075     21456
  16.77284  16.80648     0.100      6076     21463
  16.77238  16.80603     0.100      6059     21430
  16.77192  16.80558     0.100      6078     21502
  16.77146  16.80514     0.100      6063     21459
  16.77100  16.80472     0.100      6087     21549
  16.77054  16.80434     0.100      6070     21486
  16.77008  16.80397     0.100      6074     21517
  16.76962  16.80359     0.100      6091     21566
  16.76916  16.80320     0.100      6070     21508
  16.76870  16.80279     0.100      6092     21602
  16.76824  16.80239     0.100      6072     21549
  16.76778  16.80199     0.100      6079     21572
  16.76732  16.80155     0.100      6076     21566
  16.76686  16.80108     0.100      6065     21516
  16.76640  16.80057     0.100      6086     21603
  16.76594  16.80005     0.100      6074     21568
  16.76548  16.79956     0.100      6077     21577
  16.76502  16.79908     0.100      6078     21610
  16.76456  16.79859     0.100      6071     21572
  16.76410  16.79808     0.100      6089     21639
  16.76364  16.79757     0.100      6077     21599
  16.76318  16.79709     0.100      6085     21621
  16.76272  16.79663     0.100      6082     21621
  16.76226  16.79617     0.100      6087     21621
  16.76180  16.79572     0.100      6099     21670
  16.76134  16.79527     0.100      6085     21619
  16.76088  16.79485     0.100      6087     21642
  16.76042  16.79446     0.100      6095     21661
  16.75996  16.79409     0.100      6093     21661
  16.75950  16.79371     0.100      6109     21714
  16.75904  16.79332     0.100      6093     21662
  16.75858  16.79292     0.100      6105     21703
  16.75812  16.79251     0.100      6093     21655
  16.75766  16.79211     0.100      6091     21660
  16.75720  16.79168     0.100      6100     21693
  16.75674  16.79121     0.100      6098     21666
  16.75628  16.79071     0.100      6110     21719
  16.75582  16.79019     0.100      6102     21690
  16.75536  16.78970     0.100      6107     21701
  16.75490  16.78922     0.100      6096     21675
  16.75444  16.78873     0.100      6095     21663
  16.75398  16.78822     0.100      6107     21717
  16.75352  16.78770     0.100      6102     21694
  16.75306  16.78721     0.100      6107     21702
  16.75260  16.78675     0.100      6113     21720
  16.75214  16.78630     0.100      6112     21719
  16.75168  16.78585     0.100      6106     21703
  16.75122  16.78540     0.100      6103     21681
  16.75076  16.78497     0.100      6099     21681
  16.75030  16.78457     0.100      6112     21722
  16.74984  16.78419     0.100      6120     21750
  16.74938  16.78382     0.100      6121     21770
  16.74892  16.78343     0.100      6121     21752
  16.74846  16.78303     0.100      6113     21729
  16.74800  16.78263     0.100      6129     21777
  16.74754  16.78223     0.100      6104     21693
  16.74708  16.78181     0.100      6119     21747
  16.74662  16.78136     0.100      6107     21719
  16.74616  16.78087     0.100      6107     21729
  16.74570  16.78036     0.100      6114     21745
  16.74524  16.77986     0.100      6110     21729
  16.74478  16.77937     0.100      6119     21760
  16.74432  16.77888     0.100      6106     21714
  16.74386  16.77838     0.100      6115     21746
  16.74340  16.77787     0.100      6098     21686
  16.74294  16.77737     0.100      6111     21733
  16.74248  16.77690     0.100      6114     21744
  16.74202  16.77645     0.100      6120     21769
  16.74156  16.77600     0.100      6111     21755
  16.74110  16.77555     0.100      6113     21747
  16.74064  16.77511     0.100      6114     21773
  16.74018  16.77470     0.100      6103     21720
  16.73972  16.77431     0.100      6125     21801
  16.73926  16.77394     0.100      6116     21765
  16.73880  16.77356     0.100      6112     21760
  16.73834  16.77316     0.100      6116     21775
  16.73788  16.77276     0.100      6102     21732
  16.73742  16.77235     0.100      6123     21797
  16.73696  16.77195     0.100      6108     21738
  16.73650  16.77151     0.100      6121     21787
  16.73604  16.77104     0.100      6127     21822
  16.73558  16.77053     0.100      6117     21781
  16.73512  16.77001     0.100      6134     21837
  16.73466  16.76952     0.100      6123     21808
  16.73420  16.76904     0.100      6127     21816
  16.73374  16.76854     0.100      6130     21831
  16.73328  16.76802     0.100      6124     21815
  16.73282  16.76752     0.100      6127     21836
  16.73236  16.76704     0.100      6135     21848
  16.73190  16.76659     0.100      6145     21894
  16.73144  16.76613     0.100      6140     21863
  16.73098  16.76568     0.100      6132     21846
  16.73052  16.76524     0.100      6140     21896
  16.73006  16.76482     0.100      6130     21859
  16.72960  16.76442     0.100      6138     21876
  16.72914  16.76404     0.100      6138     21874
  16.72868  16.76366     0.100      6136     21862
  16.72822  16.76326     0.100      6146     21921
  16.72776  16.76286     0.100      6133     21851
  16.72730  16.76246     0.100      6152     21946
  16.72684  16.76205     0.100      6142     21898
  16.72638  16.76163     0.100      6148     21914
  16.72592  16.76116     0.100      6133     21861
  16.72546  16.76065     0.100      6132     21850
  16.72500  16.76013     0.100      6146     21897
  16.72454  16.75964     0.100      6135     21864
  16.72408  16.75915     0.100      6148     21931
  16.72362  16.75866     0.100      6153     21938
  16.72316  16.75815     0.100      6131     21868
  16.72270  16.75764     0.100      6156     21952
  16.72224  16.75716     0.100      6141     21908
  16.72178  16.75670     0.100      6152     21922
  16.72132  16.75625     0.100      6139     21883
  16.72086  16.75580     0.100      6143     21915
  16.72040  16.75535     0.100      6158     21969
  16.71994  16.75492     0.100      6143     21914
  16.71948  16.75452     0.100      6160     21975
  16.71902  16.75415     0.100      6146     21926
  16.71856  16.75378     0.100      6146     21915
  16.71810  16.75339     0.100      6164     21982
  16.71764  16.75299     0.100      6136     21892
  16.71718  16.75258     0.100      6171     22003
  16.71672  16.75218     0.100      6153     21929
  16.71626  16.75177     0.100      6146     21925
  16.71580  16.75131     0.100      6161     21957
  16.71534  16.75081     0.100      6141     21901
  16.71488  16.75029     0.100      6177     22017
  16.71442  16.74979     0.100      6147     21924
  16.71396  16.74932     0.100      6163     21975
  16.71350  16.74883     0.100      6171     22003
  16.71304  16.74832     0.100      6145     21914
  16.71258  16.74781     0.100      6167     21982
  16.71212  16.74732     0.100      6146     21917
  16.71166  16.74685     0.100      6168     21992
  16.71120  16.74639     0.100      6166     21977
  16.71074  16.74594     0.100      6160     21968
  16.71028  16.74549     0.100      6181     22047
  16.70982  16.74505     0.100      6161     21983
  16.70936  16.74465     0.100      6171     22018
  16.70890  16.74427     0.100      6171     22002
  16.70844  16.74390     0.100      6166     21992
  16.70798  16.74351     0.100      6171     22006
  16.70752  16.74311     0.100      6161     21987
  16.70706  16.74270     0.100      6175     22033
  16.70660  16.74230     0.100      6170     22015
  16.70614  16.74189     0.100      6185     22061
  16.70568  16.74144     0.100      6174     22030
  16.70522  16.74096     0.100      6174     22043
  16.70476  16.74044     0.100      6203     22136
  16.70430  16.73994     0.100      6175     22043
  16.70384  16.73945     0.100      6171     22037
  16.70338  16.73897     0.100      6170     22033
  16.70292  16.73847     0.100      6173     22037
  16.70246  16.73795     0.100      6182     22077
  16.70200  16.73745     0.100      6163     22016
  16.70154  16.73697     0.100      6184     22096
  16.70108  16.73651     0.100      6183     22088
  16.70062  16.73606     0.100      6188     22099
  16.70016  16.73560     0.100      6173     22067
  16.69970  16.73516     0.100      6171     22053
  16.69924  16.73474     0.100      6177     22099
  16.69878  16.73435     0.100      6180     22078
  16.69832  16.73398     0.100      6183     22106
  16.69786  16.73360     0.100      6190     22127
  16.69740  16.73320     0.100      6188     22103
  16.69694  16.73280     0.100      6189     22132
  16.69648  16.73239     0.100      6176     22088
  16.69602  16.73199     0.100      6185     22137
  16.69556  16.73156     0.100      6183     22132
  16.69510  16.73109     0.100      6188     22139
  16.69464  16.73057     0.100      6185     22138
  16.69418  16.73006     0.100      6188     22142
  16.69372  16.72957     0.100      6195     22173
  16.69326  16.72909     0.100      6184     22142
  16.69280  16.72859     0.100      6194     22164
  16.69234  16.72808     0.100      6183     22149
  16.69188  16.72757     0.100      6167     22102
  16.69142  16.72709     0.100      6191     22184
  16.69096  16.72663     0.100      6172     22115
  16.69050  16.72618     0.100      6192     22183
  16.69004  16.72573     0.100      6180     22151
  16.68958  16.72529     0.100      6195     22206
  16.68912  16.72486     0.100      6191     22202
  16.68866  16.72447     0.100      6189     22203
  16.68820  16.72409     0.100      6204     22257
  16.68774  16.72372     0.100      6203     22258
  16.68728  16.72332     0.100      6205     22266
  16.68682  16.72292     0.100      6207     22266
  16.68636  16.72252     0.100      6199     22248
  16.68590  16.72212     0.100      6206     22278
  16.68544  16.72170     0.100      6196     22242
  16.68498  16.72124     0.100      6205     22280
  16.68452  16.72073     0.100      6212     22290
  16.68406  16.72021     0.100      6193     22271
  16.68360  16.71971     0.100      6207     22298
  16.68314  16.71923     0.100      6206     22307
  16.68268  16.71874     0.100      6208     22317
  16.68222  16.71823     0.100      6205     22314
  16.68176  16.71772     0.100      6204     22312
  16.68130  16.71723     0.100      6209     22351
  16.68084  16.71677     0.100      6210     22341
  16.68038  16.71631     0.100      6220     22371
  16.67992  16.71586     0.100      6211     22364
  16.67946  16.71541     0.100      6195     22316
  16.67900  16.71498     0.100      6215     22395
  16.67854  16.71458     0.100      6202     22341
  16.67808  16.71420     0.100      6222     22416
  16.67762  16.71382     0.100      6217     22417
  16.67716  16.71344     0.100      6202     22375
  16.67670  16.71304     0.100      6219     22444
  16.67624  16.71263     0.100      6210     22402
  16.67578  16.71223     0.100      6219     22437
  16.67532  16.71182     0.100      6202     22374
  16.67486  16.71137     0.100      6212     22430
  16.67440  16.71087     0.100      6212     22422
  16.67394  16.71036     0.100      6187     22348
  16.67348  16.70985     0.100      6206     22418
  16.67302  16.70937     0.100      6196     22391
  16.67256  16.70888     0.100      6210     22447
  16.67210  16.70837     0.100      6222     22494
  16.67164  16.70785     0.100      6206     22456
  16.67118  16.70736     0.100      6229     22531
  16.67072  16.70688     0.100      6206     22466
  16.67026  16.70642     0.100      6231     22547
  16.66980  16.70597     0.100      6219     22513
  16.66934  16.70552     0.100      6210     22483
  16.66888  16.70508     0.100      6223     22546
  16.66842  16.70467     0.100      6215     22519
  16.66796  16.70429     0.100      6225     22559
  16.66750  16.70392     0.100      6210     22523
  16.66704  16.70353     0.100      6225     22567
  16.66658  16.70314     0.100      6230     22601
  16.66612  16.70273     0.100      6220     22549
  16.66566  16.70232     0.100      6240     22641
  16.66520  16.70192     0.100      6226     22592
  16.66474  16.70148     0.100      6227     22602
  16.66428  16.70099     0.100      6228     22619
  16.66382  16.70048     0.100      6230     22614
  16.66336  16.69997     0.100      6242     22670
  16.66290  16.69949     0.100      6222     22597
  16.66244  16.69901     0.100      6235     22640
  16.66198  16.69851     0.100      6236     22658
  16.66152  16.69799     0.100      6225     22612
  16.66106  16.69749     0.100      6242     22673
  16.66060  16.69701     0.100      6226     22617
  16.66014  16.69655     0.100      6238     22656
  16.65968  16.69610     0.100      6223     22612
  16.65922  16.69565     0.100      6233     22659
  16.65876  16.69521     0.100      6241     22671
  16.65830  16.69479     0.100      6225     22642
  16.65784  16.69440     0.100      6241     22679
  16.65738  16.69403     0.100      6239     22686
  16.65692  16.69365     0.100      6244     22719
  16.65646  16.69325     0.100      6261     22765
  16.65600  16.69285     0.100      6254     22754
  16.65554  16.69244     0.100      6265     22769
  16.65508  16.69204     0.100      6237     22677
  16.65462  16.69161     0.100      6252     22733
  16.65416  16.69114     0.100      6246     22712
  16.65370  16.69063     0.100      6254     22730
  16.65324  16.69012     0.100      6265     22793
  16.65278  16.68962     0.100      6255     22744
  16.65232  16.68915     0.100      6248     22712
  16.65186  16.68865     0.100      6244     22715
  16.65140  16.68814     0.100      6241     22703
  16.65094  16.68763     0.100      6247     22728
  16.65048  16.68714     0.100      6253     22751
  16.65002  16.68668     0.100      6252     22745
  16.64956  16.68622     0.100      6264     22779
  16.64910  16.68577     0.100      6256     22758
  16.64864  16.68533     0.100      6259     22766
  16.64818  16.68490     0.100      6255     22748
  16.64772  16.68450     0.100      6262     22770
  16.64726  16.68412     0.100      6252     22733
  16.64680  16.68375     0.100      6257     22759
  16.64634  16.68336     0.100      6250     22736
  16.64588  16.68295     0.100      6255     22751
  16.64542  16.68255     0.100      6265     22804
  16.64496  16.68215     0.100      6260     22779
  16.64450  16.68173     0.100      6263     22794
  16.64404  16.68127     0.100      6258     22771
  16.64358  16.68076     0.100      6284     22852
  16.64312  16.68024     0.100      6273     22824
  16.64266  16.67975     0.100      6253     22747
  16.64220  16.67926     0.100      6263     22798
  16.64174  16.67877     0.100      6271     22801
  16.64128  16.67826     0.100      6264     22794
  16.64082  16.67774     0.100      6277     22840
  16.64036  16.67725     0.100      6257     22769
  16.63990  16.67679     0.100      6267     22817
  16.63944  16.67633     0.100      6277     22847
  16.63898  16.67588     0.100      6262     22807
  16.63852  16.67543     0.100      6263     22806
  16.63806  16.67500     0.100      6260     22793
  16.63760  16.67459     0.100      6282     22871
  16.63714  16.67422     0.100      6257     22788
  16.63668  16.67384     0.100      6252     22755
  16.63622  16.67346     0.100      6236     22711
  16.63576  16.67305     0.100      6234     22692
  16.63530  16.67265     0.100      6242     22718
  16.63484  16.67225     0.100      6236     22714
  16.63438  16.67184     0.100      6253     22770
  16.63392  16.67139     0.100      6269     22842
  16.63346  16.67089     0.100      6284     22893
  16.63300  16.67038     0.100      6284     22898
  16.63254  16.66987     0.100      6276     22874
  16.63208  16.66939     0.100      6291     22924
  16.63162  16.66891     0.100      6280     22867
  16.63116  16.66840     0.100      6293     22934
  16.63070  16.66789     0.100      6278     22898
  16.63024  16.66739     0.100      6277     22866
  16.62978  16.66692     0.100      6286     22912
  16.62932  16.66646     0.100      6272     22854
  16.62886  16.66601     0.100      6276     22898
  16.62840  16.66556     0.100      6268     22857
  16.62794  16.66512     0.100      6273     22880
  16.62748  16.66470     0.100      6295     22970
  16.62702  16.66432     0.100      6281     22939
  16.62656  16.66395     0.100      6293     22973
  16.62610  16.66357     0.100      6280     22934
  16.62564  16.66317     0.100      6285     22961
  16.62518  16.66277     0.100      6288     22960
  16.62472  16.66237     0.100      6289     22980
  16.62426  16.66196     0.100      6296     23011
  16.62380  16.66152     0.100      6292     23006
  16.62334  16.66104     0.100      6289     22987
  16.62288  16.66052     0.100      6281     22972
  16.62242  16.66002     0.100      6284     22977
  16.62196  16.65953     0.100      6290     23005
  16.62150  16.65905     0.100      6283     22990
  16.62104  16.65855     0.100      6277     22996
  16.62058  16.65804     0.100      6283     23012
  16.62012  16.65753     0.100      6278     22995
  16.61966  16.65705     0.100      6302     23073
  16.61920  16.65659     0.100      6281     23019
  16.61874  16.65614     0.100      6302     23099
  16.61828  16.65569     0.100      6302     23112
  16.61782  16.65524     0.100      6289     23078
  16.61736  16.65482     0.100      6315     23178
  16.61690  16.65442     0.100      6288     23071
  16.61644  16.65405     0.100      6302     23138
  16.61598  16.65367     0.100      6288     23109
  16.61552  16.65327     0.100      6290     23108
  16.61506  16.65286     0.100      6307     23167
  16.61460  16.65246     0.100      6295     23132
  16.61414  16.65205     0.100      6307     23184
  16.61368  16.65162     0.100      6301     23163
  16.61322  16.65115     0.100      6316     23221
  16.61276  16.65065     0.100      6305     23209
  16.61230  16.65013     0.100      6300     23202
  16.61184  16.64964     0.100      6317     23268
  16.61138  16.64916     0.100      6295     23184
  16.61092  16.64867     0.100      6313     23262
  16.61046  16.64815     0.100      6293     23186
  16.61000  16.64764     0.100      6295     23213
  16.60954  16.64716     0.100      6312     23282
  16.60908  16.64669     0.100      6312     23279
  16.60862  16.64624     0.100      6315     23303
  16.60816  16.64579     0.100      6320     23332
  16.60770  16.64534     0.100      6302     23270
  16.60724  16.64491     0.100      6323     23350
  16.60678  16.64451     0.100      6310     23304
  16.60632  16.64414     0.100      6312     23326
  16.60586  16.64376     0.100      6305     23297
  16.60540  16.64337     0.100      6315     23355
  16.60494  16.64297     0.100      6328     23405
  16.60448  16.64256     0.100      6316     23371
  16.60402  16.64216     0.100      6315     23369
  16.60356  16.64175     0.100      6311     23354
  16.60310  16.64129     0.100      6320     23407
  16.60264  16.64079     0.100      6317     23397
  16.60218  16.64027     0.100      6311     23369
  16.60172  16.63977     0.100      6319     23410
  16.60126  16.63930     0.100      6309     23377
  16.60080  16.63881     0.100      6320     23427
  16.60034  16.63830     0.100      6315     23406
  16.59988  16.63779     0.100      6311     23400
  16.59942  16.63729     0.100      6315     23424
  16.59896  16.63682     0.100      6301     23369
  16.59850  16.63637     0.100      6321     23452
  16.59804  16.63592     0.100      6319     23437
  16.59758  16.63546     0.100      6326     23460
  16.59712  16.63503     0.100      6330     23492
  16.59666  16.63462     0.100      6337     23513
  16.59620  16.63424     0.100      6342     23553
  16.59574  16.63386     0.100      6322     23469
  16.59528  16.63348     0.100      6344     23554
  16.59482  16.63307     0.100      6317     23476
  16.59436  16.63267     0.100      6332     23516
  16.59390  16.63227     0.100      6333     23521
  16.59344  16.63186     0.100      6332     23524
  16.59298  16.63141     0.100      6333     23536
  16.59252  16.63092     0.100      6330     23526
  16.59206  16.63040     0.100      6343     23572
  16.59160  16.62989     0.100      6335     23536
  16.59114  16.62941     0.100      6334     23559
  16.59068  16.62893     0.100      6332     23543
  16.59022  16.62842     0.100      6340     23580
  16.58976  16.62790     0.100      6337     23576
  16.58930  16.62740     0.100      6334     23569
  16.58884  16.62693     0.100      6339     23577
  16.58838  16.62647     0.100      6330     23556
  16.58792  16.62601     0.100      6330     23557
  16.58746  16.62556     0.100      6326     23539
  16.58700  16.62511     0.100      6340     23591
  16.58654  16.62469     0.100      6337     23590
  16.58608  16.62431     0.100      6352     23649
  16.58562  16.62393     0.100      6341     23605
  16.58516  16.62355     0.100      6351     23640
  16.58470  16.62315     0.100      6351     23670
  16.58424  16.62274     0.100      6351     23647
  16.58378  16.62234     0.100      6349     23644
  16.58332  16.62193     0.100      6350     23661
  16.58286  16.62149     0.100      6369     23722
  16.58240  16.62101     0.100      6351     23657
  16.58194  16.62049     0.100      6365     23717
  16.58148  16.61998     0.100      6353     23682
  16.58102  16.61949     0.100      6351     23674
  16.58056  16.61901     0.100      6365     23722
  16.58010  16.61851     0.100      6343     23655
  16.57964  16.61800     0.100      6350     23676
  16.57918  16.61749     0.100      6343     23671
  16.57872  16.61701     0.100      6356     23698
  16.57826  16.61656     0.100      6355     23705
  16.57780  16.61610     0.100      6358     23707
  16.57734  16.61565     0.100      6368     23757
  16.57688  16.61520     0.100      6364     23759
  16.57642  16.61478     0.100      6368     23761
  16.57596  16.61439     0.100      6353     23710
  16.57550  16.61402     0.100      6359     23754
  16.57504  16.61364     0.100      6368     23794
  16.57458  16.61325     0.100      6346     23703
  16.57412  16.61284     0.100      6365     23801
  16.57366  16.61243     0.100      6359     23781
  16.57320  16.61203     0.100      6365     23771
  16.57274  16.61160     0.100      6378     23830
  16.57228  16.61112     0.100      6361     23777
  16.57182  16.61061     0.100      6374     23846
  16.57136  16.61010     0.100      6371     23827
  16.57090  16.60961     0.100      6370     23818
  16.57044  16.60912     0.100      6386     23895
  16.56998  16.60863     0.100      6353     23779
  16.56952  16.60811     0.100      6387     23887
  16.56906  16.60760     0.100      6378     23870
  16.56860  16.60712     0.100      6372     23852
  16.56814  16.60665     0.100      6388     23917
  16.56768  16.60620     0.100      6364     23835
  16.56722  16.60574     0.100      6387     23922
  16.56676  16.60529     0.100      6361     23832
  16.56630  16.60487     0.100      6377     23899
  16.56584  16.60447     0.100      6391     23926
  16.56538  16.60410     0.100      6358     23833
  16.56492  16.60372     0.100      6398     23984
  16.56446  16.60333     0.100      6375     23884
  16.56400  16.60292     0.100      6389     23942
  16.56354  16.60251     0.100      6372     23886
  16.56308  16.60211     0.100      6370     23888
  16.56262  16.60168     0.100      6375     23918
  16.56216  16.60122     0.100      6364     23866
  16.56170  16.60071     0.100      6382     23958
  16.56124  16.60020     0.100      6375     23913
  16.56078  16.59970     0.100      6380     23956
  16.56032  16.59922     0.100      6378     23921
  16.55986  16.59873     0.100      6372     23918
  16.55940  16.59821     0.100      6382     23957
  16.55894  16.59769     0.100      6368     23906
  16.55848  16.59720     0.100      6390     23994
  16.55802  16.59673     0.100      6378     23945
  16.55756  16.59628     0.100      6373     23961
  16.55710  16.59582     0.100      6382     23982
  16.55664  16.59537     0.100      6381     23972
  16.55618  16.59493     0.100      6369     23940
  16.55572  16.59453     0.100      6383     23994
  16.55526  16.59415     0.100      6378     23980
  16.55480  16.59378     0.100      6380     23989
  16.55434  16.59339     0.100      6382     23991
  16.55388  16.59299     0.100      6403     24077
  16.55342  16.59258     0.100      6388     24034
  16.55296  16.59218     0.100      6376     23990
  16.55250  16.59176     0.100      6385     24024
  16.55204  16.59131     0.100      6377     24013
  16.55158  16.59082     0.100      6393     24040
  16.55112  16.59030     0.100      6389     24046
  16.55066  16.58980     0.100      6393     24058
  16.55020  16.58931     0.100      6390     24052
  16.54974  16.58882     0.100      6396     24064
  16.54928  16.58831     0.100      6376     24020
  16.54882  16.58780     0.100      6383     24041
  16.54836  16.58731     0.100      6386     24059
  16.54790  16.58684     0.100      6389     24063
  16.54744  16.58639     0.100      6387     24060
  16.54698  16.58593     0.100      6377     24024
  16.54652  16.58548     0.100      6377     24037
  16.54606  16.58504     0.100      6402     24130
  16.54560  16.58463     0.100      6388     24070
  16.54514  16.58425     0.100      6395     24109
  16.54468  16.58388     0.100      6407     24125
  16.54422  16.58349     0.100      6395     24104
  16.54376  16.58309     0.100      6402     24124
  16.54330  16.58268     0.100      6394     24108
  16.54284  16.58228     0.100      6410     24169
  16.54238  16.58187     0.100      6403     24128
  16.54192  16.58143     0.100      6406     24158
  16.54146  16.58094     0.100      6408     24161
  16.54100  16.58042     0.100      6392     24111
  16.54054  16.57992     0.100      6401     24148
  16.54008  16.57943     0.100      6402     24145
  16.53962  16.57895     0.100      6408     24164
  16.53916  16.57845     0.100      6414     24187
  16.53870  16.57793     0.100      6401     24144
  16.53824  16.57743     0.100      6400     24142
  16.53778  16.57696     0.100      6403     24154
  16.53732  16.57650     0.100      6400     24146
  16.53686  16.57605     0.100      6407     24172
  16.53640  16.57559     0.100      6395     24129
  16.53594  16.57515     0.100      6398     24165
  16.53548  16.57473     0.100      6399     24146
  16.53502  16.57435     0.100      6406     24188
  16.53456  16.57397     0.100      6399     24147
  16.53410  16.57359     0.100      6408     24184
  16.53364  16.57320     0.100      6407     24187
  16.53318  16.57279     0.100      6396     24146
  16.53272  16.57239     0.100      6409     24216
  16.53226  16.57198     0.100      6404     24181
  16.53180  16.57154     0.100      6412     24211
  16.53134  16.57106     0.100      6401     24179
  16.53088  16.57054     0.100      6409     24189
  16.53042  16.57003     0.100      6424     24260
  16.52996  16.56955     0.100      6412     24230
  16.52950  16.56907     0.100      6420     24266
  16.52904  16.56856     0.100      6415     24231
  16.52858  16.56805     0.100      6417     24258
  16.52812  16.56754     0.100      6419     24241
  16.52766  16.56706     0.100      6415     24235
  16.52720  16.56660     0.100      6421     24277
  16.52674  16.56614     0.100      6430     24298
  16.52628  16.56569     0.100      6427     24295
  16.52582  16.56524     0.100      6439     24326
  16.52536  16.56482     0.100      6422     24274
  16.52490  16.56443     0.100      6432     24321
  16.52444  16.56406     0.100      6435     24324
  16.52398  16.56368     0.100      6423     24279
  16.52352  16.56328     0.100      6427     24303
  16.52306  16.56288     0.100      6415     24263
  16.52260  16.56247     0.100      6436     24333
  16.52214  16.56207     0.100      6433     24349
  16.52168  16.56165     0.100      6443     24372
  16.52122  16.56118     0.100      6438     24364
  16.52076  16.56068     0.100      6431     24328
  16.52030  16.56017     0.100      6443     24379
  16.51984  16.55967     0.100      6434     24356
  16.51938  16.55919     0.100      6442     24400
  16.51892  16.55870     0.100      6450     24423
  16.51846  16.55819     0.100      6438     24385
  16.51800  16.55767     0.100      6457     24443
  16.51754  16.55719     0.100      6440     24397
  16.51708  16.55672     0.100      6446     24437
  16.51662  16.55627     0.100      6455     24446
  16.51616  16.55581     0.100      6441     24400
  16.51570  16.55536     0.100      6463     24491
  16.51524  16.55493     0.100      6443     24422
  16.51478  16.55454     0.100      6454     24483
  16.51432  16.55416     0.100      6437     24418
  16.51386  16.55379     0.100      6430     24407
  16.51340  16.55340     0.100      6454     24477
  16.51294  16.55299     0.100      6442     24441
  16.51248  16.55258     0.100      6460     24507
  16.51202  16.55218     0.100      6437     24450
  16.51156  16.55177     0.100      6447     24481
  16.51110  16.55132     0.100      6464     24527
  16.51064  16.55082     0.100      6441     24451
  16.51018  16.55031     0.100      6458     24529
  16.50972  16.54981     0.100      6442     24471
  16.50926  16.54932     0.100      6438     24463
  16.50880  16.54884     0.100      6455     24527
  16.50834  16.54832     0.100      6442     24486
  16.50788  16.54781     0.100      6471     24592
  16.50742  16.54731     0.100      6442     24485
  16.50696  16.54684     0.100      6450     24531
  16.50650  16.54639     0.100      6466     24581
  16.50604  16.54594     0.100      6447     24542
  16.50558  16.54548     0.100      6479     24641
  16.50512  16.54504     0.100      6455     24573
  16.50466  16.54463     0.100      6457     24581
  16.50420  16.54425     0.100      6463     24600
  16.50374  16.54387     0.100      6463     24594
  16.50328  16.54349     0.100      6484     24678
  16.50282  16.54309     0.100      6464     24606
  16.50236  16.54268     0.100      6474     24667
  16.50190  16.54228     0.100      6473     24653
  16.50144  16.54187     0.100      6462     24622
  16.50098  16.54142     0.100      6469     24655
  16.50052  16.54093     0.100      6462     24621
  16.50006  16.54041     0.100      6481     24698
  16.49960  16.53990     0.100      6459     24635
  16.49914  16.53942     0.100      6465     24641
  16.49868  16.53893     0.100      6456     24634
  16.49822  16.53843     0.100      6460     24648
  16.49776  16.53791     0.100      6474     24719
  16.49730  16.53741     0.100      6462     24655
  16.49684  16.53694     0.100      6482     24754
  16.49638  16.53648     0.100      6486     24759
  16.49592  16.53603     0.100      6478     24723
  16.49546  16.53558     0.100      6473     24718
  16.49500  16.53513     0.100      6468     24702
  16.49454  16.53471     0.100      6476     24738
  16.49408  16.53433     0.100      6480     24755
  16.49362  16.53395     0.100      6476     24750
  16.49316  16.53357     0.100      6471     24752
  16.49270  16.53318     0.100      6483     24783
  16.49224  16.53278     0.100      6483     24775
  16.49178  16.53237     0.100      6488     24805
  16.49132  16.53197     0.100      6483     24790
  16.49086  16.53154     0.100      6492     24843
  16.49040  16.53106     0.100      6488     24823
  16.48994  16.53055     0.100      6484     24814
  16.48948  16.53003     0.100      6482     24822
  16.48902  16.52954     0.100      6484     24819
  16.48856  16.52906     0.100      6487     24833
  16.48810  16.52857     0.100      6489     24838
  16.48764  16.52805     0.100      6480     24818
  16.48718  16.52754     0.100      6477     24805
  16.48672  16.52706     0.100      6485     24852
  16.48626  16.52660     0.100      6476     24803
  16.48580  16.52615     0.100      6472     24798
  16.48534  16.52569     0.100      6494     24874
  16.48488  16.52524     0.100      6488     24864
  16.48442  16.52482     0.100      6495     24898
  16.48396  16.52442     0.100      6491     24874
  16.48350  16.52405     0.100      6497     24916
  16.48304  16.52367     0.100      6479     24850
  16.48258  16.52328     0.100      6492     24898
  16.48212  16.52287     0.100      6491     24903
  16.48166  16.52247     0.100      6477     24854
  16.48120  16.52206     0.100      6494     24907
  16.48074  16.52164     0.100      6482     24881
  16.48028  16.52117     0.100      6486     24885
  16.47982  16.52066     0.100      6492     24927
  16.47936  16.52015     0.100      6493     24921
  16.47890  16.51966     0.100      6501     24954
  16.47844  16.51918     0.100      6497     24936
  16.47798  16.51869     0.100      6492     24925
  16.47752  16.51817     0.100      6495     24926
  16.47706  16.51766     0.100      6494     24942
  16.47660  16.51716     0.100      6510     24988
  16.47614  16.51670     0.100      6502     24968
  16.47568  16.51624     0.100      6496     24938
  16.47522  16.51579     0.100      6506     24975
  16.47476  16.51533     0.100      6491     24932
  16.47430  16.51490     0.100      6505     24993
  16.47384  16.51450     0.100      6498     24965
  16.47338  16.51412     0.100      6495     24965
  16.47292  16.51375     0.100      6513     25016
  16.47246  16.51335     0.100      6488     24929
  16.47200  16.51295     0.100      6515     25038
  16.47154  16.51254     0.100      6496     24959
  16.47108  16.51214     0.100      6516     25038
  16.47062  16.51172     0.100      6509     25034
  16.47016  16.51126     0.100      6508     25015
  16.46970  16.51076     0.100      6511     25045
  16.46924  16.51024     0.100      6499     24997
  16.46878  16.50974     0.100      6512     25032
  16.46832  16.50926     0.100      6492     24952
  16.46786  16.50877     0.100      6504     25014
  16.46740  16.50826     0.100      6502     25024
  16.46694  16.50774     0.100      6502     25010
  16.46648  16.50725     0.100      6520     25084
  16.46602  16.50679     0.100      6500     25018
  16.46556  16.50633     0.100      6518     25059
  16.46510  16.50587     0.100      6510     25056
  16.46464  16.50542     0.100      6515     25066
  16.46418  16.50499     0.100      6526     25116
  16.46372  16.50458     0.100      6493     25005
  16.46326  16.50420     0.100      6509     25051
  16.46280  16.50383     0.100      6507     25066
  16.46234  16.50344     0.100      6503     25044
  16.46188  16.50304     0.100      6523     25110
  16.46142  16.50263     0.100      6508     25051
  16.46096  16.50223     0.100      6520     25094
  16.46050  16.50182     0.100      6496     25024
  16.46004  16.50137     0.100      6508     25066
  16.45958  16.50088     0.100      6511     25086
  16.45912  16.50036     0.100      6505     25048
  16.45866  16.49986     0.100      6530     25166
  16.45820  16.49938     0.100      6509     25084
  16.45774  16.49888     0.100      6518     25119
  16.45728  16.49837     0.100      6520     25140
  16.45682  16.49785     0.100      6500     25057
  16.45636  16.49736     0.100      6536     25189
  16.45590  16.49689     0.100      6510     25105
  16.45544  16.49644     0.100      6522     25138
  16.45498  16.49598     0.100      6526     25156
  16.45452  16.49553     0.100      6509     25103
  16.45406  16.49508     0.100      6545     25228
  16.45360  16.49467     0.100      6512     25118
  16.45314  16.49428     0.100      6538     25211
  16.45268  16.49391     0.100      6516     25145
  16.45222  16.49352     0.100      6528     25178
  16.45176  16.49312     0.100      6539     25240
  16.45130  16.49272     0.100      6520     25166
  16.45084  16.49232     0.100      6542     25241
  16.45038  16.49191     0.100      6539     25234
  16.44992  16.49147     0.100      6537     25229
  16.44946  16.49098     0.100      6552     25292
  16.44900  16.49046     0.100      6533     25227
  16.44854  16.48995     0.100      6543     25273
  16.44808  16.48946     0.100      6539     25241
  16.44762  16.48898     0.100      6530     25229
  16.44716  16.48848     0.100      6534     25238
  16.44670  16.48796     0.100      6526     25229
  16.44624  16.48745     0.100      6538     25252
  16.44578  16.48698     0.100      6541     25276
  16.44532  16.48652     0.100      6542     25279
  16.44486  16.48606     0.100      6545     25288
  16.44440  16.48560     0.100      6535     25261
  16.44394  16.48515     0.100      6552     25324
  16.44348  16.48472     0.100      6543     25295
  16.44302  16.48434     0.100      6546     25306
  16.44256  16.48396     0.100      6537     25292
  16.44210  16.48358     0.100      6529     25270
  16.44164  16.48319     0.100      6541     25314
  16.44118  16.48278     0.100      6541     25315
  16.44072  16.48237     0.100      6550     25340
  16.44026  16.48196     0.100      6544     25314
  16.43980  16.48153     0.100      6544     25331
  16.43934  16.48105     0.100      6541     25340
  16.43888  16.48054     0.100      6538     25315
  16.43842  16.48003     0.100      6547     25358
  16.43796  16.47954     0.100      6526     25280
  16.43750  16.47906     0.100      6549     25377
  16.43704  16.47856     0.100      6536     25338
  16.43658  16.47804     0.100      6538     25329
  16.43612  16.47753     0.100      6558     25404
  16.43566  16.47705     0.100      6541     25345
  16.43520  16.47658     0.100      6554     25410
  16.43474  16.47613     0.100      6539     25354
  16.43428  16.47568     0.100      6553     25394
  16.43382  16.47523     0.100      6535     25358
  16.43336  16.47481     0.100      6550     25406
  16.43290  16.47442     0.100      6534     25357
  16.43244  16.47404     0.100      6539     25373
  16.43198  16.47366     0.100      6533     25353
  16.43152  16.47327     0.100      6520     25302
  16.43106  16.47286     0.100      6500     25245
  16.43060  16.47245     0.100      6461     25087
  16.43014  16.47205     0.100      6439     25022
  16.42968  16.47162     0.100      6440     25020
  16.42922  16.47115     0.100      6438     25014
  16.42876  16.47064     0.100      6461     25102
  16.42830  16.47013     0.100      6497     25247
  16.42784  16.46964     0.100      6525     25359
  16.42738  16.46916     0.100      6545     25449
  16.42692  16.46866     0.100      6566     25540
  16.42646  16.46814     0.100      6569     25559
  16.42600  16.46763     0.100      6582     25602
  16.42554  16.46714     0.100      6575     25586
  16.42508  16.46667     0.100      6586     25625
  16.42462  16.46622     0.100      6578     25619
  16.42416  16.46576     0.100      6578     25605
  16.42370  16.46531     0.100      6585     25654
  16.42324  16.46488     0.100      6570     25603
  16.42278  16.46448     0.100      6585     25682
  16.42232  16.46410     0.100      6579     25634
  16.42186  16.46372     0.100      6589     25677
  16.42140  16.46333     0.100      6573     25617
  16.42094  16.46292     0.100      6568     25619
  16.42048  16.46251     0.100      6583     25659
  16.42002  16.46211     0.100      6562     25604
  16.41956  16.46169     0.100      6583     25688
  16.41910  16.46123     0.100      6569     25650
  16.41864  16.46072     0.100      6570     25656
  16.41818  16.46021     0.100      6587     25717
  16.41772  16.45970     0.100      6589     25728
  16.41726  16.45921     0.100      6591     25751
  16.41680  16.45872     0.100      6570     25655
  16.41634  16.45821     0.100      6583     25717
  16.41588  16.45769     0.100      6590     25766
  16.41542  16.45719     0.100      6589     25741
  16.41496  16.45672     0.100      6598     25787
  16.41450  16.45627     0.100      6564     25676
  16.41404  16.45581     0.100      6573     25700
  16.41358  16.45536     0.100      6573     25715
  16.41312  16.45492     0.100      6567     25688
  16.41266  16.45452     0.100      6579     25740
  16.41220  16.45414     0.100      6577     25726
  16.41174  16.45376     0.100      6579     25747
  16.41128  16.45337     0.100      6587     25784
  16.41082  16.45296     0.100      6571     25731
  16.41036  16.45256     0.100      6590     25796
  16.40990  16.45216     0.100      6560     25696
  16.40944  16.45174     0.100      6581     25791
  16.40898  16.45128     0.100      6583     25791
  16.40852  16.45078     0.100      6575     25746
  16.40806  16.45025     0.100      6592     25833
  16.40760  16.44975     0.100      6564     25734
  16.40714  16.44927     0.100      6607     25868
  16.40668  16.44877     0.100      6583     25815
  16.40622  16.44826     0.100      6589     25834
  16.40576  16.44775     0.100      6598     25855
  16.40530  16.44725     0.100      6580     25806
  16.40484  16.44679     0.100      6587     25832
  16.40438  16.44633     0.100      6579     25790
  16.40392  16.44587     0.100      6588     25857
  16.40346  16.44542     0.100      6584     25849
  16.40300  16.44498     0.100      6571     25785
  16.40254  16.44457     0.100      6600     25886
  16.40208  16.44419     0.100      6578     25818
  16.40162  16.44382     0.100      6584     25842
  16.40116  16.44343     0.100      6593     25869
  16.40070  16.44302     0.100      6595     25885
  16.40024  16.44261     0.100      6598     25882
  16.39978  16.44221     0.100      6588     25849
  16.39932  16.44180     0.100      6598     25892
  16.39886  16.44134     0.100      6596     25882
  16.39840  16.44084     0.100      6595     25880
  16.39794  16.44032     0.100      6602     25911
  16.39748  16.43982     0.100      6595     25882
  16.39702  16.43933     0.100      6605     25919
  16.39656  16.43884     0.100      6598     25901
  16.39610  16.43834     0.100      6596     25890
  16.39564  16.43782     0.100      6604     25909
  16.39518  16.43732     0.100      6587     25866
  16.39472  16.43684     0.100      6597     25898
  16.39426  16.43638     0.100      6589     25880
  16.39380  16.43592     0.100      6592     25875
  16.39334  16.43547     0.100      6600     25912
  16.39288  16.43503     0.100      6595     25892
  16.39242  16.43462     0.100      6614     25954
  16.39196  16.43423     0.100      6596     25892
  16.39150  16.43386     0.100      6609     25940
  16.39104  16.43347     0.100      6598     25909
  16.39058  16.43307     0.100      6605     25937
  16.39012  16.43266     0.100      6608     25930
  16.38966  16.43225     0.100      6589     25885
  16.38920  16.43183     0.100      6601     25917
  16.38874  16.43138     0.100      6599     25918
  16.38828  16.43088     0.100      6604     25949
  16.38782  16.43036     0.100      6600     25903
  16.38736  16.42985     0.100      6612     25953
  16.38690  16.42936     0.100      6605     25921
  16.38644  16.42888     0.100      6604     25919
  16.38598  16.42836     0.100      6601     25924
  16.38552  16.42784     0.100      6602     25913
  16.38506  16.42734     0.100      6608     25950
  16.38460  16.42686     0.100      6606     25941
  16.38414  16.42640     0.100      6618     25989
  16.38368  16.42594     0.100      6614     25958
  16.38322  16.42549     0.100      6613     25961
  16.38276  16.42505     0.100      6607     25943
  16.38230  16.42464     0.100      6614     25962
  16.38184  16.42425     0.100      6620     25977
  16.38138  16.42388     0.100      6623     25990
  16.38092  16.42349     0.100      6607     25936
  16.38046  16.42308     0.100      6618     25969
  16.38000  16.42267     0.100      6606     25945
  16.37954  16.42227     0.100      6615     25973
  16.37908  16.42185     0.100      6614     25972
  16.37862  16.42141     0.100      6623     25991
  16.37816  16.42092     0.100      6613     25969
  16.37770  16.42040     0.100      6622     25986
  16.37724  16.41989     0.100      6616     25971
  16.37678  16.41940     0.100      6626     26023
  16.37632  16.41892     0.100      6620     25986
  16.37586  16.41841     0.100      6619     25997
  16.37540  16.41789     0.100      6633     26038
  16.37494  16.41738     0.100      6620     25985
  16.37448  16.41691     0.100      6617     25976
  16.37402  16.41645     0.100      6617     25979
  16.37356  16.41600     0.100      6629     26019
  16.37310  16.41554     0.100      6614     25988
  16.37264  16.41509     0.100      6622     25984
  16.37218  16.41468     0.100      6630     26030
  16.37172  16.41429     0.100      6627     26002
  16.37126  16.41391     0.100      6634     26054
  16.37080  16.41352     0.100      6630     26019
  16.37034  16.41312     0.100      6621     25994
  16.36988  16.41272     0.100      6619     25984
  16.36942  16.41231     0.100      6621     25968
  16.36896  16.41190     0.100      6633     26041
  16.36850  16.41146     0.100      6623     26003
  16.36804  16.41097     0.100      6642     26052
  16.36758  16.41045     0.100      6642     26070
  16.36712  16.40994     0.100      6628     26020
  16.36666  16.40945     0.100      6636     26033
  16.36620  16.40896     0.100      6632     26021
  16.36574  16.40845     0.100      6638     26041
  16.36528  16.40793     0.100      6632     26025
  16.36482  16.40743     0.100      6637     26040
  16.36436  16.40695     0.100      6642     26029
  16.36390  16.40649     0.100      6624     25974
  16.36344  16.40603     0.100      6637     26015
  16.36298  16.40557     0.100      6629     25980
  16.36252  16.40513     0.100      6613     25932
  16.36206  16.40471     0.100      6638     26003
  16.36160  16.40431     0.100      6621     25941
  16.36114  16.40393     0.100      6644     25995
  16.36068  16.40355     0.100      6628     25934
  16.36022  16.40314     0.100      6623     25926
  16.35976  16.40273     0.100      6631     25940
  16.35930  16.40233     0.100      6606     25833
  16.35884  16.40192     0.100      6640     25945
  16.35838  16.40147     0.100      6616     25841
  16.35792  16.40099     0.100      6623     25856
  16.35746  16.40047     0.100      6619     25805
  16.35700  16.39995     0.100      6583     25672
  16.35654  16.39946     0.100      6596     25707
  16.35608  16.39897     0.100      6565     25569
  16.35562  16.39846     0.100      6568     25537
  16.35516  16.39795     0.100      6547     25455
  16.35470  16.39744     0.100      6556     25425
  16.35424  16.39696     0.100      6594     25555
  16.35378  16.39650     0.100      6582     25485
  16.35332  16.39604     0.100      6618     25600
  16.35286  16.39558     0.100      6631     25621
  16.35240  16.39513     0.100      6654     25660
  16.35194  16.39471     0.100      6655     25634
  16.35148  16.39432     0.100      6638     25517
  16.35102  16.39395     0.100      6655     25539
  16.35056  16.39356     0.100      6634     25392
  16.35010  16.39316     0.100      6645     25393
  16.34964  16.39276     0.100      6637     25307
  16.34918  16.39235     0.100      6623     25201
  16.34872  16.39194     0.100      6645     25224
  16.34826  16.39150     0.100      6625     25092
  16.34780  16.39102     0.100      6643     25103
  16.34734  16.39050     0.100      6641     25041
  16.34688  16.38999     0.100      6628     24940
  16.34642  16.38950     0.100      6638     24926
  16.34596  16.38901     0.100      6619     24791
  16.34550  16.38850     0.100      6622     24759
  16.34504  16.38799     0.100      6621     24699
  16.34458  16.38748     0.100      6622     24637
  16.34412  16.38699     0.100      6628     24604
  16.34366  16.38653     0.100      6618     24507
  16.34320  16.38607     0.100      6637     24496
  16.34274  16.38561     0.100      6620     24378
  16.34228  16.38516     0.100      6626     24321
  16.34182  16.38474     0.100      6642     24290
  16.34136  16.38435     0.100      6622     24135
  16.34090  16.38397     0.100      6644     24124
  16.34044  16.38359     0.100      6639     24009
  16.33998  16.38319     0.100      6638     23875
  16.33952  16.38278     0.100      6634     23756
  16.33906  16.38237     0.100      6616     23585
  16.33860  16.38196     0.100      6624     23479
  16.33814  16.38152     0.100      6613     23316
  16.33768  16.38103     0.100      6622     23213
  16.33722  16.38052     0.100      6622     23073
  16.33676  16.38001     0.100      6610     22913
  16.33630  16.37951     0.100      6615     22775
  16.33584  16.37903     0.100      6608     22615
  16.33538  16.37853     0.100      6616     22494
  16.33492  16.37801     0.100      6613     22348
  16.33446  16.37750     0.100      6612     22214
  16.33400  16.37701     0.100      6613     22073
  16.33354  16.37655     0.100      6602     21915
  16.33308  16.37609     0.100      6608     21817
  16.33262  16.37563     0.100      6594     21635
  16.33216  16.37518     0.100      6604     21534
  16.33170  16.37475     0.100      6596     21390
  16.33124  16.37436     0.100      6585     21235
  16.33078  16.37398     0.100      6593     21139
  16.33032  16.37359     0.100      6565     20954
  16.32986  16.37319     0.100      6578     20875
  16.32940  16.37278     0.100      6565     20744
  16.32894  16.37237     0.100      6549     20604
  16.32848  16.37196     0.100      6553     20532
  16.32802  16.37152     0.100      6529     20379
  16.32756  16.37104     0.100      6525     20297
  16.32710  16.37052     0.100      6508     20194
  16.32664  16.37001     0.100      6491     20067
  16.32618  16.36952     0.100      6464     19955
  16.32572  16.36904     0.100      6417     19766
  16.32526  16.36853     0.100      6370     19591
  16.32480  16.36801     0.100      6277     19285
  16.32434  16.36749     0.100      6141     18845
  16.32388  16.36701     0.100      5874     18011
  16.32342  16.36655     0.100      5503     16859
  16.32296  16.36609     0.100      5375     16469
  16.32250  16.36564     0.100      5468     16724
  16.32204  16.36519     0.100      5676     17349
  16.32158  16.36476     0.100      5926     18113
  16.32112  16.36437     0.100      6262     19149
  16.32066  16.36399     0.100      6678     20432
  16.32020  16.36361     0.100      6871     21046
  16.31974  16.36320     0.100      6896     21130
  16.31928  16.36279     0.100      6878     21083
  16.31882  16.36239     0.100      6851     21016
  16.31836  16.36198     0.100      6834     20972
  16.31790  16.36155     0.100      6827     20970
  16.31744  16.36107     0.100      6821     20967
  16.31698  16.36056     0.100      6795     20913
  16.31652  16.36004     0.100      6787     20890
  16.31606  16.35954     0.100      6782     20893
  16.31560  16.35906     0.100      6783     20896
  16.31514  16.35856     0.100      6762     20858
  16.31468  16.35804     0.100      6720     20737
  16.31422  16.35753     0.100      6730     20773
  16.31376  16.35704     0.100      6708     20724
  16.31330  16.35658     0.100      6712     20747
  16.31284  16.35612     0.100      6697     20724
  16.31238  16.35566     0.100      6671     20665
  16.31192  16.35521     0.100      6656     20611
  16.31146  16.35478     0.100      6418     19903
  16.31100  16.35439     0.100      6075     18860
  16.31054  16.35401     0.100      5946     18459
  16.31008  16.35362     0.100      5925     18407
  16.30962  16.35323     0.100      5974     18567
  16.30916  16.35282     0.100      6038     18780
  16.30870  16.35241     0.100      6247     19451
  16.30824  16.35201     0.100      6548     20417
  16.30778  16.35158     0.100      6628     20695
  16.30732  16.35110     0.100      6689     20911
  16.30686  16.35058     0.100      6674     20899
  16.30640  16.35006     0.100      6709     21034
  16.30594  16.34957     0.100      6710     21080
  16.30548  16.34909     0.100      6694     21064
  16.30502  16.34859     0.100      6711     21165
  16.30456  16.34807     0.100      6692     21153
  16.30410  16.34755     0.100      6715     21278
  16.30364  16.34707     0.100      6701     21272
  16.30318  16.34660     0.100      6705     21337
  16.30272  16.34614     0.100      6700     21390
  16.30226  16.34568     0.100      6695     21413
  16.30180  16.34522     0.100      6702     21506
  16.30134  16.34480     0.100      6678     21480
  16.30088  16.34440     0.100      6686     21565
  16.30042  16.34402     0.100      6697     21652
  16.29996  16.34364     0.100      6685     21667
  16.29950  16.34324     0.100      6707     21792
  16.29904  16.34283     0.100      6709     21853
  16.29858  16.34243     0.100      6693     21870
  16.29812  16.34202     0.100      6703     21936
  16.29766  16.34159     0.100      6692     21951
  16.29720  16.34111     0.100      6702     22023
  16.29674  16.34060     0.100      6693     22024
  16.29628  16.34009     0.100      6671     22012
  16.29582  16.33959     0.100      6689     22104
  16.29536  16.33911     0.100      6682     22098
  16.29490  16.33861     0.100      6671     22103
  16.29444  16.33809     0.100      6641     22023
  16.29398  16.33758     0.100      6636     22030
  16.29352  16.33709     0.100      6491     21566
  16.29306  16.33663     0.100      6174     20511
  16.29260  16.33617     0.100      5954     19796
  16.29214  16.33571     0.100      5895     19626
  16.29168  16.33526     0.100      5919     19716
  16.29122  16.33483     0.100      5949     19835
  16.29076  16.33443     0.100      6070     20245
  16.29030  16.33406     0.100      6368     21242
  16.28984  16.33368     0.100      6566     21907
  16.28938  16.33328     0.100      6612     22050
  16.28892  16.33288     0.100      6597     22000
  16.28846  16.33247     0.100      6629     22108
  16.28800  16.33206     0.100      6617     22072
  16.28754  16.33164     0.100      6631     22103
  16.28708  16.33117     0.100      6630     22112
  16.28662  16.33066     0.100      6644     22155
  16.28616  16.33014     0.100      6658     22183
  16.28570  16.32965     0.100      6646     22161
  16.28524  16.32917     0.100      6636     22119
  16.28478  16.32867     0.100      6623     22070
  16.28432  16.32815     0.100      6607     22044
  16.28386  16.32763     0.100      6592     21960
  16.28340  16.32714     0.100      6564     21884
  16.28294  16.32668     0.100      6523     21752
  16.28248  16.32622     0.100      6471     21574
  16.28202  16.32576     0.100      6389     21307
  16.28156  16.32531     0.100      6262     20882
  16.28110  16.32487     0.100      6020     20061
  16.28064  16.32447     0.100      5671     18900
  16.28018  16.32409     0.100      5499     18334
  16.27972  16.32372     0.100      5570     18591
  16.27926  16.32332     0.100      5747     19185
  16.27880  16.32291     0.100      5970     19942
  16.27834  16.32250     0.100      6295     21047
  16.27788  16.32210     0.100      6698     22369
  16.27742  16.32167     0.100      6932     23148
  16.27696  16.32121     0.100      6975     23286
  16.27650  16.32070     0.100      6961     23227
  16.27604  16.32018     0.100      6971     23254
  16.27558  16.31968     0.100      6934     23142
  16.27512  16.31920     0.100      6922     23103
  16.27466  16.31870     0.100      6911     23059
  16.27420  16.31818     0.100      6890     22989
  16.27374  16.31766     0.100      6896     22992
  16.27328  16.31717     0.100      6886     22961
  16.27282  16.31669     0.100      6874     22931
  16.27236  16.31623     0.100      6859     22864
  16.27190  16.31578     0.100      6869     22898
  16.27144  16.31533     0.100      6860     22858
  16.27098  16.31489     0.100      6870     22892
  16.27052  16.31449     0.100      6856     22841
  16.27006  16.31411     0.100      6850     22827
  16.26960  16.31373     0.100      6859     22858
  16.26914  16.31334     0.100      6854     22828
  16.26868  16.31293     0.100      6846     22805
  16.26822  16.31253     0.100      6835     22760
  16.26776  16.31212     0.100      6836     22769
  16.26730  16.31170     0.100      6838     22762
  16.26684  16.31124     0.100      6834     22757
  16.26638  16.31074     0.100      6833     22740
  16.26592  16.31022     0.100      6837     22753
  16.26546  16.30972     0.100      6844     22779
  16.26500  16.30924     0.100      6834     22743
  16.26454  16.30875     0.100      6840     22764
  16.26408  16.30823     0.100      6833     22730
  16.26362  16.30772     0.100      6837     22720
  16.26316  16.30722     0.100      6824     22687
  16.26270  16.30675     0.100      6821     22691
  16.26224  16.30630     0.100      6832     22709
  16.26178  16.30584     0.100      6818     22644
  16.26132  16.30539     0.100      6829     22682
  16.26086  16.30495     0.100      6817     22625
  16.26040  16.30455     0.100      6829     22657
  16.25994  16.30417     0.100      6815     22617
  16.25948  16.30379     0.100      6811     22575
  16.25902  16.30340     0.100      6820     22602
  16.25856  16.30300     0.100      6798     22529
  16.25810  16.30259     0.100      6821     22583
  16.25764  16.30219     0.100      6809     22523
  16.25718  16.30177     0.100      6818     22559
  16.25672  16.30131     0.100      6821     22548
  16.25626  16.30082     0.100      6814     22504
  16.25580  16.30030     0.100      6831     22555
  16.25534  16.29980     0.100      6822     22505
  16.25488  16.29931     0.100      6820     22497
  16.25442  16.29882     0.100      6823     22491
  16.25396  16.29831     0.100      6816     22462
  16.25350  16.29779     0.100      6834     22490
  16.25304  16.29729     0.100      6813     22429
  16.25258  16.29683     0.100      6830     22468
  16.25212  16.29637     0.100      6828     22453
  16.25166  16.29591     0.100      6824     22434
  16.25120  16.29545     0.100      6833     22442
  16.25074  16.29501     0.100      6818     22386
  16.25028  16.29460     0.100      6834     22405
  16.24982  16.29422     0.100      6824     22380
  16.24936  16.29384     0.100      6799     22284
  16.24890  16.29345     0.100      6804     22299
  16.24844  16.29305     0.100      6763     22153
  16.24798  16.29264     0.100      6757     22111
  16.24752  16.29224     0.100      6745     22063
  16.24706  16.29183     0.100      6738     22020
  16.24660  16.29138     0.100      6742     22051
  16.24614  16.29088     0.100      6735     21997
  16.24568  16.29036     0.100      6779     22135
  16.24522  16.28985     0.100      6782     22152
  16.24476  16.28937     0.100      6798     22187
  16.24430  16.28888     0.100      6820     22244
  16.24384  16.28837     0.100      6821     22245
  16.24338  16.28786     0.100      6841     22306
  16.24292  16.28735     0.100      6842     22274
  16.24246  16.28688     0.100      6851     22305
  16.24200  16.28642     0.100      6840     22272
  16.24154  16.28596     0.100      6844     22280
  16.24108  16.28551     0.100      6838     22258
  16.24062  16.28506     0.100      6836     22234
  16.24016  16.28465     0.100      6842     22249
  16.23970  16.28427     0.100      6847     22251
  16.23924  16.28390     0.100      6836     22219
  16.23878  16.28351     0.100      6857     22291
  16.23832  16.28311     0.100      6839     22231
  16.23786  16.28271     0.100      6843     22230
  16.23740  16.28230     0.100      6840     22230
  16.23694  16.28190     0.100      6831     22199
  16.23648  16.28146     0.100      6838     22226
  16.23602  16.28097     0.100      6834     22221
  16.23556  16.28046     0.100      6843     22247
  16.23510  16.27996     0.100      6866     22312
  16.23464  16.27948     0.100      6847     22261
  16.23418  16.27899     0.100      6849     22276
  16.23372  16.27848     0.100      6832     22219
  16.23326  16.27796     0.100      6845     22264
  16.23280  16.27746     0.100      6829     22243
  16.23234  16.27698     0.100      6831     22245
  16.23188  16.27652     0.100      6847     22308
  16.23142  16.27607     0.100      6843     22286
  16.23096  16.27562     0.100      6850     22322
  16.23050  16.27517     0.100      6837     22299
  16.23004  16.27475     0.100      6837     22320
  16.22958  16.27436     0.100      6852     22371
  16.22912  16.27399     0.100      6854     22386
  16.22866  16.27361     0.100      6852     22404
  16.22820  16.27320     0.100      6850     22408
  16.22774  16.27280     0.100      6849     22421
  16.22728  16.27240     0.100      6858     22451
  16.22682  16.27199     0.100      6862     22490
  16.22636  16.27156     0.100      6858     22491
  16.22590  16.27109     0.100      6857     22495
  16.22544  16.27058     0.100      6850     22496
  16.22498  16.27007     0.100      6853     22522
  16.22452  16.26958     0.100      6850     22516
  16.22406  16.26910     0.100      6859     22545
  16.22360  16.26860     0.100      6853     22556
  16.22314  16.26809     0.100      6860     22593
  16.22268  16.26758     0.100      6857     22611
  16.22222  16.26709     0.100      6860     22620
  16.22176  16.26663     0.100      6852     22638
  16.22130  16.26618     0.100      6853     22623
  16.22084  16.26572     0.100      6859     22665
  16.22038  16.26527     0.100      6843     22623
  16.21992  16.26484     0.100      6873     22712
  16.21946  16.26445     0.100      6867     22740
  16.21900  16.26407     0.100      6866     22730
  16.21854  16.26369     0.100      6865     22746
  16.21808  16.26330     0.100      6864     22759
  16.21762  16.26289     0.100      6862     22749
  16.21716  16.26248     0.100      6852     22732
  16.21670  16.26208     0.100      6862     22789
  16.21624  16.26166     0.100      6863     22796
  16.21578  16.26119     0.100      6854     22771
  16.21532  16.26069     0.100      6871     22828
  16.21486  16.26017     0.100      6848     22792
  16.21440  16.25968     0.100      6867     22855
  16.21394  16.25920     0.100      6864     22839
  16.21348  16.25870     0.100      6853     22825
  16.21302  16.25819     0.100      6872     22903
  16.21256  16.25767     0.100      6860     22864
  16.21210  16.25719     0.100      6872     22909
  16.21164  16.25672     0.100      6862     22889
  16.21118  16.25627     0.100      6862     22898
  16.21072  16.25581     0.100      6872     22937
  16.21026  16.25536     0.100      6863     22911
  16.20980  16.25493     0.100      6873     22952
  16.20934  16.25452     0.100      6861     22919
  16.20888  16.25415     0.100      6859     22929
  16.20842  16.25377     0.100      6879     22985
  16.20796  16.25338     0.100      6865     22960
  16.20750  16.25298     0.100      6868     22987
  16.20704  16.25258     0.100      6863     22966
  16.20658  16.25218     0.100      6858     22957
  16.20612  16.25177     0.100      6874     23012
  16.20566  16.25132     0.100      6871     23003
  16.20520  16.25082     0.100      6863     22986
  16.20474  16.25031     0.100      6857     22969
  16.20428  16.24980     0.100      6868     23002
  16.20382  16.24932     0.100      6881     23052
  16.20336  16.24884     0.100      6849     22965
  16.20290  16.24834     0.100      6877     23040
  16.20244  16.24782     0.100      6870     23027
  16.20198  16.24732     0.100      6878     23046
  16.20152  16.24685     0.100      6882     23085
  16.20106  16.24639     0.100      6858     23014
  16.20060  16.24594     0.100      6886     23083
  16.20014  16.24548     0.100      6860     23016
  16.19968  16.24504     0.100      6868     23060
  16.19922  16.24464     0.100      6878     23083
  16.19876  16.24425     0.100      6854     23007
  16.19830  16.24388     0.100      6878     23105
  16.19784  16.24349     0.100      6859     23035
  16.19738  16.24309     0.100      6889     23136
  16.19692  16.24269     0.100      6871     23103
  16.19646  16.24228     0.100      6873     23111
  16.19600  16.24187     0.100      6883     23141
  16.19554  16.24143     0.100      6857     23071
  16.19508  16.24095     0.100      6874     23141
  16.19462  16.24043     0.100      6879     23141
  16.19416  16.23993     0.100      6886     23183
  16.19370  16.23944     0.100      6880     23176
  16.19324  16.23896     0.100      6875     23148
  16.19278  16.23846     0.100      6886     23213
  16.19232  16.23794     0.100      6864     23139
  16.19186  16.23744     0.100      6884     23198
  16.19140  16.23695     0.100      6880     23209
  16.19094  16.23649     0.100      6871     23184
  16.19048  16.23604     0.100      6892     23242
  16.19002  16.23558     0.100      6884     23244
  16.18956  16.23513     0.100      6885     23250
  16.18910  16.23471     0.100      6880     23233
  16.18864  16.23433     0.100      6873     23245
  16.18818  16.23395     0.100      6888     23293
  16.18772  16.23357     0.100      6874     23249
  16.18726  16.23317     0.100      6900     23337
  16.18680  16.23277     0.100      6876     23307
  16.18634  16.23236     0.100      6884     23320
  16.18588  16.23195     0.100      6884     23327
  16.18542  16.23152     0.100      6882     23317
  16.18496  16.23105     0.100      6895     23376
  16.18450  16.23054     0.100      6864     23299
  16.18404  16.23003     0.100      6895     23408
  16.18358  16.22954     0.100      6894     23411
  16.18312  16.22906     0.100      6893     23415
  16.18266  16.22856     0.100      6887     23409
  16.18220  16.22804     0.100      6886     23409
  16.18174  16.22753     0.100      6903     23474
  16.18128  16.22706     0.100      6894     23450
  16.18082  16.22659     0.100      6887     23442
  16.18036  16.22614     0.100      6895     23468
  16.17990  16.22569     0.100      6880     23435
  16.17944  16.22524     0.100      6904     23521
  16.17898  16.22482     0.100      6896     23504
  16.17852  16.22443     0.100      6891     23498
  16.17806  16.22405     0.100      6902     23533
  16.17760  16.22367     0.100      6897     23526
  16.17714  16.22328     0.100      6898     23531
  16.17668  16.22287     0.100      6895     23545
  16.17622  16.22247     0.100      6904     23577
  16.17576  16.22207     0.100      6894     23554
  16.17530  16.22165     0.100      6894     23570
  16.17484  16.22119     0.100      6889     23542
  16.17438  16.22069     0.100      6867     23485
  16.17392  16.22017     0.100      6863     23475
  16.17346  16.21968     0.100      6847     23416
  16.17300  16.21919     0.100      6818     23326
  16.17254  16.21870     0.100      6811     23301
  16.17208  16.21819     0.100      6809     23310
  16.17162  16.21767     0.100      6820     23346
  16.17116  16.21718     0.100      6847     23460
  16.17070  16.21672     0.100      6862     23514
  16.17024  16.21627     0.100      6889     23616
  16.16978  16.21582     0.100      6908     23665
  16.16932  16.21537     0.100      6922     23726
  16.16886  16.21493     0.100      6931     23754
  16.16840  16.21453     0.100      6929     23744
  16.16794  16.21415     0.100      6931     23760
  16.16748  16.21378     0.100      6929     23758
  16.16702  16.21338     0.100      6934     23757
  16.16656  16.21298     0.100      6930     23773
  16.16610  16.21258     0.100      6938     23778
  16.16564  16.21218     0.100      6941     23801
  16.16518  16.21176     0.100      6932     23770
  16.16472  16.21131     0.100      6934     23788
  16.16426  16.21081     0.100      6934     23775
  16.16380  16.21030     0.100      6927     23769
  16.16334  16.20980     0.100      6935     23789
  16.16288  16.20931     0.100      6919     23737
  16.16242  16.20882     0.100      6929     23768
  16.16196  16.20831     0.100      6917     23722
  16.16150  16.20780     0.100      6930     23784
  16.16104  16.20730     0.100      6929     23766
  16.16058  16.20683     0.100      6918     23736
  16.16012  16.20637     0.100      6943     23813
  16.15966  16.20591     0.100      6923     23773
  16.15920  16.20545     0.100      6938     23799
  16.15874  16.20501     0.100      6923     23765
  16.15828  16.20460     0.100      6931     23796
  16.15782  16.20422     0.100      6932     23785
  16.15736  16.20385     0.100      6931     23793
  16.15690  16.20347     0.100      6938     23814
  16.15644  16.20306     0.100      6937     23805
  16.15598  16.20266     0.100      6941     23835
  16.15552  16.20226     0.100      6939     23827
  16.15506  16.20185     0.100      6933     23808
  16.15460  16.20140     0.100      6942     23856
  16.15414  16.20092     0.100      6932     23805
  16.15368  16.20040     0.100      6932     23812
  16.15322  16.19990     0.100      6942     23837
  16.15276  16.19942     0.100      6939     23828
  16.15230  16.19894     0.100      6946     23851
  16.15184  16.19844     0.100      6934     23828
  16.15138  16.19792     0.100      6935     23832
  16.15092  16.19742     0.100      6941     23851
  16.15046  16.19694     0.100      6935     23825
  16.15000  16.19649     0.100      6949     23871
  16.14954  16.19603     0.100      6932     23812
  16.14908  16.19558     0.100      6954     23893
  16.14862  16.19513     0.100      6952     23874
  16.14816  16.19472     0.100      6929     23813
  16.14770  16.19433     0.100      6941     23859
  16.14724  16.19396     0.100      6927     23800
  16.14678  16.19358     0.100      6949     23881
  16.14632  16.19319     0.100      6946     23872
  16.14586  16.19278     0.100      6935     23850
  16.14540  16.19237     0.100      6950     23886
  16.14494  16.19197     0.100      6937     23845
  16.14448  16.19154     0.100      6947     23885
  16.14402  16.19106     0.100      6924     23809
  16.14356  16.19055     0.100      6938     23852
  16.14310  16.19005     0.100      6948     23871
  16.14264  16.18956     0.100      6945     23880
  16.14218  16.18908     0.100      6954     23897
  16.14172  16.18859     0.100      6932     23836
  16.14126  16.18807     0.100      6948     23891
  16.14080  16.18756     0.100      6941     23874
  16.14034  16.18707     0.100      6940     23851
  16.13988  16.18661     0.100      6955     23912
  16.13942  16.18616     0.100      6954     23896
  16.13896  16.18570     0.100      6953     23882
  16.13850  16.18526     0.100      6972     23948
  16.13804  16.18483     0.100      6957     23895
  16.13758  16.18444     0.100      6953     23889
  16.13712  16.18406     0.100      6947     23861
  16.13666  16.18369     0.100      6937     23828
  16.13620  16.18329     0.100      6956     23888
  16.13574  16.18289     0.100      6949     23871
  16.13528  16.18248     0.100      6968     23903
  16.13482  16.18208     0.100      6949     23847
  16.13436  16.18166     0.100      6950     23867
  16.13390  16.18120     0.100      6951     23855
  16.13344  16.18069     0.100      6942     23827
  16.13298  16.18018     0.100      6961     23879
  16.13252  16.17968     0.100      6951     23856
  16.13206  16.17920     0.100      6955     23869
  16.13160  16.17871     0.100      6960     23868
  16.13114  16.17819     0.100      6959     23867
  16.13068  16.17767     0.100      6959     23859
  16.13022  16.17718     0.100      6956     23841
  16.12976  16.17671     0.100      6962     23880
  16.12930  16.17626     0.100      6959     23850
  16.12884  16.17581     0.100      6963     23852
  16.12838  16.17536     0.100      6963     23867
  16.12792  16.17493     0.100      6959     23850
  16.12746  16.17452     0.100      6962     23849
  16.12700  16.17414     0.100      6961     23861
  16.12654  16.17377     0.100      6975     23892
  16.12608  16.17338     0.100      6971     23882
  16.12562  16.17298     0.100      6972     23886
  16.12516  16.17257     0.100      6951     23819
  16.12470  16.17217     0.100      6960     23834
  16.12424  16.17176     0.100      6964     23867
  16.12378  16.17131     0.100      6969     23873
  16.12332  16.17082     0.100      6961     23847
  16.12286  16.17030     0.100      6960     23842
  16.12240  16.16981     0.100      6966     23861
  16.12194  16.16932     0.100      6960     23849
  16.12148  16.16884     0.100      6962     23852
  16.12102  16.16833     0.100      6952     23833
  16.12056  16.16781     0.100      6974     23877
  16.12010  16.16732     0.100      6954     23836
  16.11964  16.16685     0.100      6970     23871
  16.11918  16.16640     0.100      6961     23853
  16.11872  16.16594     0.100      6967     23877
  16.11826  16.16549     0.100      6973     23891
  16.11780  16.16504     0.100      6960     23858
  16.11734  16.16463     0.100      6977     23915
  16.11688  16.16426     0.100      6964     23861
  16.11642  16.16389     0.100      6969     23900
  16.11596  16.16350     0.100      6968     23900
  16.11550  16.16310     0.100      6960     23859
  16.11504  16.16270     0.100      6976     23928
  16.11458  16.16230     0.100      6969     23909
  16.11412  16.16189     0.100      6988     23980
  16.11366  16.16145     0.100      6971     23918
  16.11320  16.16097     0.100      6983     23973
  16.11274  16.16045     0.100      6982     23965
  16.11228  16.15995     0.100      6971     23942
  16.11182  16.15946     0.100      6979     23966
  16.11136  16.15898     0.100      6969     23958
  16.11090  16.15848     0.100      6973     23954
  16.11044  16.15796     0.100      6978     23992
  16.10998  16.15746     0.100      6978     23987
  16.10952  16.15698     0.100      6987     24034
  16.10906  16.15652     0.100      6973     23987
  16.10860  16.15607     0.100      6977     24013
  16.10814  16.15561     0.100      6979     24035
  16.10768  16.15516     0.100      6981     24049
  16.10722  16.15474     0.100      6998     24094
  16.10676  16.15435     0.100      6981     24041
  16.10630  16.15398     0.100      6989     24091
  16.10584  16.15360     0.100      6992     24110
  16.10538  16.15321     0.100      6987     24095
  16.10492  16.15280     0.100      7008     24172
  16.10446  16.15240     0.100      6976     24079
  16.10400  16.15199     0.100      6994     24134
  16.10354  16.15156     0.100      6979     24110
  16.10308  16.15108     0.100      6995     24158
  16.10262  16.15057     0.100      7006     24184
  16.10216  16.15006     0.100      6981     24127
  16.10170  16.14957     0.100      7012     24229
  16.10124  16.14909     0.100      6990     24173
  16.10078  16.14860     0.100      6995     24181
  16.10032  16.14808     0.100      6989     24181
  16.09986  16.14757     0.100      6979     24149
  16.09940  16.14708     0.100      7008     24258
  16.09894  16.14662     0.100      6988     24190
  16.09848  16.14617     0.100      7006     24258
  16.09802  16.14571     0.100      6996     24233
  16.09756  16.14526     0.100      6989     24211
  16.09710  16.14484     0.100      7004     24279
  16.09664  16.14445     0.100      6985     24221
  16.09618  16.14407     0.100      7001     24288
  16.09572  16.14369     0.100      7002     24285
  16.09526  16.14330     0.100      6997     24279
  16.09480  16.14290     0.100      7005     24310
  16.09434  16.14249     0.100      6989     24257
  16.09388  16.14209     0.100      7005     24319
  16.09342  16.14167     0.100      7001     24306
  16.09296  16.14121     0.100      7001     24319
  16.09250  16.14071     0.100      7015     24378
  16.09204  16.14020     0.100      6990     24308
  16.09158  16.13971     0.100      7008     24377
  16.09112  16.13923     0.100      6997     24332
  16.09066  16.13874     0.100      7012     24387
  16.09020  16.13823     0.100      7014     24423
  16.08974  16.13771     0.100      6990     24341
  16.08928  16.13722     0.100      7017     24431
  16.08882  16.13675     0.100      6997     24365
  16.08836  16.13630     0.100      7005     24404
  16.08790  16.13585     0.100      7004     24407
  16.08744  16.13540     0.100      7005     24423
  16.08698  16.13496     0.100      7022     24474
  16.08652  16.13456     0.100      6991     24375
  16.08606  16.13418     0.100      7014     24467
  16.08560  16.13380     0.100      6999     24416
  16.08514  16.13341     0.100      7008     24435
  16.08468  16.13301     0.100      7022     24508
  16.08422  16.13260     0.100      7005     24449
  16.08376  16.13220     0.100      7029     24525
  16.08330  16.13179     0.100      7009     24487
  16.08284  16.13135     0.100      7019     24491
  16.08238  16.13086     0.100      7018     24514
  16.08192  16.13034     0.100      7016     24497
  16.08146  16.12984     0.100      7018     24519
  16.08100  16.12935     0.100      6999     24469
  16.08054  16.12886     0.100      7018     24542
  16.08008  16.12836     0.100      7022     24521
  16.07962  16.12785     0.100      7010     24507
  16.07916  16.12734     0.100      7019     24544
  16.07870  16.12687     0.100      7014     24521
  16.07824  16.12642     0.100      7013     24516
  16.07778  16.12596     0.100      7019     24531
  16.07732  16.12551     0.100      7012     24531
  16.07686  16.12507     0.100      7008     24508
  16.07640  16.12465     0.100      7029     24590
  16.07594  16.12426     0.100      7024     24582
  16.07548  16.12389     0.100      7010     24547
  16.07502  16.12350     0.100      7014     24557
  16.07456  16.12310     0.100      7011     24555
  16.07410  16.12269     0.100      7018     24564
  16.07364  16.12229     0.100      7020     24598
  16.07318  16.12188     0.100      7021     24601
  16.07272  16.12144     0.100      7009     24560
  16.07226  16.12095     0.100      7035     24642
  16.07180  16.12044     0.100      7023     24630
  16.07134  16.11993     0.100      7021     24618
  16.07088  16.11945     0.100      7017     24610
  16.07042  16.11896     0.100      7032     24661
  16.06996  16.11846     0.100      7033     24667
  16.06950  16.11795     0.100      7035     24680
  16.06904  16.11745     0.100      7044     24717
  16.06858  16.11697     0.100      7015     24614
  16.06812  16.11651     0.100      7020     24652
  16.06766  16.11605     0.100      7027     24686
  16.06720  16.11560     0.100      7015     24655
  16.06674  16.11515     0.100      7031     24721
  16.06628  16.11473     0.100      7015     24683
  16.06582  16.11435     0.100      7028     24708
  16.06536  16.11397     0.100      7028     24730
  16.06490  16.11359     0.100      7028     24736
  16.06444  16.11320     0.100      7024     24739
  16.06398  16.11279     0.100      7035     24770
  16.06352  16.11239     0.100      7035     24779
  16.06306  16.11199     0.100      7026     24754
  16.06260  16.11155     0.100      7025     24763
  16.06214  16.11108     0.100      7034     24807
  16.06168  16.11057     0.100      7030     24793
  16.06122  16.11006     0.100      7034     24805
  16.06076  16.10957     0.100      7030     24809
  16.06030  16.10909     0.100      7031     24817
  16.05984  16.10860     0.100      7043     24866
  16.05938  16.10808     0.100      7025     24805
  16.05892  16.10757     0.100      7054     24908
  16.05846  16.10708     0.100      7031     24849
  16.05800  16.10662     0.100      7040     24884
  16.05754  16.10617     0.100      7039     24884
  16.05708  16.10571     0.100      7036     24874
  16.05662  16.10526     0.100      7056     24955
  16.05616  16.10483     0.100      7031     24873
  16.05570  16.10444     0.100      7047     24923
  16.05524  16.10407     0.100      7033     24896
  16.05478  16.10369     0.100      7036     24912
  16.05432  16.10329     0.100      7044     24942
  16.05386  16.10288     0.100      7026     24886
  16.05340  16.10248     0.100      7050     24959
  16.05294  16.10207     0.100      7033     24913
  16.05248  16.10165     0.100      7053     24978
  16.05202  16.10119     0.100      7048     24982
  16.05156  16.10068     0.100      7029     24913
  16.05110  16.10017     0.100      7053     25007
  16.05064  16.09967     0.100      7031     24933
  16.05018  16.09919     0.100      7056     25035
  16.04972  16.09869     0.100      7049     25016
  16.04926  16.09818     0.100      7038     24982
  16.04880  16.09766     0.100      7064     25063
  16.04834  16.09717     0.100      7030     24970
  16.04788  16.09670     0.100      7053     25026
  16.04742  16.09624     0.100      7048     25030
  16.04696  16.09578     0.100      7040     24980
  16.04650  16.09533     0.100      7054     25041
  16.04604  16.09490     0.100      7043     25012
  16.04558  16.09450     0.100      7053     25048
  16.04512  16.09412     0.100      7050     25032
  16.04466  16.09374     0.100      7056     25066
  16.04420  16.09335     0.100      7057     25067
  16.04374  16.09294     0.100      7048     25036
  16.04328  16.09254     0.100      7068     25124
  16.04282  16.09213     0.100      7056     25074
  16.04236  16.09172     0.100      7063     25084
  16.04190  16.09126     0.100      7069     25122
  16.04144  16.09076     0.100      7046     25065
  16.04098  16.09025     0.100      7069     25126
  16.04052  16.08975     0.100      7050     25079
  16.04006  16.08927     0.100      7059     25099
  16.03960  16.08878     0.100      7059     25103
  16.03914  16.08827     0.100      7048     25090
  16.03868  16.08775     0.100      7060     25131
  16.03822  16.08726     0.100      7035     25053
  16.03776  16.08679     0.100      7050     25115
  16.03730  16.08633     0.100      7060     25143
  16.03684  16.08588     0.100      7053     25125
  16.03638  16.08543     0.100      7071     25193
  16.03592  16.08499     0.100      7061     25162
  16.03546  16.08458     0.100      7069     25183
  16.03500  16.08420     0.100      7069     25211
  16.03454  16.08383     0.100      7057     25168
  16.03408  16.08344     0.100      7075     25239
  16.03362  16.08304     0.100      7062     25213
  16.03316  16.08263     0.100      7074     25227
  16.03270  16.08223     0.100      7074     25242
  16.03224  16.08182     0.100      7067     25231
  16.03178  16.08138     0.100      7078     25261
  16.03132  16.08088     0.100      7061     25222
  16.03086  16.08037     0.100      7067     25253
  16.03040  16.07986     0.100      7068     25255
  16.02994  16.07938     0.100      7075     25300
  16.02948  16.07889     0.100      7075     25298
  16.02902  16.07839     0.100      7079     25313
  16.02856  16.07787     0.100      7084     25340
  16.02810  16.07737     0.100      7069     25289
  16.02764  16.07689     0.100      7068     25302
  16.02718  16.07643     0.100      7082     25369
  16.02672  16.07598     0.100      7085     25367
  16.02626  16.07553     0.100      7088     25386
  16.02580  16.07508     0.100      7077     25372
  16.02534  16.07466     0.100      7077     25368
  16.02488  16.07428     0.100      7078     25395
  16.02442  16.07390     0.100      7075     25388
  16.02396  16.07352     0.100      7085     25411
  16.02350  16.07312     0.100      7080     25396
  16.02304  16.07272     0.100      7081     25417
  16.02258  16.07231     0.100      7077     25416
  16.02212  16.07190     0.100      7079     25423
  16.02166  16.07146     0.100      7081     25444
  16.02120  16.07098     0.100      7081     25447
  16.02074  16.07046     0.100      7080     25458
  16.02028  16.06995     0.100      7082     25449
  16.01982  16.06946     0.100      7083     25470
  16.01936  16.06898     0.100      7086     25494
  16.01890  16.06848     0.100      7088     25509
  16.01844  16.06796     0.100      7091     25527
  16.01798  16.06745     0.100      7078     25470
  16.01752  16.06697     0.100      7082     25493
  16.01706  16.06650     0.100      7078     25494
  16.01660  16.06605     0.100      7078     25487
  16.01614  16.06559     0.100      7083     25530
  16.01568  16.06514     0.100      7080     25487
  16.01522  16.06472     0.100      7087     25544
  16.01476  16.06434     0.100      7095     25547
  16.01430  16.06396     0.100      7085     25524
  16.01384  16.06358     0.100      7088     25553
  16.01338  16.06318     0.100      7089     25553
  16.01292  16.06278     0.100      7093     25571
  16.01246  16.06238     0.100      7095     25587
  16.01200  16.06197     0.100      7089     25548
  16.01154  16.06153     0.100      7106     25617
  16.01108  16.06106     0.100      7088     25549
  16.01062  16.06054     0.100      7103     25608
  16.01016  16.06003     0.100      7103     25614
  16.00970  16.05955     0.100      7093     25585
  16.00924  16.05907     0.100      7092     25576
  16.00878  16.05857     0.100      7094     25589
  16.00832  16.05806     0.100      7100     25598
  16.00786  16.05754     0.100      7096     25585
  16.00740  16.05706     0.100      7101     25592
  16.00694  16.05659     0.100      7094     25591
  16.00648  16.05614     0.100      7093     25580
  16.00602  16.05568     0.100      7097     25592
  16.00556  16.05524     0.100      7099     25588
  16.00510  16.05481     0.100      7100     25595
  16.00464  16.05442     0.100      7111     25609
  16.00418  16.05404     0.100      7094     25573
  16.00372  16.05367     0.100      7111     25630
  16.00326  16.05327     0.100      7103     25620
  16.00280  16.05286     0.100      7104     25600
  16.00234  16.05246     0.100      7100     25592
  16.00188  16.05205     0.100      7099     25588
  16.00142  16.05163     0.100      7120     25647
  16.00096  16.05116     0.100      7103     25605
  16.00050  16.05065     0.100      7111     25618
  16.00004  16.05014     0.100      7108     25596
  15.99958  16.04965     0.100      7107     25604
  15.99912  16.04916     0.100      7116     25624
  15.99866  16.04867     0.100      7099     25577
  15.99820  16.04815     0.100      7111     25620
  15.99774  16.04764     0.100      7109     25604
  15.99728  16.04715     0.100      7097     25566
  15.99682  16.04668     0.100      7110     25614
  15.99636  16.04622     0.100      7108     25610
  15.99590  16.04577     0.100      7121     25654
  15.99544  16.04532     0.100      7112     25614
  15.99498  16.04488     0.100      7104     25598
  15.99452  16.04449     0.100      7118     25634
  15.99406  16.04411     0.100      7108     25616
  15.99360  16.04373     0.100      7120     25650
  15.99314  16.04334     0.100      7106     25609
  15.99268  16.04293     0.100      7116     25631
  15.99222  16.04252     0.100      7114     25631
  15.99176  16.04212     0.100      7103     25598
  15.99130  16.04170     0.100      7123     25671
  15.99084  16.04123     0.100      7106     25628
  15.99038  16.04073     0.100      7109     25635
  15.98992  16.04021     0.100      7123     25683
  15.98946  16.03971     0.100      7118     25667
  15.98900  16.03923     0.100      7136     25728
  15.98854  16.03873     0.100      7110     25637
  15.98808  16.03821     0.100      7123     25697
  15.98762  16.03770     0.100      7117     25676
  15.98716  16.03720     0.100      7120     25681
  15.98670  16.03674     0.100      7126     25711
  15.98624  16.03628     0.100      7101     25637
  15.98578  16.03583     0.100      7128     25715
  15.98532  16.03537     0.100      7119     25674
  15.98486  16.03493     0.100      7113     25697
  15.98440  16.03453     0.100      7134     25748
  15.98394  16.03415     0.100      7123     25725
  15.98348  16.03378     0.100      7134     25754
  15.98302  16.03339     0.100      7118     25721
  15.98256  16.03298     0.100      7121     25714
  15.98210  16.03258     0.100      7123     25737
  15.98164  16.03217     0.100      7107     25695
  15.98118  16.03175     0.100      7128     25763
  15.98072  16.03130     0.100      7119     25728
  15.98026  16.03081     0.100      7124     25756
  15.97980  16.03029     0.100      7123     25754
  15.97934  16.02979     0.100      7106     25708
  15.97888  16.02930     0.100      7124     25774
  15.97842  16.02881     0.100      7111     25741
  15.97796  16.02830     0.100      7117     25763
  15.97750  16.02779     0.100      7127     25785
  15.97704  16.02729     0.100      7121     25769
  15.97658  16.02682     0.100      7123     25782
  15.97612  16.02636     0.100      7133     25812
  15.97566  16.02590     0.100      7128     25799
  15.97520  16.02545     0.100      7126     25808
  15.97474  16.02501     0.100      7130     25803
  15.97428  16.02460     0.100      7138     25835
  15.97382  16.02421     0.100      7134     25838
  15.97336  16.02384     0.100      7136     25850
  15.97290  16.02346     0.100      7137     25859
  15.97244  16.02305     0.100      7132     25842
  15.97198  16.02265     0.100      7140     25875
  15.97152  16.02224     0.100      7125     25827
  15.97106  16.02183     0.100      7143     25886
  15.97060  16.02138     0.100      7134     25855
  15.97014  16.02089     0.100      7139     25889
  15.96968  16.02037     0.100      7150     25913
  15.96922  16.01986     0.100      7140     25884
  15.96876  16.01938     0.100      7157     25952
  15.96830  16.01889     0.100      7141     25898
  15.96784  16.01839     0.100      7149     25922
  15.96738  16.01787     0.100      7149     25938
  15.96692  16.01737     0.100      7142     25923
  15.96646  16.01689     0.100      7150     25953
  15.96600  16.01643     0.100      7144     25928
  15.96554  16.01597     0.100      7149     25952
  15.96508  16.01552     0.100      7150     25936
  15.96462  16.01508     0.100      7153     25970
  15.96416  16.01466     0.100      7149     25952
  15.96370  16.01427     0.100      7153     25966
  15.96324  16.01390     0.100      7149     25961
  15.96278  16.01351     0.100      7151     25990
  15.96232  16.01311     0.100      7147     25957
  15.96186  16.01269     0.100      7164     26013
  15.96140  16.01229     0.100      7144     25959
  15.96094  16.01188     0.100      7154     26012
  15.96048  16.01144     0.100      7163     26039
  15.96002  16.01095     0.100      7157     26004
  15.95956  16.01044     0.100      7163     26055
  15.95910  16.00993     0.100      7155     26021
  15.95864  16.00944     0.100      7167     26054
  15.95818  16.00896     0.100      7165     26049
  15.95772  16.00845     0.100      7154     26019
  15.95726  16.00794     0.100      7161     26061
  15.95680  16.00742     0.100      7158     26060
  15.95634  16.00694     0.100      7165     26084
  15.95588  16.00648     0.100      7154     26071
  15.95542  16.00603     0.100      7162     26083
  15.95496  16.00558     0.100      7158     26072
  15.95450  16.00513     0.100      7160     26088
  15.95404  16.00471     0.100      7175     26145
  15.95358  16.00432     0.100      7151     26063
  15.95312  16.00395     0.100      7166     26125
  15.95266  16.00356     0.100      7162     26114
  15.95220  16.00317     0.100      7172     26159
  15.95174  16.00276     0.100      7179     26183
  15.95128  16.00235     0.100      7152     26092
  15.95082  16.00195     0.100      7168     26163
  15.95036  16.00152     0.100      7148     26095
  15.94990  16.00104     0.100      7160     26143
  15.94944  16.00053     0.100      7173     26202
  15.94898  16.00002     0.100      7157     26160
  15.94852  15.99953     0.100      7179     26212
  15.94806  15.99904     0.100      7158     26160
  15.94760  15.99854     0.100      7169     26197
  15.94714  15.99803     0.100      7171     26218
  15.94668  15.99752     0.100      7155     26164
  15.94622  15.99703     0.100      7177     26253
  15.94576  15.99657     0.100      7168     26224
  15.94530  15.99611     0.100      7168     26225
  15.94484  15.99566     0.100      7158     26215
  15.94438  15.99521     0.100      7168     26243
  15.94392  15.99478     0.100      7174     26270
  15.94346  15.99439     0.100      7163     26240
  15.94300  15.99401     0.100      7168     26280
  15.94254  15.99363     0.100      7171     26273
  15.94208  15.99323     0.100      7168     26288
  15.94162  15.99283     0.100      7170     26289
  15.94116  15.99242     0.100      7152     26229
  15.94070  15.99202     0.100      7179     26348
  15.94024  15.99159     0.100      7172     26334
  15.93978  15.99112     0.100      7176     26353
  15.93932  15.99061     0.100      7184     26393
  15.93886  15.99010     0.100      7161     26296
  15.93840  15.98960     0.100      7184     26384
  15.93794  15.98912     0.100      7172     26340
  15.93748  15.98862     0.100      7167     26341
  15.93702  15.98810     0.100      7184     26406
  15.93656  15.98759     0.100      7151     26292
  15.93610  15.98710     0.100      7179     26414
  15.93564  15.98664     0.100      7167     26380
  15.93518  15.98618     0.100      7173     26390
  15.93472  15.98572     0.100      7172     26403
  15.93426  15.98527     0.100      7172     26381
  15.93380  15.98484     0.100      7184     26460
  15.93334  15.98444     0.100      7184     26463
  15.93288  15.98406     0.100      7186     26474
  15.93242  15.98368     0.100      7179     26457
  15.93196  15.98328     0.100      7181     26450
  15.93150  15.98287     0.100      7183     26483
  15.93104  15.98247     0.100      7178     26477
  15.93058  15.98207     0.100      7181     26481
  15.93012  15.98164     0.100      7179     26469
  15.92966  15.98118     0.100      7173     26473
  15.92920  15.98067     0.100      7188     26523
  15.92874  15.98015     0.100      7174     26481
  15.92828  15.97966     0.100      7174     26490
  15.92782  15.97918     0.100      7182     26510
  15.92736  15.97869     0.100      7165     26487
  15.92690  15.97817     0.100      7183     26546
  15.92644  15.97766     0.100      7178     26542
  15.92598  15.97716     0.100      7184     26559
  15.92552  15.97670     0.100      7181     26540
  15.92506  15.97625     0.100      7184     26555
  15.92460  15.97579     0.100      7193     26585
  15.92414  15.97533     0.100      7180     26555
  15.92368  15.97490     0.100      7193     26609
  15.92322  15.97450     0.100      7174     26561
  15.92276  15.97412     0.100      7182     26592
  15.92230  15.97374     0.100      7186     26621
  15.92184  15.97335     0.100      7180     26593
  15.92138  15.97295     0.100      7199     26675
  15.92092  15.97254     0.100      7192     26656
  15.92046  15.97214     0.100      7186     26648
  15.92000  15.97172     0.100      7193     26650
  15.91954  15.97127     0.100      7185     26632
  15.91908  15.97076     0.100      7186     26638
  15.91862  15.97025     0.100      7178     26611
  15.91816  15.96975     0.100      7190     26666
  15.91770  15.96927     0.100      7184     26644
  15.91724  15.96878     0.100      7190     26673
  15.91678  15.96827     0.100      7183     26660
  15.91632  15.96775     0.100      7191     26683
  15.91586  15.96725     0.100      7193     26698
  15.91540  15.96678     0.100      7200     26724
  15.91494  15.96632     0.100      7190     26729
  15.91448  15.96586     0.100      7183     26685
  15.91402  15.96541     0.100      7192     26715
  15.91356  15.96497     0.100      7190     26711
  15.91310  15.96456     0.100      7190     26701
  15.91264  15.96418     0.100      7184     26702
  15.91218  15.96381     0.100      7193     26736
  15.91172  15.96342     0.100      7182     26696
  15.91126  15.96301     0.100      7197     26753
  15.91080  15.96261     0.100      7192     26731
  15.91034  15.96220     0.100      7199     26761
  15.90988  15.96179     0.100      7197     26761
  15.90942  15.96134     0.100      7201     26783
  15.90896  15.96085     0.100      7205     26798
  15.90850  15.96033     0.100      7201     26788
  15.90804  15.95983     0.100      7197     26778
  15.90758  15.95935     0.100      7200     26794
  15.90712  15.95886     0.100      7204     26807
  15.90666  15.95834     0.100      7217     26840
  15.90620  15.95782     0.100      7204     26821
  15.90574  15.95732     0.100      7209     26841
  15.90528  15.95684     0.100      7200     26820
  15.90482  15.95638     0.100      7203     26836
  15.90436  15.95592     0.100      7219     26891
  15.90390  15.95546     0.100      7215     26876
  15.90344  15.95503     0.100      7213     26865
  15.90298  15.95461     0.100      7207     26856
  15.90252  15.95423     0.100      7211     26862
  15.90206  15.95385     0.100      7209     26874
  15.90160  15.95346     0.100      7209     26865
  15.90114  15.95306     0.100      7213     26891
  15.90068  15.95265     0.100      7209     26892
  15.90022  15.95225     0.100      7214     26928
  15.89976  15.95184     0.100      7224     26955
  15.89930  15.95140     0.100      7212     26905
  15.89884  15.95091     0.100      7218     26953
  15.89838  15.95039     0.100      7211     26928
  15.89792  15.94989     0.100      7207     26923
  15.89746  15.94941     0.100      7222     26981
  15.89700  15.94892     0.100      7214     26946
  15.89654  15.94842     0.100      7221     26992
  15.89608  15.94790     0.100      7220     26973
  15.89562  15.94739     0.100      7212     26947
  15.89516  15.94691     0.100      7231     27027
  15.89470  15.94646     0.100      7216     26987
  15.89424  15.94601     0.100      7232     27051
  15.89378  15.94555     0.100      7210     26970
  15.89332  15.94511     0.100      7228     27046
  15.89286  15.94469     0.100      7226     27053
  15.89240  15.94430     0.100      7212     26990
  15.89194  15.94393     0.100      7242     27109
  15.89148  15.94354     0.100      7219     27048
  15.89102  15.94315     0.100      7226     27077
  15.89056  15.94274     0.100      7224     27072
  15.89010  15.94233     0.100      7226     27071
  15.88964  15.94193     0.100      7238     27121
  15.88918  15.94149     0.100      7227     27087
  15.88872  15.94101     0.100      7235     27116
  15.88826  15.94050     0.100      7224     27074
  15.88780  15.93999     0.100      7218     27077
  15.88734  15.93950     0.100      7238     27147
  15.88688  15.93902     0.100      7227     27126
  15.88642  15.93852     0.100      7243     27184
  15.88596  15.93800     0.100      7231     27145
  15.88550  15.93749     0.100      7223     27135
  15.88504  15.93701     0.100      7238     27193
  15.88458  15.93654     0.100      7220     27123
  15.88412  15.93609     0.100      7246     27229
  15.88366  15.93563     0.100      7232     27183
  15.88320  15.93518     0.100      7236     27211
  15.88274  15.93476     0.100      7239     27219
  15.88228  15.93436     0.100      7228     27195
  15.88182  15.93399     0.100      7249     27268
  15.88136  15.93361     0.100      7237     27242
  15.88090  15.93322     0.100      7236     27235
  15.88044  15.93281     0.100      7238     27250
  15.87998  15.93240     0.100      7237     27260
  15.87952  15.93200     0.100      7249     27306
  15.87906  15.93157     0.100      7241     27283
  15.87860  15.93109     0.100      7241     27279
  15.87814  15.93058     0.100      7241     27291
  15.87768  15.93006     0.100      7238     27293
  15.87722  15.92957     0.100      7238     27300
  15.87676  15.92909     0.100      7241     27305
  15.87630  15.92859     0.100      7241     27321
  15.87584  15.92807     0.100      7243     27320
  15.87538  15.92755     0.100      7243     27334
  15.87492  15.92707     0.100      7240     27317
  15.87446  15.92660     0.100      7234     27324
  15.87400  15.92614     0.100      7247     27379
  15.87354  15.92569     0.100      7248     27368
  15.87308  15.92523     0.100      7251     27376
  15.87262  15.92481     0.100      7252     27390
  15.87216  15.92441     0.100      7252     27404
  15.87170  15.92404     0.100      7246     27388
  15.87124  15.92366     0.100      7263     27451
  15.87078  15.92327     0.100      7254     27424
  15.87032  15.92286     0.100      7266     27474
  15.86986  15.92246     0.100      7244     27421
  15.86940  15.92206     0.100      7257     27444
  15.86894  15.92163     0.100      7256     27437
  15.86848  15.92117     0.100      7253     27451
  15.86802  15.92066     0.100      7251     27456
  15.86756  15.92014     0.100      7255     27471
  15.86710  15.91965     0.100      7259     27497
  15.86664  15.91918     0.100      7252     27474
  15.86618  15.91868     0.100      7254     27489
  15.86572  15.91817     0.100      7259     27508
  15.86526  15.91766     0.100      7249     27469
  15.86480  15.91716     0.100      7254     27487
  15.86434  15.91669     0.100      7256     27514
  15.86388  15.91624     0.100      7260     27522
  15.86342  15.91579     0.100      7267     27535
  15.86296  15.91534     0.100      7258     27516
  15.86250  15.91491     0.100      7261     27543
  15.86204  15.91451     0.100      7251     27525
  15.86158  15.91413     0.100      7269     27558
  15.86112  15.91375     0.100      7258     27531
  15.86066  15.91336     0.100      7260     27532
  15.86020  15.91295     0.100      7266     27586
  15.85974  15.91254     0.100      7252     27534
  15.85928  15.91214     0.100      7263     27556
  15.85882  15.91172     0.100      7259     27546
  15.85836  15.91127     0.100      7265     27575
  15.85790  15.91077     0.100      7271     27607
  15.85744  15.91026     0.100      7254     27524
  15.85698  15.90976     0.100      7274     27607
  15.85652  15.90927     0.100      7265     27565
  15.85606  15.90879     0.100      7270     27612
  15.85560  15.90827     0.100      7261     27566
  15.85514  15.90775     0.100      7252     27544
  15.85468  15.90726     0.100      7267     27595
  15.85422  15.90679     0.100      7260     27567
  15.85376  15.90633     0.100      7274     27622
  15.85330  15.90588     0.100      7271     27611
  15.85284  15.90542     0.100      7258     27581
  15.85238  15.90499     0.100      7270     27628
  15.85192  15.90458     0.100      7263     27575
  15.85146  15.90419     0.100      7271     27631
  15.85100  15.90382     0.100      7264     27598
  15.85054  15.90343     0.100      7271     27618
  15.85008  15.90302     0.100      7276     27654
  15.84962  15.90262     0.100      7264     27611
  15.84916  15.90221     0.100      7277     27659
  15.84870  15.90180     0.100      7260     27597
  15.84824  15.90135     0.100      7263     27624
  15.84778  15.90086     0.100      7281     27660
  15.84732  15.90034     0.100      7264     27605
  15.84686  15.89984     0.100      7267     27634
  15.84640  15.89935     0.100      7279     27665
  15.84594  15.89886     0.100      7278     27643
  15.84548  15.89835     0.100      7282     27678
  15.84502  15.89783     0.100      7266     27639
  15.84456  15.89733     0.100      7280     27677
  15.84410  15.89686     0.100      7265     27626
  15.84364  15.89640     0.100      7274     27666
  15.84318  15.89595     0.100      7280     27689
  15.84272  15.89550     0.100      7271     27666
  15.84226  15.89506     0.100      7284     27720
  15.84180  15.89464     0.100      7264     27638
  15.84134  15.89426     0.100      7277     27704
  15.84088  15.89388     0.100      7278     27711
  15.84042  15.89349     0.100      7274     27703
  15.83996  15.89310     0.100      7295     27754
  15.83950  15.89269     0.100      7272     27695
  15.83904  15.89229     0.100      7282     27729
  15.83858  15.89189     0.100      7277     27708
  15.83812  15.89144     0.100      7261     27665
  15.83766  15.89096     0.100      7276     27712
  15.83720  15.89044     0.100      7264     27675
  15.83674  15.88994     0.100      7291     27740
  15.83628  15.88945     0.100      7273     27700
  15.83582  15.88897     0.100      7284     27735
  15.83536  15.88847     0.100      7287     27780
  15.83490  15.88795     0.100      7280     27732
  15.83444  15.88745     0.100      7306     27847
  15.83398  15.88697     0.100      7281     27766
  15.83352  15.88651     0.100      7288     27789
  15.83306  15.88605     0.100      7285     27776
  15.83260  15.88559     0.100      7270     27718
  15.83214  15.88514     0.100      7291     27805
  15.83168  15.88472     0.100      7275     27751
  15.83122  15.88433     0.100      7291     27818
  15.83076  15.88396     0.100      7290     27809
  15.83030  15.88358     0.100      7290     27813
  15.82984  15.88318     0.100      7305     27884
  15.82938  15.88278     0.100      7281     27789
  15.82892  15.88238     0.100      7292     27825
  15.82846  15.88197     0.100      7283     27804
  15.82800  15.88154     0.100      7281     27794
  15.82754  15.88106     0.100      7296     27865
  15.82708  15.88055     0.100      7288     27831
  15.82662  15.88004     0.100      7299     27879
  15.82616  15.87955     0.100      7293     27861
  15.82570  15.87906     0.100      7283     27822
  15.82524  15.87857     0.100      7304     27896
  15.82478  15.87806     0.100      7298     27883
  15.82432  15.87755     0.100      7300     27909
  15.82386  15.87706     0.100      7302     27909
  15.82340  15.87660     0.100      7308     27938
  15.82294  15.87614     0.100      7302     27911
  15.82248  15.87568     0.100      7296     27895
  15.82202  15.87523     0.100      7311     27954
  15.82156  15.87481     0.100      7290     27896
  15.82110  15.87441     0.100      7304     27928
  15.82064  15.87403     0.100      7306     27931
  15.82018  15.87365     0.100      7305     27932
  15.81972  15.87326     0.100      7308     27955
  15.81926  15.87285     0.100      7287     27910
  15.81880  15.87244     0.100      7311     27973
  15.81834  15.87204     0.100      7306     27964
  15.81788  15.87161     0.100      7312     27987
  15.81742  15.87114     0.100      7311     27988
  15.81696  15.87064     0.100      7315     28008
  15.81650  15.87013     0.100      7311     28004
  15.81604  15.86964     0.100      7310     28018
  15.81558  15.86915     0.100      7301     27966
  15.81512  15.86866     0.100      7303     27982
  15.81466  15.86815     0.100      7306     28014
  15.81420  15.86763     0.100      7305     27996
  15.81374  15.86714     0.100      7308     28021
  15.81328  15.86668     0.100      7309     28034
  15.81282  15.86622     0.100      7315     28052
  15.81236  15.86577     0.100      7316     28056
  15.81190  15.86532     0.100      7313     28046
  15.81144  15.86489     0.100      7305     28025
  15.81098  15.86450     0.100      7309     28047
  15.81052  15.86412     0.100      7318     28074
  15.81006  15.86374     0.100      7302     28047
  15.80960  15.86335     0.100      7324     28111
  15.80914  15.86294     0.100      7326     28132
  15.80868  15.86253     0.100      7329     28164
  15.80822  15.86213     0.100      7331     28148
  15.80776  15.86172     0.100      7322     28131
  15.80730  15.86126     0.100      7328     28146
  15.80684  15.86077     0.100      7313     28115
  15.80638  15.86026     0.100      7316     28129
  15.80592  15.85976     0.100      7307     28091
  15.80546  15.85928     0.100      7316     28125
  15.80500  15.85878     0.100      7315     28140
  15.80454  15.85827     0.100      7310     28110
  15.80408  15.85776     0.100      7323     28170
  15.80362  15.85726     0.100      7320     28173
  15.80316  15.85679     0.100      7327     28185
  15.80270  15.85634     0.100      7331     28195
  15.80224  15.85588     0.100      7325     28203
  15.80178  15.85543     0.100      7328     28201
  15.80132  15.85499     0.100      7326     28198
  15.80086  15.85458     0.100      7318     28195
  15.80040  15.85420     0.100      7329     28228
  15.79994  15.85383     0.100      7330     28230
  15.79948  15.85344     0.100      7332     28248
  15.79902  15.85304     0.100      7328     28247
  15.79856  15.85263     0.100      7330     28251
  15.79810  15.85223     0.100      7332     28275
  15.79764  15.85182     0.100      7326     28248
  15.79718  15.85137     0.100      7336     28290
  15.79672  15.85089     0.100      7337     28290
  15.79626  15.85037     0.100      7344     28332
  15.79580  15.84987     0.100      7342     28336
  15.79534  15.84938     0.100      7337     28308
  15.79488  15.84890     0.100      7352     28375
  15.79442  15.84839     0.100      7326     28306
  15.79396  15.84787     0.100      7348     28371
  15.79350  15.84737     0.100      7339     28352
  15.79304  15.84690     0.100      7340     28348
  15.79258  15.84643     0.100      7333     28354
  15.79212  15.84598     0.100      7320     28299
  15.79166  15.84552     0.100      7338     28381
  15.79120  15.84507     0.100      7326     28320
  15.79074  15.84465     0.100      7335     28348
  15.79028  15.84427     0.100      7331     28362
  15.78982  15.84389     0.100      7323     28325
  15.78936  15.84351     0.100      7334     28381
  15.78890  15.84311     0.100      7318     28328
  15.78844  15.84270     0.100      7326     28359
  15.78798  15.84230     0.100      7339     28412
  15.78752  15.84189     0.100      7330     28396
  15.78706  15.84146     0.100      7344     28434
  15.78660  15.84097     0.100      7333     28416
  15.78614  15.84046     0.100      7347     28468
  15.78568  15.83996     0.100      7345     28472
  15.78522  15.83947     0.100      7340     28462
  15.78476  15.83899     0.100      7347     28489
  15.78430  15.83849     0.100      7330     28431
  15.78384  15.83798     0.100      7337     28453
  15.78338  15.83747     0.100      7350     28504
  15.78292  15.83699     0.100      7336     28475
  15.78246  15.83653     0.100      7352     28524
  15.78200  15.83607     0.100      7350     28538
  15.78154  15.83562     0.100      7354     28548
  15.78108  15.83517     0.100      7342     28505
  15.78062  15.83475     0.100      7337     28500
  15.78016  15.83436     0.100      7352     28568
  15.77970  15.83399     0.100      7329     28490
  15.77924  15.83362     0.100      7347     28553
  15.77878  15.83322     0.100      7339     28529
  15.77832  15.83281     0.100      7344     28557
  15.77786  15.83241     0.100      7352     28580
  15.77740  15.83200     0.100      7338     28558
  15.77694  15.83157     0.100      7355     28614
  15.77648  15.83110     0.100      7330     28547
  15.77602  15.83060     0.100      7350     28623
  15.77556  15.83009     0.100      7343     28587
  15.77510  15.82960     0.100      7356     28621
  15.77464  15.82912     0.100      7355     28619
  15.77418  15.82862     0.100      7334     28588
  15.77372  15.82810     0.100      7352     28651
  15.77326  15.82759     0.100      7356     28639
  15.77280  15.82711     0.100      7359     28675
  15.77234  15.82664     0.100      7357     28683
  15.77188  15.82618     0.100      7354     28673
  15.77142  15.82573     0.100      7353     28675
  15.77096  15.82528     0.100      7349     28654
  15.77050  15.82485     0.100      7350     28664
  15.77004  15.82446     0.100      7358     28706
  15.76958  15.82408     0.100      7351     28679
  15.76912  15.82371     0.100      7352     28701
  15.76866  15.82331     0.100      7349     28689
  15.76820  15.82291     0.100      7351     28688
  15.76774  15.82250     0.100      7365     28750
  15.76728  15.82210     0.100      7351     28699
  15.76682  15.82168     0.100      7353     28726
  15.76636  15.82122     0.100      7359     28732
  15.76590  15.82071     0.100      7356     28742
  15.76544  15.82020     0.100      7359     28757
  15.76498  15.81971     0.100      7344     28702
  15.76452  15.81922     0.100      7350     28710
  15.76406  15.81873     0.100      7345     28717
  15.76360  15.81822     0.100      7360     28773
  15.76314  15.81770     0.100      7360     28764
  15.76268  15.81720     0.100      7360     28782
  15.76222  15.81673     0.100      7368     28837
  15.76176  15.81627     0.100      7365     28822
  15.76130  15.81582     0.100      7370     28838
  15.76084  15.81537     0.100      7371     28849
  15.76038  15.81493     0.100      7364     28829
  15.75992  15.81453     0.100      7357     28824
  15.75946  15.81415     0.100      7354     28798
  15.75900  15.81377     0.100      7363     28835
  15.75854  15.81338     0.100      7360     28833
  15.75808  15.81298     0.100      7353     28817
  15.75762  15.81258     0.100      7368     28865
  15.75716  15.81217     0.100      7369     28883
  15.75670  15.81176     0.100      7370     28897
  15.75624  15.81131     0.100      7379     28945
  15.75578  15.81082     0.100      7372     28929
  15.75532  15.81031     0.100      7370     28907
  15.75486  15.80981     0.100      7379     28929
  15.75440  15.80932     0.100      7373     28933
  15.75394  15.80884     0.100      7379     28942
  15.75348  15.80833     0.100      7377     28948
  15.75302  15.80781     0.100      7391     28993
  15.75256  15.80731     0.100      7370     28937
  15.75210  15.80684     0.100      7368     28924
  15.75164  15.80639     0.100      7374     28953
  15.75118  15.80594     0.100      7371     28944
  15.75072  15.80549     0.100      7371     28959
  15.75026  15.80504     0.100      7367     28941
  15.74980  15.80463     0.100      7380     28995
  15.74934  15.80425     0.100      7371     28975
  15.74888  15.80387     0.100      7376     29002
  15.74842  15.80349     0.100      7377     29016
  15.74796  15.80309     0.100      7369     28983
  15.74750  15.80268     0.100      7378     29013
  15.74704  15.80228     0.100      7355     28935
  15.74658  15.80187     0.100      7378     29017
  15.74612  15.80143     0.100      7363     28975
  15.74566  15.80095     0.100      7370     29009
  15.74520  15.80044     0.100      7377     29047
  15.74474  15.79993     0.100      7369     29004
  15.74428  15.79944     0.100      7394     29111
  15.74382  15.79896     0.100      7374     29038
  15.74336  15.79846     0.100      7389     29108
  15.74290  15.79794     0.100      7386     29100
  15.74244  15.79744     0.100      7383     29101
  15.74198  15.79696     0.100      7398     29135
  15.74152  15.79650     0.100      7382     29094
  15.74106  15.79605     0.100      7401     29177
  15.74060  15.79560     0.100      7393     29147
  15.74014  15.79515     0.100      7384     29112
  15.73968  15.79473     0.100      7390     29159
  15.73922  15.79434     0.100      7382     29130
  15.73876  15.79396     0.100      7397     29171
  15.73830  15.79359     0.100      7390     29159
  15.73784  15.79319     0.100      7388     29148
  15.73738  15.79279     0.100      7402     29226
  15.73692  15.79238     0.100      7375     29121
  15.73646  15.79197     0.100      7392     29187
  15.73600  15.79154     0.100      7385     29175
  15.73554  15.79107     0.100      7376     29133
  15.73508  15.79056     0.100      7400     29216
  15.73462  15.79004     0.100      7380     29162
  15.73416  15.78955     0.100      7397     29221
  15.73370  15.78907     0.100      7390     29225
  15.73324  15.78857     0.100      7397     29219
  15.73278  15.78805     0.100      7401     29268
  15.73232  15.78754     0.100      7388     29216
  15.73186  15.78706     0.100      7403     29289
  15.73140  15.78660     0.100      7385     29196
  15.73094  15.78614     0.100      7397     29261
  15.73048  15.78568     0.100      7398     29259
  15.73002  15.78524     0.100      7383     29196
  15.72956  15.78481     0.100      7407     29317
  15.72910  15.78442     0.100      7388     29253
  15.72864  15.78405     0.100      7396     29282
  15.72818  15.78367     0.100      7394     29271
  15.72772  15.78328     0.100      7383     29246
  15.72726  15.78288     0.100      7410     29322
  15.72680  15.78247     0.100      7387     29252
  15.72634  15.78207     0.100      7404     29329
  15.72588  15.78164     0.100      7388     29279
  15.72542  15.78118     0.100      7389     29287
  15.72496  15.78068     0.100      7396     29309
  15.72450  15.78018     0.100      7383     29281
  15.72404  15.77968     0.100      7389     29312
  15.72358  15.77920     0.100      7388     29305
  15.72312  15.77871     0.100      7383     29286
  15.72266  15.77820     0.100      7398     29353
  15.72220  15.77768     0.100      7394     29325
  15.72174  15.77719     0.100      7398     29367
  15.72128  15.77673     0.100      7394     29334
  15.72082  15.77627     0.100      7398     29366
  15.72036  15.77582     0.100      7395     29353
  15.71990  15.77537     0.100      7390     29340
  15.71944  15.77494     0.100      7396     29360
  15.71898  15.77453     0.100      7395     29362
  15.71852  15.77416     0.100      7400     29409
  15.71806  15.77378     0.100      7398     29394
  15.71760  15.77339     0.100      7392     29370
  15.71714  15.77299     0.100      7398     29403
  15.71668  15.77258     0.100      7392     29382
  15.71622  15.77218     0.100      7408     29443
  15.71576  15.77177     0.100      7399     29435
  15.71530  15.77132     0.100      7386     29385
  15.71484  15.77082     0.100      7399     29443
  15.71438  15.77031     0.100      7396     29430
  15.71392  15.76982     0.100      7405     29462
  15.71346  15.76933     0.100      7401     29462
  15.71300  15.76885     0.100      7405     29470
  15.71254  15.76834     0.100      7397     29459
  15.71208  15.76783     0.100      7395     29434
  15.71162  15.76732     0.100      7416     29537
  15.71116  15.76685     0.100      7399     29459
  15.71070  15.76639     0.100      7403     29480
  15.71024  15.76594     0.100      7399     29474
  15.70978  15.76549     0.100      7396     29477
  15.70932  15.76505     0.100      7398     29485
  15.70886  15.76464     0.100      7401     29501
  15.70840  15.76425     0.100      7405     29516
  15.70794  15.76388     0.100      7404     29517
  15.70748  15.76349     0.100      7396     29494
  15.70702  15.76309     0.100      7417     29589
  15.70656  15.76268     0.100      7405     29536
  15.70610  15.76228     0.100      7411     29567
  15.70564  15.76187     0.100      7403     29544
  15.70518  15.76143     0.100      7400     29526
  15.70472  15.76095     0.100      7411     29571
  15.70426  15.76044     0.100      7413     29578
  15.70380  15.75993     0.100      7414     29599
  15.70334  15.75944     0.100      7419     29621
  15.70288  15.75896     0.100      7412     29612
  15.70242  15.75846     0.100      7411     29605
  15.70196  15.75794     0.100      7413     29605
  15.70150  15.75744     0.100      7410     29613
  15.70104  15.75696     0.100      7411     29624
  15.70058  15.75651     0.100      7407     29620
  15.70012  15.75605     0.100      7409     29617
  15.69966  15.75560     0.100      7410     29622
  15.69920  15.75515     0.100      7419     29656
  15.69874  15.75473     0.100      7410     29637
  15.69828  15.75435     0.100      7410     29642
  15.69782  15.75397     0.100      7407     29635
  15.69736  15.75359     0.100      7414     29664
  15.69690  15.75320     0.100      7410     29656
  15.69644  15.75279     0.100      7406     29641
  15.69598  15.75239     0.100      7413     29664
  15.69552  15.75199     0.100      7400     29632
  15.69506  15.75156     0.100      7407     29676
  15.69460  15.75109     0.100      7399     29611
  15.69414  15.75058     0.100      7398     29631
  15.69368  15.75007     0.100      7409     29665
  15.69322  15.74959     0.100      7404     29658
  15.69276  15.74911     0.100      7425     29726
  15.69230  15.74862     0.100      7416     29739
  15.69184  15.74810     0.100      7415     29714
  15.69138  15.74759     0.100      7426     29758
  15.69092  15.74711     0.100      7413     29728
  15.69046  15.74665     0.100      7418     29754
  15.69000  15.74619     0.100      7424     29774
  15.68954  15.74573     0.100      7422     29753
  15.68908  15.74528     0.100      7432     29804
  15.68862  15.74485     0.100      7419     29758
  15.68816  15.74446     0.100      7425     29789
  15.68770  15.74409     0.100      7422     29793
  15.68724  15.74371     0.100      7431     29835
  15.68678  15.74332     0.100      7433     29824
  15.68632  15.74292     0.100      7417     29766
  15.68586  15.74251     0.100      7429     29820
  15.68540  15.74211     0.100      7427     29809
  15.68494  15.74169     0.100      7422     29804
  15.68448  15.74123     0.100      7432     29860
  15.68402  15.74073     0.100      7426     29826
  15.68356  15.74022     0.100      7426     29843
  15.68310  15.73972     0.100      7422     29797
  15.68264  15.73925     0.100      7420     29825
  15.68218  15.73876     0.100      7420     29824
  15.68172  15.73825     0.100      7387     29683
  15.68126  15.73773     0.100      7422     29813
  15.68080  15.73723     0.100      7403     29760
  15.68034  15.73676     0.100      7412     29802
  15.67988  15.73631     0.100      7411     29803
  15.67942  15.73585     0.100      7399     29763
  15.67896  15.73540     0.100      7430     29896
  15.67850  15.73496     0.100      7408     29810
  15.67804  15.73456     0.100      7419     29840
  15.67758  15.73418     0.100      7426     29872
  15.67712  15.73380     0.100      7424     29877
  15.67666  15.73341     0.100      7452     29982
  15.67620  15.73301     0.100      7420     29877
  15.67574  15.73260     0.100      7435     29925
  15.67528  15.73220     0.100      7416     29854
  15.67482  15.73179     0.100      7391     29803
  15.67436  15.73134     0.100      7400     29813
  15.67390  15.73085     0.100      7380     29756
  15.67344  15.73034     0.100      7399     29813
  15.67298  15.72984     0.100      7398     29797
  15.67252  15.72936     0.100      7401     29816
  15.67206  15.72887     0.100      7426     29912
  15.67160  15.72836     0.100      7428     29935
  15.67114  15.72785     0.100      7435     29964
  15.67068  15.72735     0.100      7409     29885
  15.67022  15.72688     0.100      7415     29885
  15.66976  15.72642     0.100      7416     29907
  15.66930  15.72597     0.100      7409     29864
  15.66884  15.72552     0.100      7418     29926
  15.66838  15.72508     0.100      7430     29965
  15.66792  15.72467     0.100      7441     30020
  15.66746  15.72428     0.100      7434     30000
  15.66700  15.72391     0.100      7432     29991
  15.66654  15.72353     0.100      7444     30046
  15.66608  15.72313     0.100      7439     30046
  15.66562  15.72272     0.100      7435     30027
  15.66516  15.72232     0.100      7427     29971
  15.66470  15.72192     0.100      7409     29925
  15.66424  15.72148     0.100      7420     29968
  15.66378  15.72100     0.100      7408     29930
  15.66332  15.72049     0.100      7420     29965
  15.66286  15.71999     0.100      7420     29985
  15.66240  15.71950     0.100      7429     30027
  15.66194  15.71902     0.100      7421     29988
  15.66148  15.71852     0.100      7410     29969
  15.66102  15.71800     0.100      7397     29925
  15.66056  15.71750     0.100      7390     29909
  15.66010  15.71702     0.100      7407     29972
  15.65964  15.71655     0.100      7415     29997
  15.65918  15.71610     0.100      7424     30036
  15.65872  15.71565     0.100      7438     30092
  15.65826  15.71520     0.100      7441     30135
  15.65780  15.71478     0.100      7448     30143
  15.65734  15.71439     0.100      7440     30131
  15.65688  15.71401     0.100      7435     30127
  15.65642  15.71364     0.100      7434     30119
  15.65596  15.71324     0.100      7437     30115
  15.65550  15.71284     0.100      7431     30115
  15.65504  15.71244     0.100      7433     30152
  15.65458  15.71204     0.100      7426     30112
  15.65412  15.71161     0.100      7421     30084
  15.65366  15.71114     0.100      7415     30093
  15.65320  15.71063     0.100      7423     30104
  15.65274  15.71012     0.100      7428     30148
  15.65228  15.70963     0.100      7429     30141
  15.65182  15.70915     0.100      7440     30215
  15.65136  15.70866     0.100      7451     30256
  15.65090  15.70814     0.100      7453     30279
  15.65044  15.70763     0.100      7447     30263
  15.64998  15.70714     0.100      7451     30266
  15.64952  15.70667     0.100      7455     30287
  15.64906  15.70622     0.100      7448     30275
  15.64860  15.70577     0.100      7447     30302
  15.64814  15.70532     0.100      7447     30305
  15.64768  15.70488     0.100      7451     30317
  15.64722  15.70448     0.100      7457     30342
  15.64676  15.70411     0.100      7450     30320
  15.64630  15.70373     0.100      7453     30348
  15.64584  15.70334     0.100      7448     30319
  15.64538  15.70294     0.100      7453     30329
  15.64492  15.70253     0.100      7445     30330
  15.64446  15.70213     0.100      7458     30370
  15.64400  15.70171     0.100      7457     30379
  15.64354  15.70125     0.100      7447     30348
  15.64308  15.70075     0.100      7457     30398
  15.64262  15.70024     0.100      7438     30327
  15.64216  15.69975     0.100      7454     30381
  15.64170  15.69927     0.100      7447     30377
  15.64124  15.69879     0.100      7454     30404
  15.64078  15.69828     0.100      7444     30379
  15.64032  15.69777     0.100      7442     30355
  15.63986  15.69727     0.100      7435     30339
  15.63940  15.69680     0.100      7438     30355
  15.63894  15.69634     0.100      7434     30357
  15.63848  15.69589     0.100      7436     30384
  15.63802  15.69544     0.100      7443     30420
  15.63756  15.69500     0.100      7463     30471
  15.63710  15.69459     0.100      7457     30454
  15.63664  15.69421     0.100      7455     30466
  15.63618  15.69384     0.100      7474     30538
  15.63572  15.69346     0.100      7448     30444
  15.63526  15.69306     0.100      7465     30527
  15.63480  15.69265     0.100      7455     30485
  15.63434  15.69225     0.100      7454     30505
  15.63388  15.69185     0.100      7465     30537
  15.63342  15.69140     0.100      7448     30485
  15.63296  15.69092     0.100      7462     30530
  15.63250  15.69041     0.100      7443     30471
  15.63204  15.68990     0.100      7463     30543
  15.63158  15.68942     0.100      7466     30556
  15.63112  15.68894     0.100      7451     30494
  15.63066  15.68843     0.100      7470     30585
  15.63020  15.68791     0.100      7455     30532
  15.62974  15.68741     0.100      7468     30576
  15.62928  15.68693     0.100      7462     30556
  15.62882  15.68647     0.100      7454     30527
  15.62836  15.68602     0.100      7473     30618
  15.62790  15.68557     0.100      7460     30569
  15.62744  15.68513     0.100      7475     30646
  15.62698  15.68472     0.100      7469     30606
  15.62652  15.68433     0.100      7463     30589
  15.62606  15.68396     0.100      7474     30641
  15.62560  15.68358     0.100      7457     30577
  15.62514  15.68318     0.100      7456     30591
  15.62468  15.68277     0.100      7468     30637
  15.62422  15.68237     0.100      7456     30576
  15.62376  15.68196     0.100      7472     30646
  15.62330  15.68153     0.100      7452     30576
  15.62284  15.68105     0.100      7468     30639
  15.62238  15.68054     0.100      7474     30648
  15.62192  15.68003     0.100      7467     30651
  15.62146  15.67954     0.100      7479     30689
  15.62100  15.67906     0.100      7464     30664
  15.62054  15.67856     0.100      7480     30729
  15.62008  15.67804     0.100      7469     30690
  15.61962  15.67753     0.100      7460     30668
  15.61916  15.67705     0.100      7478     30717
  15.61870  15.67659     0.100      7461     30633
  15.61824  15.67613     0.100      7480     30755
  15.61778  15.67568     0.100      7468     30694
  15.61732  15.67523     0.100      7481     30745
  15.61686  15.67481     0.100      7478     30740
  15.61640  15.67442     0.100      7464     30681
  15.61594  15.67405     0.100      7483     30751
  15.61548  15.67367     0.100      7477     30735
  15.61502  15.67328     0.100      7485     30778
  15.61456  15.67288     0.100      7477     30764
  15.61410  15.67247     0.100      7480     30768
  15.61364  15.67207     0.100      7471     30734
  15.61318  15.67165     0.100      7471     30747
  15.61272  15.67118     0.100      7475     30773
  15.61226  15.67068     0.100      7473     30763
  15.61180  15.67017     0.100      7468     30746
  15.61134  15.66968     0.100      7474     30769
  15.61088  15.66920     0.100      7479     30789
  15.61042  15.66871     0.100      7477     30786
  15.60996  15.66820     0.100      7475     30778
  15.60950  15.66769     0.100      7477     30788
  15.60904  15.66720     0.100      7473     30801
  15.60858  15.66673     0.100      7476     30802
  15.60812  15.66628     0.100      7471     30787
  15.60766  15.66583     0.100      7461     30791
  15.60720  15.66537     0.100      7476     30824
  15.60674  15.66494     0.100      7474     30822
  15.60628  15.66454     0.100      7471     30809
  15.60582  15.66416     0.100      7477     30842
  15.60536  15.66379     0.100      7460     30769
  15.60490  15.66340     0.100      7479     30848
  15.60444  15.66300     0.100      7474     30825
  15.60398  15.66260     0.100      7477     30855
  15.60352  15.66220     0.100      7481     30890
  15.60306  15.66178     0.100      7481     30870
  15.60260  15.66133     0.100      7489     30923
  15.60214  15.66084     0.100      7481     30875
  15.60168  15.66033     0.100      7474     30877
  15.60122  15.65983     0.100      7482     30899
  15.60076  15.65935     0.100      7466     30862
  15.60030  15.65886     0.100      7489     30947
  15.59984  15.65836     0.100      7473     30892
  15.59938  15.65784     0.100      7480     30909
  15.59892  15.65734     0.100      7485     30912
  15.59846  15.65687     0.100      7477     30920
  15.59800  15.65641     0.100      7489     30973
  15.59754  15.65596     0.100      7471     30908
  15.59708  15.65551     0.100      7477     30945
  15.59662  15.65507     0.100      7474     30931
  15.59616  15.65466     0.100      7477     30972
  15.59570  15.65427     0.100      7480     30965
  15.59524  15.65390     0.100      7480     30966
  15.59478  15.65352     0.100      7468     30944
  15.59432  15.65312     0.100      7478     30963
  15.59386  15.65272     0.100      7479     30987
  15.59340  15.65231     0.100      7485     31021
  15.59294  15.65190     0.100      7482     30997
  15.59248  15.65146     0.100      7476     31004
  15.59202  15.65098     0.100      7487     31034
  15.59156  15.65047     0.100      7471     30992
  15.59110  15.64996     0.100      7474     31015
  15.59064  15.64947     0.100      7485     31029
  15.59018  15.64899     0.100      7485     31059
  15.58972  15.64849     0.100      7480     31048
  15.58926  15.64797     0.100      7478     31052
  15.58880  15.64747     0.100      7484     31067
  15.58834  15.64699     0.100      7469     31022
  15.58788  15.64653     0.100      7488     31092
  15.58742  15.64607     0.100      7468     31050
  15.58696  15.64563     0.100      7477     31088
  15.58650  15.64518     0.100      7485     31123
  15.58604  15.64477     0.100      7466     31054
  15.58558  15.64438     0.100      7492     31139
  15.58512  15.64401     0.100      7470     31066
  15.58466  15.64363     0.100      7480     31116
  15.58420  15.64324     0.100      7473     31093
  15.58374  15.64283     0.100      7483     31133
  15.58328  15.64243     0.100      7487     31151
  15.58282  15.64202     0.100      7468     31092
  15.58236  15.64160     0.100      7488     31169
  15.58190  15.64113     0.100      7487     31171
  15.58144  15.64063     0.100      7485     31169
  15.58098  15.64011     0.100      7485     31183
  15.58052  15.63962     0.100      7469     31128
  15.58006  15.63914     0.100      7483     31198
  15.57960  15.63865     0.100      7465     31131
  15.57914  15.63814     0.100      7478     31206
  15.57868  15.63763     0.100      7476     31180
  15.57822  15.63714     0.100      7470     31156
  15.57776  15.63668     0.100      7476     31188
  15.57730  15.63622     0.100      7464     31146
  15.57684  15.63577     0.100      7481     31207
  15.57638  15.63533     0.100      7460     31155
  15.57592  15.63490     0.100      7464     31161
  15.57546  15.63450     0.100      7459     31142
  15.57500  15.63413     0.100      7437     31045
  15.57454  15.63375     0.100      7443     31093
  15.57408  15.63336     0.100      7438     31081
  15.57362  15.63295     0.100      7441     31091
  15.57316  15.63255     0.100      7466     31177
  15.57270  15.63215     0.100      7461     31186
  15.57224  15.63174     0.100      7492     31313
  15.57178  15.63128     0.100      7473     31239
  15.57132  15.63078     0.100      7478     31260
  15.57086  15.63027     0.100      7487     31322
  15.57040  15.62977     0.100      7478     31270
  15.56994  15.62929     0.100      7493     31332
  15.56948  15.62880     0.100      7479     31277
  15.56902  15.62829     0.100      7485     31315
  15.56856  15.62777     0.100      7483     31308
  15.56810  15.62728     0.100      7480     31303
  15.56764  15.62681     0.100      7490     31343
  15.56718  15.62636     0.100      7483     31299
  15.56672  15.62591     0.100      7474     31309
  15.56626  15.62545     0.100      7476     31295
  15.56580  15.62502     0.100      7480     31318
  15.56534  15.62461     0.100      7484     31349
  15.56488  15.62422     0.100      7480     31338
  15.56442  15.62385     0.100      7491     31375
  15.56396  15.62346     0.100      7486     31348
  15.56350  15.62306     0.100      7487     31379
  15.56304  15.62266     0.100      7488     31373
  15.56258  15.62226     0.100      7478     31341
  15.56212  15.62184     0.100      7489     31389
  15.56166  15.62140     0.100      7479     31351
  15.56120  15.62091     0.100      7479     31363
  15.56074  15.62040     0.100      7485     31371
  15.56028  15.61989     0.100      7490     31386
  15.55982  15.61940     0.100      7478     31367
  15.55936  15.61892     0.100      7476     31349
  15.55890  15.61842     0.100      7475     31348
  15.55844  15.61791     0.100      7455     31280
  15.55798  15.61740     0.100      7452     31253
  15.55752  15.61693     0.100      7448     31257
  15.55706  15.61647     0.100      7454     31264
  15.55660  15.61602     0.100      7462     31307
  15.55614  15.61557     0.100      7468     31351
  15.55568  15.61512     0.100      7489     31412
  15.55522  15.61471     0.100      7485     31420
  15.55476  15.61432     0.100      7491     31416
  15.55430  15.61396     0.100      7489     31445
  15.55384  15.61358     0.100      7483     31432
  15.55338  15.61318     0.100      7488     31432
  15.55292  15.61278     0.100      7485     31425
  15.55246  15.61237     0.100      7482     31438
  15.55200  15.61197     0.100      7486     31441
  15.55154  15.61154     0.100      7485     31436
  15.55108  15.61106     0.100      7494     31477
  15.55062  15.61055     0.100      7487     31462
  15.55016  15.61004     0.100      7484     31455
  15.54970  15.60955     0.100      7490     31457
  15.54924  15.60907     0.100      7480     31434
  15.54878  15.60857     0.100      7488     31480
  15.54832  15.60806     0.100      7485     31465
  15.54786  15.60754     0.100      7480     31473
  15.54740  15.60706     0.100      7488     31486
  15.54694  15.60660     0.100      7491     31499
  15.54648  15.60615     0.100      7496     31544
  15.54602  15.60569     0.100      7489     31507
  15.54556  15.60525     0.100      7495     31532
  15.54510  15.60482     0.100      7489     31495
  15.54464  15.60444     0.100      7485     31506
  15.54418  15.60406     0.100      7490     31521
  15.54372  15.60368     0.100      7487     31499
  15.54326  15.60329     0.100      7492     31513
  15.54280  15.60289     0.100      7486     31525
  15.54234  15.60248     0.100      7483     31510
  15.54188  15.60207     0.100      7495     31561
  15.54142  15.60165     0.100      7491     31549
  15.54096  15.60119     0.100      7499     31588
  15.54050  15.60069     0.100      7497     31586
  15.54004  15.60018     0.100      7488     31569
  15.53958  15.59968     0.100      7500     31599
  15.53912  15.59920     0.100      7492     31568
  15.53866  15.59870     0.100      7492     31570
  15.53820  15.59819     0.100      7494     31593
  15.53774  15.59767     0.100      7491     31568
  15.53728  15.59718     0.100      7497     31617
  15.53682  15.59671     0.100      7477     31568
  15.53636  15.59625     0.100      7498     31626
  15.53590  15.59580     0.100      7493     31604
  15.53544  15.59535     0.100      7501     31641
  15.53498  15.59493     0.100      7492     31601
  15.53452  15.59453     0.100      7476     31540
  15.53406  15.59414     0.100      7469     31520
  15.53360  15.59377     0.100      7471     31525
  15.53314  15.59338     0.100      7474     31566
  15.53268  15.59297     0.100      7463     31520
  15.53222  15.59257     0.100      7471     31565
  15.53176  15.59217     0.100      7493     31663
  15.53130  15.59175     0.100      7491     31653
  15.53084  15.59130     0.100      7499     31678
  15.53038  15.59080     0.100      7502     31707
  15.52992  15.59029     0.100      7491     31674
  15.52946  15.58979     0.100      7501     31702
  15.52900  15.58930     0.100      7499     31692
  15.52854  15.58881     0.100      7500     31712
  15.52808  15.58831     0.100      7496     31701
  15.52762  15.58779     0.100      7497     31700
  15.52716  15.58729     0.100      7489     31693
  15.52670  15.58683     0.100      7493     31701
  15.52624  15.58637     0.100      7490     31705
  15.52578  15.58592     0.100      7494     31732
  15.52532  15.58547     0.100      7489     31716
  15.52486  15.58503     0.100      7495     31732
  15.52440  15.58462     0.100      7484     31715
  15.52394  15.58424     0.100      7498     31763
  15.52348  15.58387     0.100      7490     31730
  15.52302  15.58349     0.100      7481     31692
  15.52256  15.58309     0.100      7491     31740
  15.52210  15.58268     0.100      7479     31707
  15.52164  15.58228     0.100      7489     31755
  15.52118  15.58187     0.100      7486     31736
  15.52072  15.58143     0.100      7483     31730
  15.52026  15.58094     0.100      7497     31797
  15.51980  15.58043     0.100      7482     31754
  15.51934  15.57992     0.100      7492     31815
  15.51888  15.57943     0.100      7493     31792
  15.51842  15.57894     0.100      7483     31751
  15.51796  15.57844     0.100      7473     31724
  15.51750  15.57793     0.100      7437     31586
  15.51704  15.57743     0.100      7457     31683
  15.51658  15.57695     0.100      7452     31666
  15.51612  15.57649     0.100      7459     31690
  15.51566  15.57604     0.100      7461     31697
  15.51520  15.57559     0.100      7477     31767
  15.51474  15.57514     0.100      7500     31877
  15.51428  15.57472     0.100      7485     31818
  15.51382  15.57434     0.100      7493     31857
  15.51336  15.57397     0.100      7484     31816
  15.51290  15.57359     0.100      7490     31862
  15.51244  15.57319     0.100      7489     31855
  15.51198  15.57278     0.100      7485     31866
  15.51152  15.57238     0.100      7492     31884
  15.51106  15.57198     0.100      7492     31889
  15.51060  15.57154     0.100      7488     31890
  15.51014  15.57106     0.100      7493     31902
  15.50968  15.57055     0.100      7486     31891
  15.50922  15.57003     0.100      7491     31895
  15.50876  15.56954     0.100      7484     31896
  15.50830  15.56905     0.100      7481     31867
  15.50784  15.56855     0.100      7496     31939
  15.50738  15.56804     0.100      7480     31895
  15.50692  15.56753     0.100      7489     31925
  15.50646  15.56705     0.100      7485     31910
  15.50600  15.56658     0.100      7480     31898
  15.50554  15.56613     0.100      7485     31929
  15.50508  15.56567     0.100      7483     31940
  15.50462  15.56523     0.100      7485     31936
  15.50416  15.56480     0.100      7482     31923
  15.50370  15.56441     0.100      7489     31963
  15.50324  15.56404     0.100      7490     31969
  15.50278  15.56366     0.100      7483     31956
  15.50232  15.56327     0.100      7485     31971
  15.50186  15.56287     0.100      7484     31960
  15.50140  15.56246     0.100      7485     31978
  15.50094  15.56206     0.100      7481     31961
  15.50048  15.56163     0.100      7489     32001
  15.50002  15.56116     0.100      7495     32005
  15.49956  15.56065     0.100      7494     32008
  15.49910  15.56014     0.100      7485     31995
  15.49864  15.55964     0.100      7480     31984
  15.49818  15.55917     0.100      7483     32003
  15.49772  15.55868     0.100      7483     32005
  15.49726  15.55816     0.100      7483     32024
  15.49680  15.55765     0.100      7478     32017
  15.49634  15.55716     0.100      7481     32018
  15.49588  15.55669     0.100      7484     32032
  15.49542  15.55624     0.100      7487     32055
  15.49496  15.55579     0.100      7488     32063
  15.49450  15.55534     0.100      7486     32053
  15.49404  15.55491     0.100      7492     32080
  15.49358  15.55452     0.100      7488     32073
  15.49312  15.55414     0.100      7493     32103
  15.49266  15.55376     0.100      7486     32087
  15.49220  15.55337     0.100      7493     32110
  15.49174  15.55297     0.100      7486     32089
  15.49128  15.55257     0.100      7488     32117
  15.49082  15.55216     0.100      7489     32112
  15.49036  15.55174     0.100      7483     32099
  15.48990  15.55128     0.100      7493     32125
  15.48944  15.55079     0.100      7482     32106
  15.48898  15.55027     0.100      7496     32176
  15.48852  15.54977     0.100      7492     32151
  15.48806  15.54929     0.100      7491     32149
  15.48760  15.54880     0.100      7495     32165
  15.48714  15.54828     0.100      7480     32128
  15.48668  15.54777     0.100      7490     32172
  15.48622  15.54727     0.100      7483     32144
  15.48576  15.54680     0.100      7495     32197
  15.48530  15.54635     0.100      7488     32169
  15.48484  15.54590     0.100      7488     32183
  15.48438  15.54545     0.100      7497     32226
  15.48392  15.54502     0.100      7482     32193
  15.48346  15.54461     0.100      7487     32207
  15.48300  15.54423     0.100      7489     32229
  15.48254  15.54385     0.100      7479     32191
  15.48208  15.54346     0.100      7495     32247
  15.48162  15.54306     0.100      7486     32229
  15.48116  15.54266     0.100      7491     32239
  15.48070  15.54225     0.100      7490     32239
  15.48024  15.54183     0.100      7498     32280
  15.47978  15.54139     0.100      7494     32289
  15.47932  15.54089     0.100      7485     32259
  15.47886  15.54037     0.100      7495     32295
  15.47840  15.53986     0.100      7490     32276
  15.47794  15.53937     0.100      7495     32328
  15.47748  15.53888     0.100      7501     32354
  15.47702  15.53837     0.100      7488     32282
  15.47656  15.53786     0.100      7494     32330
  15.47610  15.53736     0.100      7487     32299
  15.47564  15.53689     0.100      7486     32309
  15.47518  15.53643     0.100      7488     32321
  15.47472  15.53598     0.100      7488     32303
  15.47426  15.53553     0.100      7498     32381
  15.47380  15.53508     0.100      7483     32339
  15.47334  15.53467     0.100      7496     32389
  15.47288  15.53429     0.100      7492     32367
  15.47242  15.53392     0.100      7482     32337
  15.47196  15.53354     0.100      7495     32406
  15.47150  15.53314     0.100      7476     32319
  15.47104  15.53273     0.100      7496     32413
  15.47058  15.53233     0.100      7485     32380
  15.47012  15.53192     0.100      7488     32383
  15.46966  15.53148     0.100      7496     32395
  15.46920  15.53100     0.100      7480     32350
  15.46874  15.53048     0.100      7493     32416
  15.46828  15.52997     0.100      7482     32367
  15.46782  15.52948     0.100      7491     32420
  15.46736  15.52900     0.100      7484     32395
  15.46690  15.52850     0.100      7476     32363
  15.46644  15.52798     0.100      7491     32431
  15.46598  15.52748     0.100      7479     32399
  15.46552  15.52700     0.100      7486     32434
  15.46506  15.52654     0.100      7491     32411
  15.46460  15.52609     0.100      7490     32447
  15.46414  15.52563     0.100      7489     32456
  15.46368  15.52518     0.100      7476     32406
  15.46322  15.52477     0.100      7483     32429
  15.46276  15.52438     0.100      7492     32480
  15.46230  15.52400     0.100      7486     32450
  15.46184  15.52363     0.100      7496     32497
  15.46138  15.52323     0.100      7487     32488
  15.46092  15.52283     0.100      7490     32486
  15.46046  15.52242     0.100      7489     32489
  15.46000  15.52202     0.100      7477     32452
  15.45954  15.52159     0.100      7491     32507
  15.45908  15.52112     0.100      7474     32463
  15.45862  15.52061     0.100      7491     32513
  15.45816  15.52009     0.100      7483     32499
  15.45770  15.51960     0.100      7484     32490
  15.45724  15.51912     0.100      7483     32510
  15.45678  15.51862     0.100      7474     32490
  15.45632  15.51811     0.100      7486     32525
  15.45586  15.51759     0.100      7486     32521
  15.45540  15.51710     0.100      7489     32520
  15.45494  15.51664     0.100      7480     32519
  15.45448  15.51618     0.100      7477     32506
  15.45402  15.51573     0.100      7489     32552
  15.45356  15.51529     0.100      7474     32515
  15.45310  15.51486     0.100      7486     32567
  15.45264  15.51446     0.100      7481     32549
  15.45218  15.51409     0.100      7481     32552
  15.45172  15.51371     0.100      7492     32599
  15.45126  15.51332     0.100      7485     32578
  15.45080  15.51291     0.100      7488     32598
  15.45034  15.51250     0.100      7482     32567
  15.44988  15.51209     0.100      7476     32552
  15.44942  15.51167     0.100      7486     32627
  15.44896  15.51120     0.100      7490     32621
  15.44850  15.51070     0.100      7486     32606
  15.44804  15.51018     0.100      7483     32599
  15.44758  15.50969     0.100      7481     32595
  15.44712  15.50920     0.100      7479     32600
  15.44666  15.50871     0.100      7477     32601
  15.44620  15.50819     0.100      7484     32633
  15.44574  15.50768     0.100      7484     32643
  15.44528  15.50719     0.100      7477     32603
  15.44482  15.50672     0.100      7486     32663
  15.44436  15.50627     0.100      7484     32641
  15.44390  15.50582     0.100      7487     32658
  15.44344  15.50537     0.100      7477     32631
  15.44298  15.50494     0.100      7486     32665
  15.44252  15.50454     0.100      7488     32673
  15.44206  15.50417     0.100      7484     32668
  15.44160  15.50379     0.100      7483     32665
  15.44114  15.50341     0.100      7475     32652
  15.44068  15.50300     0.100      7488     32688
  15.44022  15.50259     0.100      7478     32692
  15.43976  15.50219     0.100      7484     32703
  15.43930  15.50177     0.100      7474     32679
  15.43884  15.50132     0.100      7479     32684
  15.43838  15.50083     0.100      7481     32708
  15.43792  15.50031     0.100      7477     32683
  15.43746  15.49981     0.100      7489     32743
  15.43700  15.49932     0.100      7482     32710
  15.43654  15.49883     0.100      7476     32718
  15.43608  15.49832     0.100      7475     32713
  15.43562  15.49780     0.100      7476     32703
  15.43516  15.49730     0.100      7487     32750
  15.43470  15.49683     0.100      7470     32694
  15.43424  15.49638     0.100      7482     32745
  15.43378  15.49593     0.100      7481     32749
  15.43332  15.49548     0.100      7480     32739
  15.43286  15.49504     0.100      7485     32762
  15.43240  15.49463     0.100      7475     32731
  15.43194  15.49425     0.100      7476     32756
  15.43148  15.49388     0.100      7479     32750
  15.43102  15.49350     0.100      7474     32749
  15.43056  15.49310     0.100      7480     32775
  15.43010  15.49269     0.100      7480     32763
  15.42964  15.49228     0.100      7480     32780
  15.42918  15.49187     0.100      7483     32792
  15.42872  15.49143     0.100      7478     32756
  15.42826  15.49094     0.100      7491     32844
  15.42780  15.49042     0.100      7477     32781
  15.42734  15.48991     0.100      7481     32792
  15.42688  15.48942     0.100      7475     32795
  15.42642  15.48894     0.100      7472     32759
  15.42596  15.48843     0.100      7485     32817
  15.42550  15.48791     0.100      7472     32783
  15.42504  15.48742     0.100      7479     32823
  15.42458  15.48694     0.100      7483     32832
  15.42412  15.48648     0.100      7480     32820
  15.42366  15.48602     0.100      7484     32834
  15.42320  15.48557     0.100      7469     32800
  15.42274  15.48513     0.100      7489     32861
  15.42228  15.48471     0.100      7479     32818
  15.42182  15.48433     0.100      7474     32835
  15.42136  15.48395     0.100      7488     32882
  15.42090  15.48357     0.100      7465     32808
  15.42044  15.48317     0.100      7485     32875
  15.41998  15.48276     0.100      7481     32838
  15.41952  15.48236     0.100      7477     32857
  15.41906  15.48195     0.100      7485     32878
  15.41860  15.48151     0.100      7478     32835
  15.41814  15.48103     0.100      7483     32868
  15.41768  15.48052     0.100      7478     32848
  15.41722  15.48001     0.100      7475     32853
  15.41676  15.47951     0.100      7488     32904
  15.41630  15.47903     0.100      7470     32852
  15.41584  15.47853     0.100      7481     32909
  15.41538  15.47802     0.100      7473     32868
  15.41492  15.47751     0.100      7479     32874
  15.41446  15.47703     0.100      7483     32899
  15.41400  15.47657     0.100      7472     32850
  15.41354  15.47612     0.100      7483     32922
  15.41308  15.47567     0.100      7474     32872
  15.41262  15.47522     0.100      7470     32875
  15.41216  15.47480     0.100      7475     32910
  15.41170  15.47441     0.100      7470     32885
  15.41124  15.47404     0.100      7478     32906
  15.41078  15.47366     0.100      7471     32898
  15.41032  15.47327     0.100      7481     32921
  15.40986  15.47286     0.100      7469     32897
  15.40940  15.47246     0.100      7474     32920
  15.40894  15.47205     0.100      7483     32955
  15.40848  15.47163     0.100      7474     32919
  15.40802  15.47116     0.100      7479     32930
  15.40756  15.47065     0.100      7468     32902
  15.40710  15.47013     0.100      7480     32952
  15.40664  15.46964     0.100      7465     32912
  15.40618  15.46915     0.100      7476     32946
  15.40572  15.46866     0.100      7476     32950
  15.40526  15.46814     0.100      7470     32935
  15.40480  15.46763     0.100      7486     32984
  15.40434  15.46714     0.100      7464     32927
  15.40388  15.46668     0.100      7481     32981
  15.40342  15.46622     0.100      7477     32972
  15.40296  15.46577     0.100      7473     32977
  15.40250  15.46533     0.100      7477     32996
  15.40204  15.46490     0.100      7474     32974
  15.40158  15.46450     0.100      7482     33015
  15.40112  15.46413     0.100      7477     33013
  15.40066  15.46376     0.100      7474     33003
  15.40020  15.46336     0.100      7472     32994
  15.39974  15.46296     0.100      7467     32993
  15.39928  15.46255     0.100      7473     33001
  15.39882  15.46215     0.100      7479     33039
  15.39836  15.46173     0.100      7483     33071
  15.39790  15.46127     0.100      7472     33035
  15.39744  15.46077     0.100      7476     33047
  15.39698  15.46025     0.100      7480     33079
  15.39652  15.45975     0.100      7473     33033
  15.39606  15.45926     0.100      7475     33029
  15.39560  15.45876     0.100      7472     33054
  15.39514  15.45825     0.100      7476     33064
  15.39468  15.45773     0.100      7476     33056
  15.39422  15.45723     0.100      7475     33069
  15.39376  15.45676     0.100      7468     33075
  15.39330  15.45631     0.100      7474     33096
  15.39284  15.45586     0.100      7473     33100
  15.39238  15.45541     0.100      7480     33132
  15.39192  15.45498     0.100      7472     33095
  15.39146  15.45458     0.100      7471     33096
  15.39100  15.45419     0.100      7472     33108
  15.39054  15.45382     0.100      7467     33102
  15.39008  15.45343     0.100      7468     33110
  15.38962  15.45303     0.100      7476     33121
  15.38916  15.45262     0.100      7472     33140
  15.38870  15.45222     0.100      7478     33169
  15.38824  15.45181     0.100      7478     33170
  15.38778  15.45136     0.100      7474     33182
  15.38732  15.45086     0.100      7476     33182
  15.38686  15.45034     0.100      7479     33172
  15.38640  15.44983     0.100      7479     33179
  15.38594  15.44935     0.100      7468     33181
  15.38548  15.44886     0.100      7471     33168
  15.38502  15.44836     0.100      7468     33170
  15.38456  15.44784     0.100      7466     33174
  15.38410  15.44735     0.100      7464     33187
  15.38364  15.44688     0.100      7463     33174
  15.38318  15.44642     0.100      7473     33210
  15.38272  15.44597     0.100      7465     33189
  15.38226  15.44552     0.100      7470     33194
  15.38180  15.44508     0.100      7465     33209
  15.38134  15.44467     0.100      7457     33190
  15.38088  15.44428     0.100      7470     33250
  15.38042  15.44391     0.100      7463     33220
  15.37996  15.44353     0.100      7468     33246
  15.37950  15.44314     0.100      7473     33261
  15.37904  15.44273     0.100      7465     33255
  15.37858  15.44233     0.100      7472     33292
  15.37812  15.44192     0.100      7464     33262
  15.37766  15.44148     0.100      7468     33289
  15.37720  15.44099     0.100      7463     33261
  15.37674  15.44048     0.100      7460     33268
  15.37628  15.43997     0.100      7475     33336
  15.37582  15.43947     0.100      7458     33276
  15.37536  15.43899     0.100      7473     33333
  15.37490  15.43849     0.100      7455     33272
  15.37444  15.43797     0.100      7463     33312
  15.37398  15.43747     0.100      7467     33327
  15.37352  15.43699     0.100      7456     33299
  15.37306  15.43653     0.100      7462     33328
  15.37260  15.43608     0.100      7447     33249
  15.37214  15.43563     0.100      7455     33283
  15.37168  15.43518     0.100      7456     33304
  15.37122  15.43476     0.100      7453     33301
  15.37076  15.43438     0.100      7462     33361
  15.37030  15.43401     0.100      7462     33334
  15.36984  15.43363     0.100      7462     33365
  15.36938  15.43324     0.100      7459     33346
  15.36892  15.43283     0.100      7461     33385
  15.36846  15.43243     0.100      7467     33387
  15.36800  15.43202     0.100      7457     33372
  15.36754  15.43159     0.100      7467     33407
  15.36708  15.43111     0.100      7460     33368
  15.36662  15.43060     0.100      7463     33412
  15.36616  15.43008     0.100      7464     33400
  15.36570  15.42959     0.100      7449     33343
  15.36524  15.42910     0.100      7461     33408
  15.36478  15.42860     0.100      7447     33381
  15.36432  15.42808     0.100      7448     33383
  15.36386  15.42757     0.100      7452     33394
  15.36340  15.42709     0.100      7449     33381
  15.36294  15.42662     0.100      7455     33421
  15.36248  15.42617     0.100      7447     33384
  15.36202  15.42572     0.100      7449     33394
  15.36156  15.42528     0.100      7452     33402
  15.36110  15.42485     0.100      7450     33415
  15.36064  15.42446     0.100      7460     33450
  15.36018  15.42409     0.100      7453     33432
  15.35972  15.42371     0.100      7468     33490
  15.35926  15.42332     0.100      7455     33460
  15.35880  15.42292     0.100      7451     33453
  15.35834  15.42251     0.100      7463     33488
  15.35788  15.42211     0.100      7454     33459
  15.35742  15.42169     0.100      7466     33532
  15.35696  15.42123     0.100      7453     33483
  15.35650  15.42072     0.100      7466     33520
  15.35604  15.42021     0.100      7459     33485
  15.35558  15.41971     0.100      7454     33511
  15.35512  15.41923     0.100      7463     33535
  15.35466  15.41873     0.100      7450     33470
  15.35420  15.41822     0.100      7463     33540
  15.35374  15.41770     0.100      7462     33541
  15.35328  15.41721     0.100      7454     33527
  15.35282  15.41675     0.100      7460     33540
  15.35236  15.41630     0.100      7454     33526
  15.35190  15.41585     0.100      7465     33550
  15.35144  15.41540     0.100      7457     33535
  15.35098  15.41497     0.100      7450     33547
  15.35052  15.41457     0.100      7452     33544
  15.35006  15.41419     0.100      7460     33557
  15.34960  15.41382     0.100      7454     33556
  15.34914  15.41343     0.100      7450     33547
  15.34868  15.41303     0.100      7447     33523
  15.34822  15.41262     0.100      7456     33555
  15.34776  15.41222     0.100      7452     33566
  15.34730  15.41181     0.100      7453     33568
  15.34684  15.41136     0.100      7459     33591
  15.34638  15.41086     0.100      7456     33581
  15.34592  15.41034     0.100      7459     33604
  15.34546  15.40984     0.100      7463     33626
  15.34500  15.40935     0.100      7461     33605
  15.34454  15.40886     0.100      7459     33614
  15.34408  15.40835     0.100      7461     33613
  15.34362  15.40783     0.100      7455     33611
  15.34316  15.40733     0.100      7453     33611
  15.34270  15.40687     0.100      7450     33603
  15.34224  15.40641     0.100      7448     33578
  15.34178  15.40596     0.100      7454     33629
  15.34132  15.40551     0.100      7454     33626
  15.34086  15.40508     0.100      7453     33644
  15.34040  15.40467     0.100      7470     33684
  15.33994  15.40428     0.100      7455     33643
  15.33948  15.40391     0.100      7453     33644
  15.33902  15.40352     0.100      7455     33649
  15.33856  15.40312     0.100      7459     33680
  15.33810  15.40272     0.100      7456     33665
  15.33764  15.40231     0.100      7452     33652
  15.33718  15.40190     0.100      7451     33665
  15.33672  15.40146     0.100      7447     33662
  15.33626  15.40097     0.100      7453     33682
  15.33580  15.40045     0.100      7452     33679
  15.33534  15.39994     0.100      7450     33665
  15.33488  15.39944     0.100      7449     33672
  15.33442  15.39896     0.100      7441     33665
  15.33396  15.39846     0.100      7456     33696
  15.33350  15.39794     0.100      7449     33699
  15.33304  15.39744     0.100      7454     33705
  15.33258  15.39697     0.100      7453     33703
  15.33212  15.39651     0.100      7451     33706
  15.33166  15.39606     0.100      7448     33699
  15.33120  15.39561     0.100      7445     33710
  15.33074  15.39517     0.100      7449     33698
  15.33028  15.39475     0.100      7452     33751
  15.32982  15.39436     0.100      7448     33708
  15.32936  15.39399     0.100      7457     33762
  15.32890  15.39361     0.100      7446     33732
  15.32844  15.39322     0.100      7449     33715
  15.32798  15.39282     0.100      7459     33767
  15.32752  15.39241     0.100      7440     33703
  15.32706  15.39201     0.100      7452     33764
  15.32660  15.39158     0.100      7442     33725
  15.32614  15.39110     0.100      7450     33768
  15.32568  15.39059     0.100      7452     33781
  15.32522  15.39007     0.100      7445     33745
  15.32476  15.38958     0.100      7457     33789
  15.32430  15.38910     0.100      7444     33754
  15.32384  15.38860     0.100      7453     33792
  15.32338  15.38809     0.100      7445     33776
  15.32292  15.38758     0.100      7442     33772
  15.32246  15.38710     0.100      7455     33837
  15.32200  15.38664     0.100      7442     33793
  15.32154  15.38618     0.100      7453     33816
  15.32108  15.38573     0.100      7442     33789
  15.32062  15.38528     0.100      7446     33817
  15.32016  15.38486     0.100      7455     33845
  15.31970  15.38447     0.100      7438     33798
  15.31924  15.38410     0.100      7452     33848
  15.31878  15.38372     0.100      7449     33828
  15.31832  15.38333     0.100      7442     33817
  15.31786  15.38293     0.100      7449     33857
  15.31740  15.38253     0.100      7436     33815
  15.31694  15.38212     0.100      7444     33834
  15.31648  15.38170     0.100      7439     33822
  15.31602  15.38123     0.100      7438     33821
  15.31556  15.38072     0.100      7448     33880
  15.31510  15.38020     0.100      7430     33803
  15.31464  15.37971     0.100      7444     33869
  15.31418  15.37922     0.100      7440     33831
  15.31372  15.37873     0.100      7439     33842
  15.31326  15.37822     0.100      7443     33879
  15.31280  15.37770     0.100      7435     33857
  15.31234  15.37721     0.100      7447     33896
  15.31188  15.37675     0.100      7439     33874
  15.31142  15.37629     0.100      7441     33869
  15.31096  15.37584     0.100      7441     33890
  15.31050  15.37540     0.100      7434     33869
  15.31004  15.37497     0.100      7445     33906
  15.30958  15.37457     0.100      7436     33888
  15.30912  15.37419     0.100      7435     33886
  15.30866  15.37381     0.100      7435     33900
  15.30820  15.37342     0.100      7435     33889
  15.30774  15.37302     0.100      7434     33897
  15.30728  15.37261     0.100      7441     33918
  15.30682  15.37220     0.100      7442     33937
  15.30636  15.37179     0.100      7437     33928
  15.30590  15.37133     0.100      7435     33925
  15.30544  15.37084     0.100      7432     33908
  15.30498  15.37032     0.100      7436     33926
  15.30452  15.36982     0.100      7434     33920
  15.30406  15.36933     0.100      7436     33948
  15.30360  15.36884     0.100      7432     33944
  15.30314  15.36833     0.100      7433     33953
  15.30268  15.36781     0.100      7434     33947
  15.30222  15.36732     0.100      7432     33954
  15.30176  15.36685     0.100      7439     33962
  15.30130  15.36639     0.100      7427     33941
  15.30084  15.36595     0.100      7427     33962
  15.30038  15.36550     0.100      7431     33976
  15.29992  15.36507     0.100      7430     33970
  15.29946  15.36466     0.100      7432     33970
  15.29900  15.36428     0.100      7426     33976
  15.29854  15.36390     0.100      7425     33965
  15.29808  15.36352     0.100      7427     33970
  15.29762  15.36312     0.100      7432     34015
  15.29716  15.36272     0.100      7425     33983
  15.29670  15.36232     0.100      7437     34041
  15.29624  15.36191     0.100      7430     34006
  15.29578  15.36147     0.100      7434     34040
  15.29532  15.36099     0.100      7433     34030
  15.29486  15.36047     0.100      7429     34020
  15.29440  15.35996     0.100      7428     34025
  15.29394  15.35946     0.100      7424     34011
  15.29348  15.35898     0.100      7425     34021
  15.29302  15.35848     0.100      7420     34018
  15.29256  15.35796     0.100      7429     34047
  15.29210  15.35746     0.100      7430     34054
  15.29164  15.35698     0.100      7428     34039
  15.29118  15.35653     0.100      7425     34061
  15.29072  15.35608     0.100      7425     34052
  15.29026  15.35563     0.100      7429     34062
  15.28980  15.35519     0.100      7425     34047
  15.28934  15.35477     0.100      7428     34055
  15.28888  15.35438     0.100      7426     34058
  15.28842  15.35401     0.100      7420     34050
  15.28796  15.35363     0.100      7422     34056
  15.28750  15.35324     0.100      7419     34054
  15.28704  15.35284     0.100      7419     34061
  15.28658  15.35243     0.100      7421     34081
  15.28612  15.35203     0.100      7423     34090
  15.28566  15.35160     0.100      7423     34074
  15.28520  15.35112     0.100      7425     34103
  15.28474  15.35062     0.100      7424     34101
  15.28428  15.35010     0.100      7422     34116
  15.28382  15.34960     0.100      7426     34110
  15.28336  15.34912     0.100      7422     34140
  15.28290  15.34862     0.100      7421     34101
  15.28244  15.34810     0.100      7415     34087
  15.28198  15.34759     0.100      7418     34114
  15.28152  15.34711     0.100      7409     34088
  15.28106  15.34664     0.100      7417     34126
  15.28060  15.34619     0.100      7415     34116
  15.28014  15.34574     0.100      7416     34112
  15.27968  15.34529     0.100      7432     34181
  15.27922  15.34487     0.100      7413     34123
  15.27876  15.34447     0.100      7423     34168
  15.27830  15.34410     0.100      7420     34132
  15.27784  15.34372     0.100      7414     34135
  15.27738  15.34333     0.100      7417     34137
  15.27692  15.34293     0.100      7413     34148
  15.27646  15.34253     0.100      7418     34170
  15.27600  15.34212     0.100      7413     34152
  15.27554  15.34170     0.100      7418     34174
  15.27508  15.34124     0.100      7415     34190
  15.27462  15.34074     0.100      7406     34134
  15.27416  15.34022     0.100      7409     34147
  15.27370  15.33972     0.100      7404     34130
  15.27324  15.33924     0.100      7410     34156
  15.27278  15.33875     0.100      7401     34131
  15.27232  15.33824     0.100      7401     34125
  15.27186  15.33772     0.100      7411     34176
  15.27140  15.33723     0.100      7410     34176
  15.27094  15.33677     0.100      7413     34216
  15.27048  15.33632     0.100      7416     34216
  15.27002  15.33587     0.100      7408     34206
  15.26956  15.33542     0.100      7425     34259
  15.26910  15.33499     0.100      7413     34209
  15.26864  15.33459     0.100      7414     34234
  15.26818  15.33422     0.100      7409     34221
  15.26772  15.33384     0.100      7408     34180
  15.26726  15.33346     0.100      7407     34228
  15.26680  15.33306     0.100      7407     34204
  15.26634  15.33265     0.100      7412     34256
  15.26588  15.33225     0.100      7412     34263
  15.26542  15.33183     0.100      7408     34243
  15.26496  15.33139     0.100      7421     34310
  15.26450  15.33089     0.100      7410     34240
  15.26404  15.33038     0.100      7423     34299
  15.26358  15.32987     0.100      7417     34283
  15.26312  15.32938     0.100      7418     34280
  15.26266  15.32890     0.100      7422     34314
  15.26220  15.32839     0.100      7408     34259
  15.26174  15.32787     0.100      7419     34325
  15.26128  15.32737     0.100      7412     34281
  15.26082  15.32690     0.100      7413     34312
  15.26036  15.32645     0.100      7417     34315
  15.25990  15.32600     0.100      7411     34303
  15.25944  15.32555     0.100      7422     34354
  15.25898  15.32512     0.100      7413     34312
  15.25852  15.32471     0.100      7415     34332
  15.25806  15.32433     0.100      7414     34340
  15.25760  15.32396     0.100      7409     34333
  15.25714  15.32358     0.100      7423     34394
  15.25668  15.32318     0.100      7418     34364
  15.25622  15.32277     0.100      7419     34369
  15.25576  15.32236     0.100      7408     34342
  15.25530  15.32196     0.100      7401     34300
  15.25484  15.32152     0.100      7401     34333
  15.25438  15.32104     0.100      7398     34299
  15.25392  15.32053     0.100      7396     34316
  15.25346  15.32001     0.100      7397     34328
  15.25300  15.31952     0.100      7401     34345
  15.25254  15.31903     0.100      7409     34400
  15.25208  15.31852     0.100      7408     34382
  15.25162  15.31801     0.100      7408     34389
  15.25116  15.31750     0.100      7404     34382
  15.25070  15.31702     0.100      7402     34385
  15.25024  15.31656     0.100      7410     34434
  15.24978  15.31612     0.100      7406     34395
  15.24932  15.31567     0.100      7410     34445
  15.24886  15.31523     0.100      7406     34409
  15.24840  15.31481     0.100      7403     34422
  15.24794  15.31442     0.100      7402     34429
  15.24748  15.31405     0.100      7408     34440
  15.24702  15.31367     0.100      7407     34452
  15.24656  15.31328     0.100      7401     34439
  15.24610  15.31287     0.100      7404     34447
  15.24564  15.31247     0.100      7403     34453
  15.24518  15.31207     0.100      7400     34439
  15.24472  15.31164     0.100      7400     34467
  15.24426  15.31117     0.100      7399     34460
  15.24380  15.31067     0.100      7405     34486
  15.24334  15.31015     0.100      7408     34478
  15.24288  15.30965     0.100      7403     34480
  15.24242  15.30916     0.100      7403     34482
  15.24196  15.30867     0.100      7404     34482
  15.24150  15.30816     0.100      7401     34494
  15.24104  15.30765     0.100      7398     34484
  15.24058  15.30717     0.100      7396     34491
  15.24012  15.30671     0.100      7396     34490
  15.23966  15.30625     0.100      7401     34522
  15.23920  15.30581     0.100      7401     34531
  15.23874  15.30536     0.100      7396     34496
  15.23828  15.30493     0.100      7399     34522
  15.23782  15.30454     0.100      7406     34555
  15.23736  15.30416     0.100      7399     34519
  15.23690  15.30379     0.100      7397     34540
  15.23644  15.30340     0.100      7398     34532
  15.23598  15.30300     0.100      7399     34528
  15.23552  15.30260     0.100      7398     34550
  15.23506  15.30219     0.100      7397     34545
  15.23460  15.30178     0.100      7398     34548
  15.23414  15.30133     0.100      7393     34542
  15.23368  15.30083     0.100      7398     34550
  15.23322  15.30031     0.100      7395     34566
  15.23276  15.29981     0.100      7391     34549
  15.23230  15.29932     0.100      7398     34563
  15.23184  15.29883     0.100      7386     34538
  15.23138  15.29832     0.100      7395     34566
  15.23092  15.29781     0.100      7394     34569
  15.23046  15.29731     0.100      7387     34534
  15.23000  15.29684     0.100      7390     34554
  15.22954  15.29639     0.100      7382     34535
  15.22908  15.29594     0.100      7380     34559
  15.22862  15.29549     0.100      7380     34532
  15.22816  15.29506     0.100      7376     34549
  15.22770  15.29465     0.100      7383     34566
  15.22724  15.29427     0.100      7377     34557
  15.22678  15.29390     0.100      7391     34607
  15.22632  15.29352     0.100      7386     34586
  15.22586  15.29312     0.100      7389     34629
  15.22540  15.29271     0.100      7387     34617
  15.22494  15.29231     0.100      7385     34628
  15.22448  15.29190     0.100      7394     34642
  15.22402  15.29145     0.100      7386     34627
  15.22356  15.29096     0.100      7394     34651
  15.22310  15.29044     0.100      7386     34639
  15.22264  15.28994     0.100      7384     34638
  15.22218  15.28945     0.100      7390     34655
  15.22172  15.28896     0.100      7381     34630
  15.22126  15.28846     0.100      7390     34670
  15.22080  15.28794     0.100      7374     34627
  15.22034  15.28743     0.100      7381     34664
  15.21988  15.28696     0.100      7385     34677
  15.21942  15.28650     0.100      7377     34649
  15.21896  15.28606     0.100      7386     34708
  15.21850  15.28561     0.100      7379     34644
  15.21804  15.28517     0.100      7380     34690
  15.21758  15.28476     0.100      7384     34706
  15.21712  15.28437     0.100      7382     34680
  15.21666  15.28400     0.100      7382     34703
  15.21620  15.28362     0.100      7371     34657
  15.21574  15.28323     0.100      7377     34670
  15.21528  15.28283     0.100      7373     34672
  15.21482  15.28242     0.100      7364     34651
  15.21436  15.28202     0.100      7376     34706
  15.21390  15.28159     0.100      7371     34685
  15.21344  15.28112     0.100      7384     34743
  15.21298  15.28060     0.100      7375     34715
  15.21252  15.28009     0.100      7376     34738
  15.21206  15.27959     0.100      7376     34738
  15.21160  15.27911     0.100      7373     34720
  15.21114  15.27861     0.100      7377     34738
  15.21068  15.27810     0.100      7370     34700
  15.21022  15.27759     0.100      7361     34689
  15.20976  15.27710     0.100      7366     34706
  15.20930  15.27665     0.100      7364     34696
  15.20884  15.27620     0.100      7362     34717
  15.20838  15.27575     0.100      7366     34707
  15.20792  15.27531     0.100      7376     34780
  15.20746  15.27489     0.100      7378     34773
  15.20700  15.27449     0.100      7372     34774
  15.20654  15.27412     0.100      7392     34852
  15.20608  15.27374     0.100      7379     34823
  15.20562  15.27336     0.100      7388     34831
  15.20516  15.27295     0.100      7381     34834
  15.20470  15.27255     0.100      7378     34818
  15.20424  15.27215     0.100      7377     34825
  15.20378  15.27173     0.100      7375     34812
  15.20332  15.27127     0.100      7381     34863
  15.20286  15.27076     0.100      7384     34859
  15.20240  15.27024     0.100      7374     34829
  15.20194  15.26974     0.100      7383     34853
  15.20148  15.26925     0.100      7371     34830
  15.20102  15.26876     0.100      7378     34852
  15.20056  15.26825     0.100      7377     34849
  15.20010  15.26774     0.100      7373     34845
  15.19964  15.26725     0.100      7378     34877
  15.19918  15.26678     0.100      7371     34839
  15.19872  15.26633     0.100      7375     34866
  15.19826  15.26588     0.100      7370     34866
  15.19780  15.26544     0.100      7376     34878
  15.19734  15.26501     0.100      7371     34870
  15.19688  15.26460     0.100      7373     34864
  15.19642  15.26422     0.100      7374     34897
  15.19596  15.26385     0.100      7371     34880
  15.19550  15.26346     0.100      7379     34894
  15.19504  15.26307     0.100      7371     34896
  15.19458  15.26266     0.100      7368     34899
  15.19412  15.26225     0.100      7370     34901
  15.19366  15.26184     0.100      7370     34909
  15.19320  15.26139     0.100      7373     34921
  15.19274  15.26089     0.100      7369     34911
  15.19228  15.26038     0.100      7369     34892
  15.19182  15.25987     0.100      7371     34912
  15.19136  15.25938     0.100      7367     34916
  15.19090  15.25889     0.100      7374     34913
  15.19044  15.25839     0.100      7371     34934
  15.18998  15.25787     0.100      7366     34927
  15.18952  15.25738     0.100      7373     34941
  15.18906  15.25691     0.100      7373     34947
  15.18860  15.25645     0.100      7364     34932
  15.18814  15.25600     0.100      7365     34924
  15.18768  15.25555     0.100      7364     34934
  15.18722  15.25512     0.100      7362     34926
  15.18676  15.25471     0.100      7367     34950
  15.18630  15.25433     0.100      7362     34961
  15.18584  15.25396     0.100      7363     34950
  15.18538  15.25359     0.100      7363     34958
  15.18492  15.25319     0.100      7356     34961
  15.18446  15.25278     0.100      7364     34964
  15.18400  15.25238     0.100      7362     34967
  15.18354  15.25197     0.100      7363     34951
  15.18308  15.25154     0.100      7360     34959
  15.18262  15.25106     0.100      7359     34971
  15.18216  15.25055     0.100      7356     34976
  15.18170  15.25003     0.100      7365     34986
  15.18124  15.24955     0.100      7350     34963
  15.18078  15.24906     0.100      7357     34987
  15.18032  15.24856     0.100      7359     34987
  15.17986  15.24805     0.100      7359     34997
  15.17940  15.24754     0.100      7355     34978
  15.17894  15.24706     0.100      7358     34991
  15.17848  15.24660     0.100      7361     35004
  15.17802  15.24615     0.100      7356     34999
  15.17756  15.24570     0.100      7357     35003
  15.17710  15.24527     0.100      7357     34989
  15.17664  15.24485     0.100      7354     35007
  15.17618  15.24446     0.100      7354     35009
  15.17572  15.24408     0.100      7353     35010
  15.17526  15.24371     0.100      7354     35011
  15.17480  15.24332     0.100      7346     35007
  15.17434  15.24292     0.100      7353     35020
  15.17388  15.24251     0.100      7356     35041
  15.17342  15.24211     0.100      7353     35007
  15.17296  15.24169     0.100      7348     35022
  15.17250  15.24122     0.100      7349     35017
  15.17204  15.24071     0.100      7348     35022
  15.17158  15.24020     0.100      7349     35042
  15.17112  15.23971     0.100      7352     35041
  15.17066  15.23922     0.100      7348     35035
  15.17020  15.23872     0.100      7349     35034
  15.16974  15.23821     0.100      7344     35015
  15.16928  15.23769     0.100      7353     35056
  15.16882  15.23720     0.100      7341     35023
  15.16836  15.23674     0.100      7347     35038
  15.16790  15.23629     0.100      7336     35025
  15.16744  15.23584     0.100      7345     35033
  15.16698  15.23539     0.100      7346     35064
  15.16652  15.23496     0.100      7341     35032
  15.16606  15.23456     0.100      7345     35067
  15.16560  15.23419     0.100      7340     35064
  15.16514  15.23382     0.100      7342     35062
  15.16468  15.23343     0.100      7345     35063
  15.16422  15.23303     0.100      7338     35050
  15.16376  15.23262     0.100      7342     35069
  15.16330  15.23222     0.100      7332     35036
  15.16284  15.23181     0.100      7337     35070
  15.16238  15.23136     0.100      7338     35077
  15.16192  15.23086     0.100      7338     35069
  15.16146  15.23034     0.100      7342     35077
  15.16100  15.22983     0.100      7340     35068
  15.16054  15.22935     0.100      7338     35105
  15.16008  15.22886     0.100      7342     35078
  15.15962  15.22835     0.100      7336     35088
  15.15916  15.22784     0.100      7335     35095
  15.15870  15.22734     0.100      7331     35087
  15.15824  15.22688     0.100      7337     35096
  15.15778  15.22643     0.100      7333     35091
  15.15732  15.22598     0.100      7332     35078
  15.15686  15.22554     0.100      7331     35108
  15.15640  15.22511     0.100      7330     35090
  15.15594  15.22470     0.100      7330     35108
  15.15548  15.22431     0.100      7327     35107
  15.15502  15.22394     0.100      7328     35088
  15.15456  15.22356     0.100      7330     35123
  15.15410  15.22316     0.100      7332     35099
  15.15364  15.22276     0.100      7326     35116
  15.15318  15.22236     0.100      7324     35104
  15.15272  15.22195     0.100      7328     35112
  15.15226  15.22152     0.100      7328     35124
  15.15180  15.22104     0.100      7328     35114
  15.15134  15.22052     0.100      7327     35127
  15.15088  15.22001     0.100      7322     35116
  15.15042  15.21951     0.100      7325     35137
  15.14996  15.21903     0.100      7326     35146
  15.14950  15.21853     0.100      7321     35142
  15.14904  15.21802     0.100      7324     35167
  15.14858  15.21751     0.100      7322     35149
  15.14812  15.21704     0.100      7325     35173
  15.14766  15.21658     0.100      7324     35164
  15.14720  15.21613     0.100      7322     35161
  15.14674  15.21569     0.100      7318     35158
  15.14628  15.21524     0.100      7315     35147
  15.14582  15.21483     0.100      7317     35165
  15.14536  15.21444     0.100      7321     35179
  15.14490  15.21407     0.100      7317     35181
  15.14444  15.21370     0.100      7322     35181
  15.14398  15.21331     0.100      7317     35176
  15.14352  15.21290     0.100      7317     35181
  15.14306  15.21250     0.100      7323     35199
  15.14260  15.21209     0.100      7316     35198
  15.14214  15.21166     0.100      7320     35214
  15.14168  15.21119     0.100      7319     35219
  15.14122  15.21069     0.100      7318     35216
  15.14076  15.21017     0.100      7313     35211
  15.14030  15.20967     0.100      7318     35227
  15.13984  15.20919     0.100      7314     35202
  15.13938  15.20869     0.100      7316     35211
  15.13892  15.20818     0.100      7319     35227
  15.13846  15.20766     0.100      7315     35229
  15.13800  15.20717     0.100      7316     35237
  15.13754  15.20671     0.100      7316     35242
  15.13708  15.20626     0.100      7313     35245
  15.13662  15.20581     0.100      7318     35262
  15.13616  15.20537     0.100      7312     35241
  15.13570  15.20495     0.100      7309     35247
  15.13524  15.20455     0.100      7309     35238
  15.13478  15.20417     0.100      7311     35250
  15.13432  15.20380     0.100      7313     35265
  15.13386  15.20341     0.100      7312     35275
  15.13340  15.20301     0.100      7313     35293
  15.13294  15.20261     0.100      7308     35266
  15.13248  15.20221     0.100      7304     35276
  15.13202  15.20179     0.100      7309     35295
  15.13156  15.20134     0.100      7308     35283
  15.13110  15.20084     0.100      7305     35289
  15.13064  15.20033     0.100      7304     35280
  15.13018  15.19982     0.100      7305     35297
  15.12972  15.19933     0.100      7303     35292
  15.12926  15.19884     0.100      7304     35280
  15.12880  15.19834     0.100      7302     35270
  15.12834  15.19782     0.100      7298     35291
  15.12788  15.19733     0.100      7296     35286
  15.12742  15.19686     0.100      7299     35313
  15.12696  15.19641     0.100      7298     35312
  15.12650  15.19597     0.100      7294     35289
  15.12604  15.19552     0.100      7293     35286
  15.12558  15.19509     0.100      7289     35289
  15.12512  15.19468     0.100      7278     35227
  15.12466  15.19430     0.100      7231     35002
  15.12420  15.19393     0.100      7188     34782
  15.12374  15.19355     0.100      7168     34705
  15.12328  15.19315     0.100      7176     34754
  15.12282  15.19275     0.100      7182     34802
  15.12236  15.19235     0.100      7209     34934
  15.12190  15.19194     0.100      7253     35137
  15.12144  15.19150     0.100      7287     35318
  15.12098  15.19102     0.100      7304     35409
  15.12052  15.19051     0.100      7299     35398
  15.12006  15.18999     0.100      7306     35423
  15.11960  15.18950     0.100      7306     35417
  15.11914  15.18901     0.100      7297     35389
  15.11868  15.18851     0.100      7301     35442
  15.11822  15.18800     0.100      7300     35414
  15.11776  15.18750     0.100      7293     35414
  15.11730  15.18702     0.100      7291     35412
  15.11684  15.18656     0.100      7292     35410
  15.11638  15.18612     0.100      7291     35425
  15.11592  15.18567     0.100      7291     35407
  15.11546  15.18523     0.100      7296     35429
  15.11500  15.18482     0.100      7290     35414
  15.11454  15.18443     0.100      7290     35434
  15.11408  15.18405     0.100      7292     35432
  15.11362  15.18368     0.100      7290     35440
  15.11316  15.18328     0.100      7287     35436
  15.11270  15.18288     0.100      7288     35437
  15.11224  15.18248     0.100      7286     35430
  15.11178  15.18207     0.100      7286     35451
  15.11132  15.18165     0.100      7286     35415
  15.11086  15.18117     0.100      7277     35393
  15.11040  15.18066     0.100      7272     35377
  15.10994  15.18014     0.100      7271     35400
  15.10948  15.17964     0.100      7271     35406
  15.10902  15.17915     0.100      7273     35419
  15.10856  15.17866     0.100      7282     35454
  15.10810  15.17814     0.100      7280     35448
  15.10764  15.17763     0.100      7280     35467
  15.10718  15.17715     0.100      7283     35472
  15.10672  15.17669     0.100      7280     35463
  15.10626  15.17624     0.100      7287     35488
  15.10580  15.17579     0.100      7278     35473
  15.10534  15.17535     0.100      7278     35475
  15.10488  15.17492     0.100      7276     35474
  15.10442  15.17453     0.100      7275     35474
  15.10396  15.17416     0.100      7277     35483
  15.10350  15.17379     0.100      7269     35465
  15.10304  15.17340     0.100      7274     35484
  15.10258  15.17300     0.100      7266     35463
  15.10212  15.17259     0.100      7275     35475
  15.10166  15.17219     0.100      7273     35496
  15.10120  15.17177     0.100      7269     35476
  15.10074  15.17131     0.100      7275     35501
  15.10028  15.17081     0.100      7265     35465
  15.09982  15.17029     0.100      7265     35483
  15.09936  15.16978     0.100      7266     35481
  15.09890  15.16930     0.100      7258     35473
  15.09844  15.16881     0.100      7257     35461
  15.09798  15.16831     0.100      7244     35376
  15.09752  15.16779     0.100      7199     35170
  15.09706  15.16730     0.100      7147     34942
  15.09660  15.16683     0.100      7139     34894
  15.09614  15.16638     0.100      7144     34926
  15.09568  15.16593     0.100      7157     34986
  15.09522  15.16548     0.100      7187     35150
  15.09476  15.16505     0.100      7230     35361
  15.09430  15.16464     0.100      7259     35510
  15.09384  15.16427     0.100      7265     35556
  15.09338  15.16390     0.100      7266     35533
  15.09292  15.16352     0.100      7270     35567
  15.09246  15.16312     0.100      7264     35545
  15.09200  15.16271     0.100      7254     35516
  15.09154  15.16231     0.100      7253     35500
  15.09108  15.16190     0.100      7249     35491
  15.09062  15.16145     0.100      7248     35496
  15.09016  15.16096     0.100      7249     35513
  15.08970  15.16045     0.100      7250     35502
  15.08924  15.15994     0.100      7260     35548
  15.08878  15.15944     0.100      7257     35555
  15.08832  15.15896     0.100      7261     35580
  15.08786  15.15845     0.100      7259     35575
  15.08740  15.15794     0.100      7261     35581
  15.08694  15.15743     0.100      7259     35572
  15.08648  15.15695     0.100      7258     35572
  15.08602  15.15650     0.100      7256     35573
  15.08556  15.15605     0.100      7254     35570
  15.08510  15.15561     0.100      7253     35583
  15.08464  15.15517     0.100      7254     35578
  15.08418  15.15476     0.100      7255     35595
  15.08372  15.15437     0.100      7255     35592
  15.08326  15.15400     0.100      7248     35594
  15.08280  15.15362     0.100      7256     35595
  15.08234  15.15322     0.100      7250     35601
  15.08188  15.15281     0.100      7249     35601
  15.08142  15.15240     0.100      7248     35600
  15.08096  15.15199     0.100      7252     35606
  15.08050  15.15156     0.100      7247     35621
  15.08004  15.15108     0.100      7249     35605
  15.07958  15.15057     0.100      7246     35615
  15.07912  15.15005     0.100      7244     35618
  15.07866  15.14955     0.100      7244     35629
  15.07820  15.14906     0.100      7247     35615
  15.07774  15.14856     0.100      7241     35621
  15.07728  15.14804     0.100      7244     35628
  15.07682  15.14754     0.100      7248     35628
  15.07636  15.14706     0.100      7240     35631
  15.07590  15.14660     0.100      7243     35644
  15.07544  15.14616     0.100      7238     35624
  15.07498  15.14571     0.100      7240     35639
  15.07452  15.14527     0.100      7239     35640
  15.07406  15.14485     0.100      7236     35646
  15.07360  15.14446     0.100      7237     35645
  15.07314  15.14408     0.100      7235     35642
  15.07268  15.14370     0.100      7235     35640
  15.07222  15.14331     0.100      7235     35646
  15.07176  15.14291     0.100      7233     35653
  15.07130  15.14251     0.100      7233     35650
  15.07084  15.14210     0.100      7228     35639
  15.07038  15.14168     0.100      7235     35658
  15.06992  15.14121     0.100      7233     35656
  15.06946  15.14070     0.100      7231     35661
  15.06900  15.14018     0.100      7226     35670
  15.06854  15.13968     0.100      7228     35654
  15.06808  15.13919     0.100      7228     35671
  15.06762  15.13870     0.100      7230     35666
  15.06716  15.13818     0.100      7224     35664
  15.06670  15.13767     0.100      7224     35668
  15.06624  15.13718     0.100      7222     35671
  15.06578  15.13672     0.100      7224     35679
  15.06532  15.13627     0.100      7223     35678
  15.06486  15.13583     0.100      7224     35686
  15.06440  15.13538     0.100      7219     35655
  15.06394  15.13495     0.100      7206     35616
  15.06348  15.13455     0.100      7214     35642
  15.06302  15.13417     0.100      7210     35619
  15.06256  15.13380     0.100      7207     35639
  15.06210  15.13341     0.100      7207     35644
  15.06164  15.13301     0.100      7216     35672
  15.06118  15.13261     0.100      7216     35692
  15.06072  15.13220     0.100      7214     35673
  15.06026  15.13178     0.100      7214     35684
  15.05980  15.13132     0.100      7204     35657
  15.05934  15.13082     0.100      7195     35619
  15.05888  15.13030     0.100      7161     35412
  15.05842  15.12979     0.100      7102     35183
  15.05796  15.12930     0.100      7088     35104
  15.05750  15.12881     0.100      7091     35107
  15.05704  15.12830     0.100      7099     35139
  15.05658  15.12779     0.100      7126     35278
  15.05612  15.12729     0.100      7170     35517
  15.05566  15.12682     0.100      7214     35740
  15.05520  15.12636     0.100      7221     35757
  15.05474  15.12591     0.100      7219     35750
  15.05428  15.12547     0.100      7211     35753
  15.05382  15.12503     0.100      7210     35761
  15.05336  15.12462     0.100      7211     35765
  15.05290  15.12424     0.100      7211     35752
  15.05244  15.12387     0.100      7211     35770
  15.05198  15.12349     0.100      7209     35754
  15.05152  15.12308     0.100      7210     35770
  15.05106  15.12268     0.100      7209     35760
  15.05060  15.12227     0.100      7204     35762
  15.05014  15.12185     0.100      7209     35771
  15.04968  15.12140     0.100      7207     35761
  15.04922  15.12091     0.100      7198     35761
  15.04876  15.12038     0.100      7206     35766
  15.04830  15.11987     0.100      7202     35764
  15.04784  15.11938     0.100      7202     35772
  15.04738  15.11889     0.100      7199     35771
  15.04692  15.11839     0.100      7206     35773
  15.04646  15.11787     0.100      7202     35786
  15.04600  15.11737     0.100      7199     35782
  15.04554  15.11690     0.100      7202     35777
  15.04508  15.11644     0.100      7194     35769
  15.04462  15.11600     0.100      7192     35733
  15.04416  15.11555     0.100      7186     35723
  15.04370  15.11511     0.100      7184     35727
  15.04324  15.11470     0.100      7184     35737
  15.04278  15.11432     0.100      7183     35739
  15.04232  15.11395     0.100      7190     35771
  15.04186  15.11357     0.100      7196     35787
  15.04140  15.11317     0.100      7191     35796
  15.04094  15.11276     0.100      7193     35790
  15.04048  15.11235     0.100      7192     35803
  15.04002  15.11194     0.100      7191     35813
  15.03956  15.11150     0.100      7190     35789
  15.03910  15.11101     0.100      7189     35804
  15.03864  15.11050     0.100      7186     35799
  15.03818  15.10998     0.100      7186     35791
  15.03772  15.10949     0.100      7187     35796
  15.03726  15.10900     0.100      7188     35799
  15.03680  15.10849     0.100      7183     35798
  15.03634  15.10798     0.100      7184     35804
  15.03588  15.10747     0.100      7181     35795
  15.03542  15.10699     0.100      7185     35798
  15.03496  15.10653     0.100      7183     35799
  15.03450  15.10608     0.100      7177     35799
  15.03404  15.10564     0.100      7179     35789
  15.03358  15.10520     0.100      7177     35781
  15.03312  15.10478     0.100      7172     35780
  15.03266  15.10440     0.100      7167     35758
  15.03220  15.10402     0.100      7153     35702
  15.03174  15.10364     0.100      7117     35518
  15.03128  15.10325     0.100      7077     35306
  15.03082  15.10284     0.100      7055     35197
  15.03036  15.10243     0.100      7061     35238
  15.02990  15.10202     0.100      7074     35300
  15.02944  15.10159     0.100      7095     35416
  15.02898  15.10111     0.100      7136     35614
  15.02852  15.10060     0.100      7166     35795
  15.02806  15.10008     0.100      7178     35847
  15.02760  15.09958     0.100      7178     35852
  15.02714  15.09909     0.100      7175     35851
  15.02668  15.09858     0.100      7171     35853
  15.02622  15.09806     0.100      7176     35847
  15.02576  15.09755     0.100      7178     35859
  15.02530  15.09707     0.100      7172     35862
  15.02484  15.09661     0.100      7171     35855
  15.02438  15.09616     0.100      7167     35844
  15.02392  15.09571     0.100      7170     35858
  15.02346  15.09526     0.100      7168     35856
  15.02300  15.09484     0.100      7166     35862
  15.02254  15.09445     0.100      7166     35851
  15.02208  15.09408     0.100      7161     35853
  15.02162  15.09370     0.100      7164     35850
  15.02116  15.09331     0.100      7160     35844
  15.02070  15.09290     0.100      7162     35848
  15.02024  15.09250     0.100      7160     35854
  15.01978  15.09209     0.100      7162     35866
  15.01932  15.09167     0.100      7161     35864
  15.01886  15.09120     0.100      7156     35874
  15.01840  15.09068     0.100      7163     35872
  15.01794  15.09016     0.100      7158     35857
  15.01748  15.08966     0.100      7160     35867
  15.01702  15.08918     0.100      7156     35871
  15.01656  15.08868     0.100      7153     35866
  15.01610  15.08817     0.100      7152     35882
  15.01564  15.08766     0.100      7156     35877
  15.01518  15.08717     0.100      7157     35876
  15.01472  15.08671     0.100      7154     35881
  15.01426  15.08626     0.100      7152     35871
  15.01380  15.08581     0.100      7149     35880
  15.01334  15.08537     0.100      7151     35886
  15.01288  15.08494     0.100      7154     35884
  15.01242  15.08454     0.100      7155     35869
  15.01196  15.08417     0.100      7146     35885
  15.01150  15.08379     0.100      7146     35884
  15.01104  15.08341     0.100      7145     35889
  15.01058  15.08301     0.100      7149     35888
  15.01012  15.08260     0.100      7145     35886
  15.00966  15.08220     0.100      7147     35900
  15.00920  15.08178     0.100      7143     35901
  15.00874  15.08132     0.100      7145     35895
  15.00828  15.08082     0.100      7145     35908
  15.00782  15.08029     0.100      7139     35897
  15.00736  15.07979     0.100      7138     35892
  15.00690  15.07930     0.100      7132     35883
  15.00644  15.07881     0.100      7134     35892
  15.00598  15.07830     0.100      7135     35886
  15.00552  15.07779     0.100      7131     35883
  15.00506  15.07730     0.100      7134     35893
  15.00460  15.07683     0.100      7131     35905
  15.00414  15.07638     0.100      7130     35888
  15.00368  15.07593     0.100      7132     35903
  15.00322  15.07548     0.100      7128     35913
  15.00276  15.07505     0.100      7132     35915
  15.00230  15.07465     0.100      7134     35915
  15.00184  15.07427     0.100      7126     35924
  15.00138  15.07390     0.100      7128     35917
  15.00092  15.07351     0.100      7131     35927
  15.00046  15.07311     0.100      7126     35920
  15.00000  15.07271     0.100      7128     35920
  14.99954  15.07230     0.100      7124     35927
  14.99908  15.07189     0.100      7127     35937
  14.99862  15.07144     0.100      7123     35949
  14.99816  15.07095     0.100      7126     35946
  14.99770  15.07043     0.100      7126     35953
  14.99724  15.06992     0.100      7123     35953
  14.99678  15.06943     0.100      7118     35950
  14.99632  15.06894     0.100      7118     35951
  14.99586  15.06843     0.100      7120     35961
  14.99540  15.06791     0.100      7119     35966
  14.99494  15.06740     0.100      7121     35962
  14.99448  15.06693     0.100      7120     35956
  14.99402  15.06648     0.100      7119     35955
  14.99356  15.06603     0.100      7117     35954
  14.99310  15.06558     0.100      7115     35972
  14.99264  15.06515     0.100      7114     35978
  14.99218  15.06474     0.100      7115     35977
  14.99172  15.06436     0.100      7113     35977
  14.99126  15.06399     0.100      7114     35981
  14.99080  15.06361     0.100      7111     35979
  14.99034  15.06321     0.100      7109     35983
  14.98988  15.06281     0.100      7110     35986
  14.98942  15.06240     0.100      7103     35990
  14.98896  15.06200     0.100      7104     35981
  14.98850  15.06156     0.100      7105     35981
  14.98804  15.06108     0.100      7109     35995
  14.98758  15.06057     0.100      7101     35975
  14.98712  15.06006     0.100      7106     35988
  14.98666  15.05957     0.100      7101     35997
  14.98620  15.05908     0.100      7102     35986
  14.98574  15.05858     0.100      7100     35980
  14.98528  15.05806     0.100      7099     35983
  14.98482  15.05755     0.100      7099     35979
  14.98436  15.05707     0.100      7095     35991
  14.98390  15.05662     0.100      7101     36007
  14.98344  15.05617     0.100      7101     36003
  14.98298  15.05573     0.100      7097     36005
  14.98252  15.05529     0.100      7094     36017
  14.98206  15.05487     0.100      7095     36006
  14.98160  15.05448     0.100      7095     36006
  14.98114  15.05411     0.100      7098     36026
  14.98068  15.05373     0.100      7094     36014
  14.98022  15.05334     0.100      7091     36008
  14.97976  15.05294     0.100      7091     36022
  14.97930  15.05253     0.100      7093     36023
  14.97884  15.05213     0.100      7092     36023
  14.97838  15.05171     0.100      7090     36029
  14.97792  15.05125     0.100      7086     36018
  14.97746  15.05074     0.100      7089     36022
  14.97700  15.05022     0.100      7087     36015
  14.97654  15.04971     0.100      7084     36037
  14.97608  15.04923     0.100      7084     36012
  14.97562  15.04873     0.100      7084     36029
  14.97516  15.04822     0.100      7085     36030
  14.97470  15.04771     0.100      7078     36031
  14.97424  15.04722     0.100      7080     36033
  14.97378  15.04676     0.100      7082     36040
  14.97332  15.04632     0.100      7080     36035
  14.97286  15.04587     0.100      7083     36034
  14.97240  15.04542     0.100      7074     36042
  14.97194  15.04500     0.100      7078     36044
  14.97148  15.04459     0.100      7077     36023
  14.97102  15.04422     0.100      7077     36034
  14.97056  15.04385     0.100      7073     36033
  14.97010  15.04346     0.100      7067     36041
  14.96964  15.04306     0.100      7074     36033
  14.96918  15.04266     0.100      7072     36046
  14.96872  15.04226     0.100      7069     36037
  14.96826  15.04184     0.100      7072     36053
  14.96780  15.04138     0.100      7069     36043
  14.96734  15.04088     0.100      7072     36059
  14.96688  15.04036     0.100      7066     36050
  14.96642  15.03985     0.100      7066     36056
  14.96596  15.03937     0.100      7066     36038
  14.96550  15.03888     0.100      7068     36045
  14.96504  15.03837     0.100      7063     36044
  14.96458  15.03786     0.100      7055     36045
  14.96412  15.03736     0.100      7057     36046
  14.96366  15.03689     0.100      7059     36042
  14.96320  15.03644     0.100      7058     36046
  14.96274  15.03600     0.100      7062     36060
  14.96228  15.03555     0.100      7059     36047
  14.96182  15.03512     0.100      7060     36057
  14.96136  15.03471     0.100      7060     36077
  14.96090  15.03433     0.100      7055     36062
  14.96044  15.03396     0.100      7060     36063
  14.95998  15.03358     0.100      7052     36054
  14.95952  15.03319     0.100      7052     36073
  14.95906  15.03279     0.100      7052     36060
  14.95860  15.03238     0.100      7049     36068
  14.95814  15.03197     0.100      7048     36071
  14.95768  15.03153     0.100      7051     36071
  14.95722  15.03105     0.100      7055     36079
  14.95676  15.03054     0.100      7046     36058
  14.95630  15.03002     0.100      7049     36077
  14.95584  15.02953     0.100      7049     36072
  14.95538  15.02905     0.100      7047     36076
  14.95492  15.02856     0.100      7048     36077
  14.95446  15.02804     0.100      7044     36062
  14.95400  15.02754     0.100      7040     36069
  14.95354  15.02706     0.100      7044     36080
  14.95308  15.02660     0.100      7041     36072
  14.95262  15.02615     0.100      7039     36081
  14.95216  15.02571     0.100      7039     36058
  14.95170  15.02527     0.100      7034     36057
  14.95124  15.02485     0.100      7033     36043
  14.95078  15.02446     0.100      7029     36037
  14.95032  15.02409     0.100      7030     36042
  14.94986  15.02372     0.100      7028     36042
  14.94940  15.02333     0.100      7032     36058
  14.94894  15.02293     0.100      7033     36072
  14.94848  15.02252     0.100      7031     36070
  14.94802  15.02212     0.100      7034     36075
  14.94756  15.02170     0.100      7032     36076
  14.94710  15.02123     0.100      7027     36084
  14.94664  15.02073     0.100      7027     36078
  14.94618  15.02021     0.100      7028     36085
  14.94572  15.01970     0.100      7028     36091
  14.94526  15.01922     0.100      7024     36057
  14.94480  15.01872     0.100      7022     36075
  14.94434  15.01822     0.100      7024     36053
  14.94388  15.01771     0.100      7020     36067
  14.94342  15.01722     0.100      7018     36067
  14.94296  15.01676     0.100      7012     36033
  14.94250  15.01631     0.100      7013     36038
  14.94204  15.01587     0.100      7010     36033
  14.94158  15.01543     0.100      7012     36044
  14.94112  15.01500     0.100      7012     36051
  14.94066  15.01460     0.100      7016     36070
  14.94020  15.01422     0.100      7018     36076
  14.93974  15.01384     0.100      7013     36078
  14.93928  15.01346     0.100      7013     36089
  14.93882  15.01306     0.100      7012     36075
  14.93836  15.01265     0.100      7014     36080
  14.93790  15.01225     0.100      7008     36081
  14.93744  15.01184     0.100      7010     36083
  14.93698  15.01139     0.100      7007     36072
  14.93652  15.01089     0.100      7007     36072
  14.93606  15.01038     0.100      7009     36086
  14.93560  15.00987     0.100      7007     36066
  14.93514  15.00937     0.100      7001     36069
  14.93468  15.00889     0.100      7004     36065
  14.93422  15.00838     0.100      7000     36066
  14.93376  15.00787     0.100      7000     36075
  14.93330  15.00738     0.100      7000     36074
  14.93284  15.00691     0.100      6997     36068
  14.93238  15.00646     0.100      7001     36066
  14.93192  15.00602     0.100      6997     36071
  14.93146  15.00557     0.100      6993     36069
  14.93100  15.00514     0.100      6992     36059
  14.93054  15.00473     0.100      6992     36041
  14.93008  15.00435     0.100      6985     36028
  14.92962  15.00398     0.100      6984     36047
  14.92916  15.00360     0.100      6994     36038
  14.92870  15.00321     0.100      6986     36047
  14.92824  15.00281     0.100      6990     36072
  14.92778  15.00241     0.100      6994     36077
  14.92732  15.00200     0.100      6986     36073
  14.92686  15.00156     0.100      6991     36079
  14.92640  15.00109     0.100      6985     36063
  14.92594  15.00057     0.100      6984     36084
  14.92548  15.00006     0.100      6990     36084
  14.92502  14.99956     0.100      6983     36064
  14.92456  14.99908     0.100      6982     36072
  14.92410  14.99858     0.100      6981     36077
  14.92364  14.99807     0.100      6980     36067
  14.92318  14.99756     0.100      6980     36073
  14.92272  14.99709     0.100      6976     36078
  14.92226  14.99663     0.100      6976     36065
  14.92180  14.99618     0.100      6975     36047
  14.92134  14.99574     0.100      6969     36030
  14.92088  14.99530     0.100      6968     36019
  14.92042  14.99488     0.100      6965     36042
  14.91996  14.99449     0.100      6971     36051
  14.91950  14.99412     0.100      6967     36062
  14.91904  14.99375     0.100      6973     36073
  14.91858  14.99337     0.100      6966     36074
  14.91812  14.99297     0.100      6965     36068
  14.91766  14.99256     0.100      6970     36074
  14.91720  14.99215     0.100      6967     36084
  14.91674  14.99173     0.100      6968     36073
  14.91628  14.99127     0.100      6969     36089
  14.91582  14.99076     0.100      6963     36074
  14.91536  14.99025     0.100      6964     36099
  14.91490  14.98975     0.100      6960     36072
  14.91444  14.98926     0.100      6965     36093
  14.91398  14.98878     0.100      6961     36078
  14.91352  14.98827     0.100      6963     36091
  14.91306  14.98775     0.100      6957     36081
  14.91260  14.98726     0.100      6957     36077
  14.91214  14.98679     0.100      6957     36091
  14.91168  14.98634     0.100      6954     36088
  14.91122  14.98589     0.100      6954     36096
  14.91076  14.98544     0.100      6956     36084
  14.91030  14.98502     0.100      6955     36091
  14.90984  14.98462     0.100      6955     36096
  14.90938  14.98424     0.100      6948     36066
  14.90892  14.98387     0.100      6954     36098
  14.90846  14.98349     0.100      6946     36070
  14.90800  14.98309     0.100      6945     36066
  14.90754  14.98268     0.100      6951     36081
  14.90708  14.98228     0.100      6938     36056
  14.90662  14.98187     0.100      6938     36059
  14.90616  14.98142     0.100      6939     36065
  14.90570  14.98093     0.100      6940     36082
  14.90524  14.98042     0.100      6937     36066
  14.90478  14.97991     0.100      6937     36049
  14.90432  14.97942     0.100      6936     36071
  14.90386  14.97893     0.100      6927     36024
  14.90340  14.97843     0.100      6934     36054
  14.90294  14.97792     0.100      6927     36041
  14.90248  14.97742     0.100      6933     36037
  14.90202  14.97695     0.100      6931     36084
  14.90156  14.97650     0.100      6934     36079
  14.90110  14.97605     0.100      6936     36081
  14.90064  14.97561     0.100      6933     36084
  14.90018  14.97518     0.100      6927     36087
  14.89972  14.97477     0.100      6928     36090
  14.89926  14.97439     0.100      6928     36076
  14.89880  14.97402     0.100      6929     36092
  14.89834  14.97364     0.100      6927     36078
  14.89788  14.97325     0.100      6928     36090
  14.89742  14.97284     0.100      6926     36082
  14.89696  14.97244     0.100      6924     36084
  14.89650  14.97204     0.100      6922     36087
  14.89604  14.97161     0.100      6921     36079
  14.89558  14.97114     0.100      6921     36068
  14.89512  14.97062     0.100      6926     36090
  14.89466  14.97011     0.100      6918     36063
  14.89420  14.96961     0.100      6920     36094
  14.89374  14.96913     0.100      6916     36067
  14.89328  14.96863     0.100      6918     36075
  14.89282  14.96811     0.100      6918     36090
  14.89236  14.96761     0.100      6914     36072
  14.89190  14.96713     0.100      6917     36097
  14.89144  14.96667     0.100      6911     36065
  14.89098  14.96622     0.100      6912     36082
  14.89052  14.96578     0.100      6911     36064
  14.89006  14.96534     0.100      6906     36058
  14.88960  14.96492     0.100      6907     36086
  14.88914  14.96453     0.100      6910     36087
  14.88868  14.96415     0.100      6909     36099
  14.88822  14.96378     0.100      6906     36106
  14.88776  14.96340     0.100      6905     36102
  14.88730  14.96299     0.100      6909     36102
  14.88684  14.96259     0.100      6907     36088
  14.88638  14.96219     0.100      6900     36095
  14.88592  14.96177     0.100      6903     36107
  14.88546  14.96132     0.100      6902     36103
  14.88500  14.96081     0.100      6902     36103
  14.88454  14.96029     0.100      6901     36111
  14.88408  14.95978     0.100      6899     36096
  14.88362  14.95929     0.100      6896     36088
  14.88316  14.95880     0.100      6895     36098
  14.88270  14.95829     0.100      6898     36096
  14.88224  14.95778     0.100      6897     36090
  14.88178  14.95729     0.100      6894     36098
  14.88132  14.95682     0.100      6894     36107
  14.88086  14.95637     0.100      6888     36084
  14.88040  14.95592     0.100      6891     36098
  14.87994  14.95548     0.100      6889     36093
  14.87948  14.95506     0.100      6891     36100
  14.87902  14.95465     0.100      6890     36103
  14.87856  14.95427     0.100      6887     36090
  14.87810  14.95390     0.100      6885     36099
  14.87764  14.95353     0.100      6882     36075
  14.87718  14.95313     0.100      6881     36085
  14.87672  14.95273     0.100      6878     36089
  14.87626  14.95233     0.100      6879     36085
  14.87580  14.95192     0.100      6879     36103
  14.87534  14.95147     0.100      6876     36087
  14.87488  14.95099     0.100      6873     36083
  14.87442  14.95047     0.100      6864     36036
  14.87396  14.94996     0.100      6866     36049
  14.87350  14.94947     0.100      6860     36040
  14.87304  14.94899     0.100      6864     36052
  14.87258  14.94849     0.100      6858     36045
  14.87212  14.94798     0.100      6865     36071
  14.87166  14.94748     0.100      6871     36088
  14.87120  14.94700     0.100      6864     36084
  14.87074  14.94654     0.100      6870     36094
  14.87028  14.94610     0.100      6864     36085
  14.86982  14.94565     0.100      6860     36071
  14.86936  14.94522     0.100      6863     36083
  14.86890  14.94481     0.100      6855     36064
  14.86844  14.94442     0.100      6861     36079
  14.86798  14.94406     0.100      6855     36077
  14.86752  14.94368     0.100      6859     36079
  14.86706  14.94329     0.100      6859     36068
  14.86660  14.94289     0.100      6856     36074
  14.86614  14.94249     0.100      6856     36071
  14.86568  14.94208     0.100      6848     36052
  14.86522  14.94165     0.100      6851     36076
  14.86476  14.94119     0.100      6853     36086
  14.86430  14.94068     0.100      6849     36057
  14.86384  14.94016     0.100      6849     36077
  14.86338  14.93966     0.100      6848     36068
  14.86292  14.93918     0.100      6849     36083
  14.86246  14.93868     0.100      6848     36088
  14.86200  14.93817     0.100      6840     36046
  14.86154  14.93766     0.100      6845     36079
  14.86108  14.93717     0.100      6839     36067
  14.86062  14.93671     0.100      6846     36104
  14.86016  14.93627     0.100      6846     36075
  14.85970  14.93582     0.100      6842     36068
  14.85924  14.93539     0.100      6838     36091
  14.85878  14.93496     0.100      6837     36063
  14.85832  14.93457     0.100      6841     36090
  14.85786  14.93420     0.100      6832     36068
  14.85740  14.93382     0.100      6840     36081
  14.85694  14.93343     0.100      6835     36073
  14.85648  14.93303     0.100      6828     36068
  14.85602  14.93263     0.100      6831     36093
  14.85556  14.93222     0.100      6827     36064
  14.85510  14.93181     0.100      6827     36054
  14.85464  14.93135     0.100      6828     36088
  14.85418  14.93086     0.100      6825     36062
  14.85372  14.93033     0.100      6825     36077
  14.85326  14.92983     0.100      6822     36058
  14.85280  14.92934     0.100      6818     36073
  14.85234  14.92885     0.100      6823     36076
  14.85188  14.92833     0.100      6817     36049
  14.85142  14.92782     0.100      6823     36094
  14.85096  14.92733     0.100      6814     36072
  14.85050  14.92686     0.100      6815     36051
  14.85004  14.92642     0.100      6817     36068
  14.84958  14.92597     0.100      6812     36040
  14.84912  14.92553     0.100      6817     36079
  14.84866  14.92510     0.100      6808     36045
  14.84820  14.92469     0.100      6811     36060
  14.84774  14.92431     0.100      6813     36072
  14.84728  14.92394     0.100      6803     36031
  14.84682  14.92357     0.100      6814     36088
  14.84636  14.92317     0.100      6804     36034
  14.84590  14.92277     0.100      6803     36053
  14.84544  14.92237     0.100      6806     36068
  14.84498  14.92196     0.100      6802     36053
  14.84452  14.92153     0.100      6805     36069
  14.84406  14.92104     0.100      6791     36019
  14.84360  14.92053     0.100      6801     36054
  14.84314  14.92001     0.100      6793     36042
  14.84268  14.91951     0.100      6797     36040
  14.84222  14.91903     0.100      6798     36062
  14.84176  14.91853     0.100      6790     36031
  14.84130  14.91802     0.100      6798     36068
  14.84084  14.91752     0.100      6792     36023
  14.84038  14.91705     0.100      6789     36049
  14.83992  14.91659     0.100      6792     36049
  14.83946  14.91614     0.100      6788     36054
  14.83900  14.91570     0.100      6792     36049
  14.83854  14.91526     0.100      6792     36060
  14.83808  14.91484     0.100      6786     36050
  14.83762  14.91445     0.100      6785     36046
  14.83716  14.91408     0.100      6779     36040
  14.83670  14.91371     0.100      6782     36046
  14.83624  14.91333     0.100      6780     36034
  14.83578  14.91293     0.100      6780     36047
  14.83532  14.91252     0.100      6776     36030
  14.83486  14.91212     0.100      6784     36049
  14.83440  14.91169     0.100      6780     36048
  14.83394  14.91123     0.100      6770     35996
  14.83348  14.91072     0.100      6777     36055
  14.83302  14.91020     0.100      6778     36045
  14.83256  14.90970     0.100      6766     36025
  14.83210  14.90922     0.100      6769     36018
  14.83164  14.90873     0.100      6763     35997
  14.83118  14.90821     0.100      6761     36014
  14.83072  14.90770     0.100      6760     35984
  14.83026  14.90721     0.100      6763     36005
  14.82980  14.90675     0.100      6760     35990
  14.82934  14.90631     0.100      6767     36049
  14.82888  14.90586     0.100      6767     36049
  14.82842  14.90542     0.100      6761     36027
  14.82796  14.90499     0.100      6768     36052
  14.82750  14.90459     0.100      6763     36038
  14.82704  14.90421     0.100      6760     36057
  14.82658  14.90385     0.100      6759     36048
  14.82612  14.90346     0.100      6758     36041
  14.82566  14.90306     0.100      6756     36045
  14.82520  14.90265     0.100      6757     36033
  14.82474  14.90225     0.100      6752     36040
  14.82428  14.90183     0.100      6757     36038
  14.82382  14.90138     0.100      6750     36039
  14.82336  14.90088     0.100      6751     36048
  14.82290  14.90036     0.100      6753     36040
  14.82244  14.89986     0.100      6756     36043
  14.82198  14.89937     0.100      6747     36019
  14.82152  14.89888     0.100      6750     36057
  14.82106  14.89838     0.100      6745     36040
  14.82060  14.89786     0.100      6738     36019
  14.82014  14.89737     0.100      6741     36027
  14.81968  14.89690     0.100      6743     36033
  14.81922  14.89645     0.100      6740     36016
  14.81876  14.89601     0.100      6738     36030
  14.81830  14.89557     0.100      6737     36041
  14.81784  14.89513     0.100      6732     36012
  14.81738  14.89473     0.100      6735     36017
  14.81692  14.89435     0.100      6728     35990
  14.81646  14.89398     0.100      6734     36028
  14.81600  14.89360     0.100      6729     36024
  14.81554  14.89320     0.100      6732     36024
  14.81508  14.89280     0.100      6730     36002
  14.81462  14.89240     0.100      6727     36026
  14.81416  14.89199     0.100      6733     36053
  14.81370  14.89155     0.100      6723     36004
  14.81324  14.89108     0.100      6729     36038
  14.81278  14.89057     0.100      6713     35980
  14.81232  14.89005     0.100      6723     36016
  14.81186  14.88955     0.100      6723     36034
  14.81140  14.88907     0.100      6720     35990
  14.81094  14.88857     0.100      6718     36004
  14.81048  14.88805     0.100      6716     36000
  14.81002  14.88755     0.100      6717     36008
  14.80956  14.88707     0.100      6715     35983
  14.80910  14.88662     0.100      6710     35979
  14.80864  14.88617     0.100      6715     36015
  14.80818  14.88573     0.100      6705     35985
  14.80772  14.88529     0.100      6714     35998
  14.80726  14.88487     0.100      6710     35999
  14.80680  14.88448     0.100      6704     35976
  14.80634  14.88411     0.100      6709     36017
  14.80588  14.88374     0.100      6700     35974
  14.80542  14.88335     0.100      6707     36005
  14.80496  14.88295     0.100      6703     35995
  14.80450  14.88255     0.100      6697     35971
  14.80404  14.88214     0.100      6700     35991
  14.80358  14.88172     0.100      6694     35942
  14.80312  14.88126     0.100      6698     36004
  14.80266  14.88075     0.100      6687     35966
  14.80220  14.88023     0.100      6691     35967
  14.80174  14.87972     0.100      6691     35950
  14.80128  14.87924     0.100      6679     35909
  14.80082  14.87875     0.100      6684     35937
  14.80036  14.87824     0.100      6679     35917
  14.79990  14.87773     0.100      6684     35949
  14.79944  14.87724     0.100      6684     35966
  14.79898  14.87678     0.100      6679     35945
  14.79852  14.87632     0.100      6687     35983
  14.79806  14.87587     0.100      6680     35955
  14.79760  14.87543     0.100      6685     35986
  14.79714  14.87500     0.100      6683     35980
  14.79668  14.87460     0.100      6680     35955
  14.79622  14.87422     0.100      6685     35984
  14.79576  14.87385     0.100      6677     35945
  14.79530  14.87347     0.100      6683     35998
  14.79484  14.87307     0.100      6675     35984
  14.79438  14.87267     0.100      6667     35921
  14.79392  14.87227     0.100      6673     35943
  14.79346  14.87185     0.100      6668     35916
  14.79300  14.87140     0.100      6678     35978
  14.79254  14.87091     0.100      6667     35923
  14.79208  14.87039     0.100      6672     35959
  14.79162  14.86988     0.100      6673     35958
  14.79116  14.86939     0.100      6666     35932
  14.79070  14.86890     0.100      6671     35955
  14.79024  14.86840     0.100      6663     35929
  14.78978  14.86788     0.100      6658     35940
  14.78932  14.86739     0.100      6663     35968
  14.78886  14.86692     0.100      6654     35913
  14.78840  14.86647     0.100      6654     35907
  14.78794  14.86603     0.100      6653     35903
  14.78748  14.86558     0.100      6650     35897
  14.78702  14.86515     0.100      6651     35919
  14.78656  14.86474     0.100      6648     35885
  14.78610  14.86436     0.100      6655     35936
  14.78564  14.86399     0.100      6649     35936
  14.78518  14.86361     0.100      6650     35927
  14.78472  14.86322     0.100      6648     35933
  14.78426  14.86282     0.100      6647     35912
  14.78380  14.86241     0.100      6648     35936
  14.78334  14.86200     0.100      6645     35903
  14.78288  14.86157     0.100      6644     35928
  14.78242  14.86109     0.100      6640     35890
  14.78196  14.86057     0.100      6644     35926
  14.78150  14.86006     0.100      6642     35918
  14.78104  14.85956     0.100      6635     35900
  14.78058  14.85908     0.100      6634     35907
  14.78012  14.85858     0.100      6628     35869
  14.77966  14.85806     0.100      6634     35898
  14.77920  14.85756     0.100      6632     35886
  14.77874  14.85708     0.100      6631     35896
  14.77828  14.85662     0.100      6626     35852
  14.77782  14.85617     0.100      6628     35860
  14.77736  14.85573     0.100      6627     35868
  14.77690  14.85529     0.100      6623     35859
  14.77644  14.85487     0.100      6628     35888
  14.77598  14.85449     0.100      6627     35902
  14.77552  14.85412     0.100      6622     35883
  14.77506  14.85374     0.100      6620     35870
  14.77460  14.85335     0.100      6617     35859
  14.77414  14.85295     0.100      6617     35855
  14.77368  14.85254     0.100      6617     35855
  14.77322  14.85214     0.100      6610     35851
  14.77276  14.85172     0.100      6615     35868
  14.77230  14.85125     0.100      6610     35847
  14.77184  14.85075     0.100      6608     35846
  14.77138  14.85023     0.100      6606     35837
  14.77092  14.84972     0.100      6608     35848
  14.77046  14.84923     0.100      6612     35866
  14.77000  14.84874     0.100      6603     35837
  14.76954  14.84823     0.100      6606     35863
  14.76908  14.84771     0.100      6611     35858
  14.76862  14.84722     0.100      6600     35833
  14.76816  14.84676     0.100      6603     35849
  14.76770  14.84631     0.100      6595     35825
  14.76724  14.84586     0.100      6603     35832
  14.76678  14.84542     0.100      6600     35844
  14.76632  14.84499     0.100      6598     35835
  14.76586  14.84459     0.100      6587     35813
  14.76540  14.84422     0.100      6594     35828
  14.76494  14.84385     0.100      6598     35843
  14.76448  14.84346     0.100      6592     35839
  14.76402  14.84306     0.100      6594     35823
  14.76356  14.84266     0.100      6589     35813
  14.76310  14.84226     0.100      6593     35829
  14.76264  14.84184     0.100      6590     35824
  14.76218  14.84140     0.100      6592     35845
  14.76172  14.84090     0.100      6587     35831
  14.76126  14.84038     0.100      6585     35837
  14.76080  14.83987     0.100      6589     35832
  14.76034  14.83938     0.100      6581     35813
  14.75988  14.83889     0.100      6582     35810
  14.75942  14.83839     0.100      6577     35798
  14.75896  14.83787     0.100      6578     35806
  14.75850  14.83738     0.100      6582     35801
  14.75804  14.83691     0.100      6575     35808
  14.75758  14.83646     0.100      6572     35804
  14.75712  14.83601     0.100      6573     35796
  14.75666  14.83556     0.100      6574     35812
  14.75620  14.83513     0.100      6569     35795
  14.75574  14.83472     0.100      6577     35837
  14.75528  14.83434     0.100      6567     35778
  14.75482  14.83397     0.100      6576     35831
  14.75436  14.83360     0.100      6565     35779
  14.75390  14.83320     0.100      6565     35802
  14.75344  14.83280     0.100      6564     35820
  14.75298  14.83240     0.100      6561     35781
  14.75252  14.83199     0.100      6566     35805
  14.75206  14.83155     0.100      6557     35764
  14.75160  14.83107     0.100      6557     35782
  14.75114  14.83055     0.100      6557     35784
  14.75068  14.83004     0.100      6547     35733
  14.75022  14.82954     0.100      6556     35769
  14.74976  14.82906     0.100      6544     35741
  14.74930  14.82856     0.100      6545     35741
  14.74884  14.82804     0.100      6555     35791
  14.74838  14.82754     0.100      6543     35737
  14.74792  14.82706     0.100      6553     35811
  14.74746  14.82660     0.100      6539     35744
  14.74700  14.82616     0.100      6539     35727
  14.74654  14.82571     0.100      6543     35759
  14.74608  14.82527     0.100      6537     35743
  14.74562  14.82486     0.100      6542     35759
  14.74516  14.82447     0.100      6532     35710
  14.74470  14.82409     0.100      6541     35775
  14.74424  14.82372     0.100      6535     35740
  14.74378  14.82333     0.100      6527     35720
  14.74332  14.82293     0.100      6537     35772
  14.74286  14.82252     0.100      6529     35713
  14.74240  14.82211     0.100      6538     35762
  14.74194  14.82168     0.100      6527     35746
  14.74148  14.82122     0.100      6527     35728
  14.74102  14.82070     0.100      6527     35756
  14.74056  14.82018     0.100      6523     35711
  14.74010  14.81967     0.100      6527     35762
  14.73964  14.81919     0.100      6517     35701
  14.73918  14.81869     0.100      6521     35717
  14.73872  14.81818     0.100      6522     35739
  14.73826  14.81767     0.100      6512     35684
  14.73780  14.81718     0.100      6522     35739
  14.73734  14.81672     0.100      6510     35684
  14.73688  14.81628     0.100      6508     35702
  14.73642  14.81583     0.100      6515     35730
  14.73596  14.81539     0.100      6506     35690
  14.73550  14.81496     0.100      6511     35720
  14.73504  14.81457     0.100      6503     35667
  14.73458  14.81419     0.100      6507     35703
  14.73412  14.81383     0.100      6509     35698
  14.73366  14.81344     0.100      6498     35653
  14.73320  14.81304     0.100      6505     35700
  14.73274  14.81263     0.100      6499     35673
  14.73228  14.81223     0.100      6502     35698
  14.73182  14.81181     0.100      6490     35686
  14.73136  14.81136     0.100      6495     35680
  14.73090  14.81086     0.100      6501     35713
  14.73044  14.81034     0.100      6487     35635
  14.72998  14.80983     0.100      6494     35678
  14.72952  14.80934     0.100      6490     35656
  14.72906  14.80885     0.100      6491     35664
  14.72860  14.80835     0.100      6488     35683
  14.72814  14.80783     0.100      6490     35667
  14.72768  14.80733     0.100      6489     35669
  14.72722  14.80686     0.100      6483     35662
  14.72676  14.80642     0.100      6484     35655
  14.72630  14.80597     0.100      6485     35682
  14.72584  14.80553     0.100      6479     35647
  14.72538  14.80510     0.100      6480     35661
  14.72492  14.80470     0.100      6479     35648
  14.72446  14.80432     0.100      6477     35645
  14.72400  14.80395     0.100      6474     35624
  14.72354  14.80357     0.100      6472     35634
  14.72308  14.80317     0.100      6472     35644
  14.72262  14.80276     0.100      6465     35619
  14.72216  14.80236     0.100      6467     35617
  14.72170  14.80195     0.100      6468     35634
  14.72124  14.80151     0.100      6468     35615
  14.72078  14.80102     0.100      6467     35653
  14.72032  14.80050     0.100      6463     35636
  14.71986  14.79999     0.100      6468     35643
  14.71940  14.79950     0.100      6465     35626
  14.71894  14.79901     0.100      6463     35617
  14.71848  14.79851     0.100      6459     35614
  14.71802  14.79799     0.100      6456     35596
  14.71756  14.79748     0.100      6462     35635
  14.71710  14.79701     0.100      6452     35605
  14.71664  14.79655     0.100      6458     35631
  14.71618  14.79611     0.100      6451     35606
  14.71572  14.79566     0.100      6449     35599
  14.71526  14.79523     0.100      6449     35584
  14.71480  14.79481     0.100      6440     35563
  14.71434  14.79442     0.100      6443     35573
  14.71388  14.79405     0.100      6447     35605
  14.71342  14.79367     0.100      6448     35618
  14.71296  14.79328     0.100      6444     35586
  14.71250  14.79287     0.100      6434     35548
  14.71204  14.79247     0.100      6443     35602
  14.71158  14.79206     0.100      6434     35551
  14.71112  14.79163     0.100      6436     35561
  14.71066  14.79115     0.100      6431     35532
  14.71020  14.79064     0.100      6432     35529
  14.70974  14.79011     0.100      6434     35562
  14.70928  14.78961     0.100      6423     35534
  14.70882  14.78913     0.100      6424     35537
  14.70836  14.78863     0.100      6422     35519
  14.70790  14.78812     0.100      6415     35498
  14.70744  14.78761     0.100      6412     35510
  14.70698  14.78713     0.100      6413     35509
  14.70652  14.78667     0.100      6411     35507
  14.70606  14.78622     0.100      6415     35514
  14.70560  14.78578     0.100      6398     35454
  14.70514  14.78533     0.100      6417     35524
  14.70468  14.78491     0.100      6412     35482
  14.70422  14.78452     0.100      6411     35518
  14.70376  14.78415     0.100      6403     35458
  14.70330  14.78378     0.100      6405     35491
  14.70284  14.78339     0.100      6415     35527
  14.70238  14.78299     0.100      6402     35455
  14.70192  14.78259     0.100      6406     35526
  14.70146  14.78218     0.100      6397     35455
  14.70100  14.78176     0.100      6398     35495
  14.70054  14.78130     0.100      6407     35533
  14.70008  14.78079     0.100      6395     35452
  14.69962  14.78027     0.100      6406     35534
  14.69916  14.77977     0.100      6388     35447
  14.69870  14.77928     0.100      6397     35517
  14.69824  14.77880     0.100      6398     35490
  14.69778  14.77828     0.100      6387     35432
  14.69732  14.77777     0.100      6401     35518
  14.69686  14.77728     0.100      6380     35442
  14.69640  14.77681     0.100      6395     35505
  14.69594  14.77636     0.100      6389     35490
  14.69548  14.77591     0.100      6386     35481
  14.69502  14.77547     0.100      6391     35505
  14.69456  14.77503     0.100      6381     35440
  14.69410  14.77463     0.100      6377     35450
  14.69364  14.77426     0.100      6386     35492
  14.69318  14.77389     0.100      6383     35465
  14.69272  14.77351     0.100      6385     35492
  14.69226  14.77311     0.100      6376     35440
  14.69180  14.77270     0.100      6382     35493
  14.69134  14.77229     0.100      6380     35485
  14.69088  14.77188     0.100      6379     35452
  14.69042  14.77143     0.100      6376     35458
  14.68996  14.77094     0.100      6367     35410
  14.68950  14.77042     0.100      6366     35432
  14.68904  14.76991     0.100      6367     35444
  14.68858  14.76942     0.100      6366     35432
  14.68812  14.76893     0.100      6365     35450
  14.68766  14.76842     0.100      6362     35428
  14.68720  14.76790     0.100      6369     35489
  14.68674  14.76740     0.100      6364     35427
  14.68628  14.76693     0.100      6367     35457
  14.68582  14.76648     0.100      6364     35458
  14.68536  14.76603     0.100      6351     35425
  14.68490  14.76558     0.100      6362     35454
  14.68444  14.76514     0.100      6352     35397
  14.68398  14.76473     0.100      6354     35427
  14.68352  14.76435     0.100      6351     35386
  14.68306  14.76397     0.100      6354     35428
  14.68260  14.76359     0.100      6355     35416
  14.68214  14.76320     0.100      6348     35404
  14.68168  14.76279     0.100      6351     35434
  14.68122  14.76238     0.100      6345     35404
  14.68076  14.76197     0.100      6343     35419
  14.68030  14.76154     0.100      6344     35411
  14.67984  14.76105     0.100      6343     35384
  14.67938  14.76054     0.100      6344     35424
  14.67892  14.76002     0.100      6340     35376
  14.67846  14.75952     0.100      6340     35395
  14.67800  14.75903     0.100      6339     35403
  14.67754  14.75853     0.100      6328     35352
  14.67708  14.75801     0.100      6333     35391
  14.67662  14.75751     0.100      6331     35364
  14.67616  14.75703     0.100      6334     35394
  14.67570  14.75658     0.100      6328     35372
  14.67524  14.75613     0.100      6327     35371
  14.67478  14.75569     0.100      6325     35382
  14.67432  14.75525     0.100      6321     35346
  14.67386  14.75484     0.100      6321     35344
  14.67340  14.75445     0.100      6321     35355
  14.67294  14.75408     0.100      6321     35356
  14.67248  14.75370     0.100      6323     35383
  14.67202  14.75331     0.100      6314     35347
  14.67156  14.75290     0.100      6321     35365
  14.67110  14.75249     0.100      6316     35348
  14.67064  14.75209     0.100      6314     35349
  14.67018  14.75167     0.100      6312     35369
  14.66972  14.75120     0.100      6304     35309
  14.66926  14.75069     0.100      6312     35349
  14.66880  14.75016     0.100      6308     35323
  14.66834  14.74966     0.100      6308     35348
  14.66788  14.74918     0.100      6305     35330
  14.66742  14.74868     0.100      6304     35310
  14.66696  14.74816     0.100      6302     35324
  14.66650  14.74765     0.100      6296     35282
  14.66604  14.74716     0.100      6296     35311
  14.66558  14.74670     0.100      6292     35306
  14.66512  14.74626     0.100      6297     35331
  14.66466  14.74581     0.100      6294     35305
  14.66420  14.74537     0.100      6292     35302
  14.66374  14.74494     0.100      6287     35282
  14.66328  14.74454     0.100      6289     35298
  14.66282  14.74417     0.100      6288     35303
  14.66236  14.74380     0.100      6292     35311
  14.66190  14.74341     0.100      6288     35301
  14.66144  14.74301     0.100      6287     35298
  14.66098  14.74260     0.100      6277     35277
  14.66052  14.74220     0.100      6276     35240
  14.66006  14.74178     0.100      6279     35297
  14.65960  14.74132     0.100      6276     35260
  14.65914  14.74081     0.100      6275     35272
  14.65868  14.74029     0.100      6269     35249
  14.65822  14.73978     0.100      6269     35253
  14.65776  14.73929     0.100      6273     35273
  14.65730  14.73880     0.100      6268     35230
  14.65684  14.73828     0.100      6275     35293
  14.65638  14.73777     0.100      6263     35252
  14.65592  14.73727     0.100      6260     35222
  14.65546  14.73681     0.100      6260     35233
  14.65500  14.73635     0.100      6258     35217
  14.65454  14.73590     0.100      6257     35230
  14.65408  14.73545     0.100      6244     35155
  14.65362  14.73503     0.100      6261     35232
  14.65316  14.73463     0.100      6255     35201
  14.65270  14.73425     0.100      6255     35220
  14.65224  14.73388     0.100      6250     35201
  14.65178  14.73350     0.100      6246     35169
  14.65132  14.73309     0.100      6254     35234
  14.65086  14.73268     0.100      6242     35181
  14.65040  14.73228     0.100      6253     35244
  14.64994  14.73187     0.100      6239     35181
  14.64948  14.73141     0.100      6244     35190
  14.64902  14.73092     0.100      6247     35229
  14.64856  14.73040     0.100      6242     35177
  14.64810  14.72989     0.100      6244     35216
  14.64764  14.72940     0.100      6240     35188
  14.64718  14.72891     0.100      6232     35152
  14.64672  14.72841     0.100      6233     35179
  14.64626  14.72789     0.100      6223     35115
  14.64580  14.72739     0.100      6236     35189
  14.64534  14.72692     0.100      6231     35165
  14.64488  14.72647     0.100      6216     35104
  14.64442  14.72602     0.100      6225     35151
  14.64396  14.72557     0.100      6216     35117
  14.64350  14.72514     0.100      6225     35157
  14.64304  14.72473     0.100      6232     35185
  14.64258  14.72435     0.100      6223     35138
  14.64212  14.72398     0.100      6232     35201
  14.64166  14.72360     0.100      6206     35078
  14.64120  14.72320     0.100      6215     35142
  14.64074  14.72280     0.100      6208     35095
  14.64028  14.72239     0.100      6209     35119
  14.63982  14.72198     0.100      6219     35147
  14.63936  14.72154     0.100      6203     35073
  14.63890  14.72106     0.100      6214     35163
  14.63844  14.72055     0.100      6201     35093
  14.63798  14.72003     0.100      6212     35127
  14.63752  14.71954     0.100      6208     35122
  14.63706  14.71905     0.100      6200     35059
  14.63660  14.71854     0.100      6214     35143
  14.63614  14.71803     0.100      6208     35124
  14.63568  14.71752     0.100      6206     35130
  14.63522  14.71704     0.100      6197     35085
  14.63476  14.71659     0.100      6196     35071
  14.63430  14.71614     0.100      6204     35119
  14.63384  14.71569     0.100      6191     35061
  14.63338  14.71525     0.100      6195     35075
  14.63292  14.71483     0.100      6195     35106
  14.63246  14.71444     0.100      6194     35081
  14.63200  14.71407     0.100      6199     35120
  14.63154  14.71369     0.100      6191     35090
  14.63108  14.71330     0.100      6198     35087
  14.63062  14.71290     0.100      6192     35111
  14.63016  14.71249     0.100      6179     35028
