  9809     SPring-8 14b2 
 Ir-L3_IrCl4_Si  20.07.15 13:07 - 20.07.15 13:11
 IrCl4                                                                           
 Ring :   8.0 GeV    99.6 mA -   99.6 mA
 Mono :   SI(111)       D=  3.13551 A    Initial angle= 10.59089 deg
 14b2      Transmission( 2)   Repetition=  1     Points= 4645
 Param file :                 angle axis (1)     Block =    1

 Block      Init-ang  final-ang     Step/deg     Time/s       Num
     1       10.47000   8.93000    -0.000340       0.05      4645
 Ortec( 0)     NDCH = 3
  Angle(c)  Angle(o)    time/s         2         3
      Mode         0         0         1         2
    Offset         0         0    37.100    81.600
  10.46966  10.47167     0.050     27515      9485
  10.46932  10.47132     0.050     27461      9473
  10.46898  10.47095     0.050     27495      9484
  10.46864  10.47057     0.050     27509      9486
  10.46830  10.47020     0.050     27474      9482
  10.46796  10.46985     0.050     27464      9481
  10.46762  10.46951     0.050     27504      9490
  10.46728  10.46918     0.050     27483      9487
  10.46694  10.46885     0.050     27456      9484
  10.46660  10.46852     0.050     27494      9492
  10.46626  10.46819     0.050     27479      9493
  10.46592  10.46787     0.050     27454      9487
  10.46558  10.46756     0.050     27470      9494
  10.46524  10.46727     0.050     27483      9501
  10.46490  10.46699     0.050     27453      9493
  10.46456  10.46672     0.050     27450      9492
  10.46422  10.46645     0.050     27480      9502
  10.46388  10.46618     0.050     27472      9501
  10.46354  10.46590     0.050     27429      9495
  10.46320  10.46561     0.050     27459      9501
  10.46286  10.46531     0.050     27453      9503
  10.46252  10.46502     0.050     27433      9499
  10.46218  10.46473     0.050     27445      9505
  10.46184  10.46442     0.050     27464      9511
  10.46150  10.46411     0.050     27426      9505
  10.46116  10.46377     0.050     27434      9508
  10.46082  10.46340     0.050     27449      9512
  10.46048  10.46302     0.050     27441      9513
  10.46014  10.46264     0.050     27426      9508
  10.45980  10.46228     0.050     27431      9515
  10.45946  10.46193     0.050     27439      9519
  10.45912  10.46158     0.050     27414      9511
  10.45878  10.46122     0.050     27428      9519
  10.45844  10.46084     0.050     27429      9518
  10.45810  10.46046     0.050     27422      9520
  10.45776  10.46010     0.050     27397      9514
  10.45742  10.45975     0.050     27442      9526
  10.45708  10.45941     0.050     27408      9521
  10.45674  10.45908     0.050     27391      9518
  10.45640  10.45875     0.050     27393      9521
  10.45606  10.45842     0.050     27423      9531
  10.45572  10.45810     0.050     27377      9520
  10.45538  10.45778     0.050     27400      9528
  10.45504  10.45747     0.050     27408      9534
  10.45470  10.45718     0.050     27371      9526
  10.45436  10.45691     0.050     27386      9530
  10.45402  10.45664     0.050     27416      9537
  10.45368  10.45637     0.050     27395      9532
  10.45334  10.45609     0.050     27369      9530
  10.45300  10.45581     0.050     27412      9539
  10.45266  10.45551     0.050     27378      9537
  10.45232  10.45522     0.050     27375      9537
  10.45198  10.45493     0.050     27379      9541
  10.45164  10.45463     0.050     27392      9545
  10.45130  10.45433     0.050     27359      9538
  10.45096  10.45400     0.050     27365      9540
  10.45062  10.45365     0.050     27386      9548
  10.45028  10.45328     0.050     27377      9548
  10.44994  10.45291     0.050     27349      9541
  10.44960  10.45254     0.050     27363      9548
  10.44926  10.45218     0.050     27374      9553
  10.44892  10.45183     0.050     27333      9546
  10.44858  10.45148     0.050     27347      9550
  10.44824  10.45112     0.050     27374      9557
  10.44790  10.45074     0.050     27341      9553
  10.44756  10.45036     0.050     27336      9552
  10.44722  10.45000     0.050     27378      9563
  10.44688  10.44965     0.050     27353      9559
  10.44654  10.44932     0.050     27320      9555
  10.44620  10.44899     0.050     27354      9562
  10.44586  10.44866     0.050     27359      9565
  10.44552  10.44834     0.050     27326      9560
  10.44518  10.44801     0.050     27322      9560
  10.44484  10.44769     0.050     27360      9572
  10.44450  10.44739     0.050     27318      9562
  10.44416  10.44711     0.050     27325      9566
  10.44382  10.44684     0.050     27336      9574
  10.44348  10.44657     0.050     27337      9574
  10.44314  10.44630     0.050     27309      9569
  10.44280  10.44601     0.050     27328      9577
  10.44246  10.44572     0.050     27337      9578
  10.44212  10.44543     0.050     27305      9571
  10.44178  10.44514     0.050     27309      9575
  10.44144  10.44484     0.050     27325      9580
  10.44110  10.44455     0.050     27317      9580
  10.44076  10.44424     0.050     27306      9578
  10.44042  10.44390     0.050     27310      9586
  10.44008  10.44355     0.050     27315      9584
  10.43974  10.44317     0.050     27303      9581
  10.43940  10.44279     0.050     27312      9589
  10.43906  10.44242     0.050     27307      9590
  10.43872  10.44207     0.050     27297      9585
  10.43838  10.44172     0.050     27294      9587
  10.43804  10.44136     0.050     27306      9595
  10.43770  10.44099     0.050     27290      9592
  10.43736  10.44062     0.050     27289      9591
  10.43702  10.44024     0.050     27291      9596
  10.43668  10.43988     0.050     27301      9598
  10.43634  10.43954     0.050     27274      9594
  10.43600  10.43921     0.050     27286      9597
  10.43566  10.43888     0.050     27291      9601
  10.43532  10.43855     0.050     27279      9601
  10.43498  10.43822     0.050     27281      9602
  10.43464  10.43790     0.050     27296      9608
  10.43430  10.43759     0.050     27264      9603
  10.43396  10.43729     0.050     27255      9603
  10.43362  10.43701     0.050     27275      9606
  10.43328  10.43673     0.050     27284      9612
  10.43294  10.43646     0.050     27263      9607
  10.43260  10.43619     0.050     27253      9608
  10.43226  10.43590     0.050     27272      9615
  10.43192  10.43561     0.050     27260      9612
  10.43158  10.43531     0.050     27231      9606
  10.43124  10.43502     0.050     27269      9622
  10.43090  10.43472     0.050     27261      9619
  10.43056  10.43442     0.050     27236      9614
  10.43022  10.43410     0.050     27253      9620
  10.42988  10.43375     0.050     27252      9621
  10.42954  10.43338     0.050     27248      9619
  10.42920  10.43300     0.050     27243      9620
  10.42886  10.43262     0.050     27231      9623
  10.42852  10.43226     0.050     27249      9627
  10.42818  10.43191     0.050     27231      9623
  10.42784  10.43156     0.050     27217      9624
  10.42750  10.43119     0.050     27245      9633
  10.42716  10.43082     0.050     27215      9625
  10.42682  10.43044     0.050     27227      9629
  10.42648  10.43007     0.050     27236      9633
  10.42614  10.42972     0.050     27233      9636
  10.42580  10.42938     0.050     27233      9635
  10.42546  10.42905     0.050     27220      9637
  10.42512  10.42872     0.050     27235      9641
  10.42478  10.42839     0.050     27213      9636
  10.42444  10.42807     0.050     27217      9639
  10.42410  10.42774     0.050     27216      9642
  10.42376  10.42743     0.050     27208      9641
  10.42342  10.42715     0.050     27215      9643
  10.42308  10.42688     0.050     27221      9648
  10.42274  10.42661     0.050     27216      9646
  10.42240  10.42633     0.050     27212      9647
  10.42206  10.42606     0.050     27196      9647
  10.42172  10.42577     0.050     27210      9652
  10.42138  10.42547     0.050     27211      9652
  10.42104  10.42518     0.050     27192      9651
  10.42070  10.42488     0.050     27201      9656
  10.42036  10.42458     0.050     27198      9655
  10.42002  10.42428     0.050     27186      9656
  10.41968  10.42394     0.050     27203      9659
  10.41934  10.42359     0.050     27181      9657
  10.41900  10.42321     0.050     27198      9661
  10.41866  10.42283     0.050     27195      9665
  10.41832  10.42246     0.050     27186      9663
  10.41798  10.42211     0.050     27196      9666
  10.41764  10.42176     0.050     27179      9666
  10.41730  10.42140     0.050     27187      9668
  10.41696  10.42103     0.050     27186      9670
  10.41662  10.42065     0.050     27175      9667
  10.41628  10.42028     0.050     27174      9669
  10.41594  10.41992     0.050     27187      9674
  10.41560  10.41957     0.050     27159      9667
  10.41526  10.41923     0.050     27164      9675
  10.41492  10.41891     0.050     27169      9676
  10.41458  10.41858     0.050     27171      9677
  10.41424  10.41825     0.050     27160      9675
  10.41390  10.41792     0.050     27160      9679
  10.41356  10.41761     0.050     27159      9681
  10.41322  10.41731     0.050     27157      9682
  10.41288  10.41702     0.050     27138      9678
  10.41254  10.41675     0.050     27166      9687
  10.41220  10.41648     0.050     27164      9686
  10.41186  10.41621     0.050     27141      9682
  10.41152  10.41592     0.050     27147      9688
  10.41118  10.41563     0.050     27149      9692
  10.41084  10.41533     0.050     27146      9690
  10.41050  10.41503     0.050     27142      9690
  10.41016  10.41474     0.050     27148      9694
  10.40982  10.41444     0.050     27144      9696
  10.40948  10.41411     0.050     27123      9692
  10.40914  10.41377     0.050     27144      9697
  10.40880  10.41340     0.050     27135      9695
  10.40846  10.41302     0.050     27132      9695
  10.40812  10.41264     0.050     27141      9702
  10.40778  10.41228     0.050     27129      9702
  10.40744  10.41193     0.050     27125      9702
  10.40710  10.41157     0.050     27133      9706
  10.40676  10.41121     0.050     27139      9709
  10.40642  10.41083     0.050     27124      9708
  10.40608  10.41045     0.050     27104      9703
  10.40574  10.41008     0.050     27121      9710
  10.40540  10.40972     0.050     27124      9714
  10.40506  10.40938     0.050     27109      9710
  10.40472  10.40905     0.050     27116      9711
  10.40438  10.40872     0.050     27121      9717
  10.40404  10.40839     0.050     27102      9711
  10.40370  10.40806     0.050     27113      9718
  10.40336  10.40774     0.050     27121      9720
  10.40302  10.40743     0.050     27113      9724
  10.40268  10.40714     0.050     27094      9718
  10.40234  10.40686     0.050     27098      9723
  10.40200  10.40659     0.050     27108      9727
  10.40166  10.40631     0.050     27083      9721
  10.40132  10.40603     0.050     27083      9721
  10.40098  10.40574     0.050     27111      9731
  10.40064  10.40544     0.050     27093      9730
  10.40030  10.40514     0.050     27066      9724
  10.39996  10.40484     0.050     27095      9734
  10.39962  10.40454     0.050     27110      9739
  10.39928  10.40423     0.050     27074      9730
  10.39894  10.40389     0.050     27083      9735
  10.39860  10.40353     0.050     27104      9743
  10.39826  10.40315     0.050     27082      9738
  10.39792  10.40277     0.050     27069      9737
  10.39758  10.40240     0.050     27101      9745
  10.39724  10.40204     0.050     27087      9745
  10.39690  10.40168     0.050     27069      9742
  10.39656  10.40133     0.050     27077      9745
  10.39622  10.40096     0.050     27082      9750
  10.39588  10.40058     0.050     27065      9744
  10.39554  10.40021     0.050     27063      9749
  10.39520  10.39984     0.050     27086      9755
  10.39486  10.39949     0.050     27087      9757
  10.39452  10.39916     0.050     27055      9749
  10.39418  10.39883     0.050     27071      9757
  10.39384  10.39850     0.050     27086      9762
  10.39350  10.39817     0.050     27054      9753
  10.39316  10.39784     0.050     27055      9760
  10.39282  10.39753     0.050     27079      9765
  10.39248  10.39724     0.050     27073      9764
  10.39214  10.39696     0.050     27055      9762
  10.39180  10.39669     0.050     27072      9768
  10.39146  10.39642     0.050     27081      9768
  10.39112  10.39614     0.050     27048      9765
  10.39078  10.39585     0.050     27053      9769
  10.39044  10.39556     0.050     27067      9776
  10.39010  10.39526     0.050     27041      9770
  10.38976  10.39496     0.050     27033      9770
  10.38942  10.39466     0.050     27071      9780
  10.38908  10.39436     0.050     27050      9774
  10.38874  10.39403     0.050     27022      9773
  10.38840  10.39368     0.050     27044      9777
  10.38806  10.39330     0.050     27047      9781
  10.38772  10.39292     0.050     27032      9779
  10.38738  10.39255     0.050     27038      9782
  10.38704  10.39219     0.050     27036      9782
  10.38670  10.39183     0.050     27034      9785
  10.38636  10.39147     0.050     27034      9786
  10.38602  10.39110     0.050     27040      9791
  10.38568  10.39073     0.050     27035      9791
  10.38534  10.39035     0.050     27027      9789
  10.38500  10.38998     0.050     27025      9792
  10.38466  10.38963     0.050     27039      9799
  10.38432  10.38929     0.050     27005      9790
  10.38398  10.38896     0.050     27021      9797
  10.38364  10.38863     0.050     27012      9794
  10.38330  10.38830     0.050     27013      9797
  10.38296  10.38797     0.050     27013      9799
  10.38262  10.38765     0.050     27039      9809
  10.38228  10.38735     0.050     27020      9804
  10.38194  10.38706     0.050     27003      9802
  10.38160  10.38679     0.050     27028      9811
  10.38126  10.38652     0.050     27007      9808
  10.38092  10.38624     0.050     27007      9808
  10.38058  10.38596     0.050     27003      9807
  10.38024  10.38566     0.050     27010      9814
  10.37990  10.38536     0.050     26992      9808
  10.37956  10.38507     0.050     26996      9811
  10.37922  10.38477     0.050     27026      9822
  10.37888  10.38447     0.050     27004      9818
  10.37854  10.38415     0.050     27002      9820
  10.37820  10.38381     0.050     27014      9823
  10.37786  10.38344     0.050     27010      9828
  10.37752  10.38306     0.050     26979      9817
  10.37718  10.38267     0.050     26992      9825
  10.37684  10.38231     0.050     27002      9829
  10.37650  10.38196     0.050     26984      9826
  10.37616  10.38160     0.050     26983      9825
  10.37582  10.38123     0.050     27008      9834
  10.37548  10.38085     0.050     26986      9832
  10.37514  10.38047     0.050     26974      9830
  10.37480  10.38010     0.050     26994      9837
  10.37446  10.37974     0.050     26995      9840
  10.37412  10.37940     0.050     26979      9837
  10.37378  10.37906     0.050     26972      9835
  10.37344  10.37873     0.050     26997      9845
  10.37310  10.37840     0.050     26981      9842
  10.37276  10.37806     0.050     26969      9842
  10.37242  10.37774     0.050     26977      9844
  10.37208  10.37743     0.050     26997      9852
  10.37174  10.37714     0.050     26956      9844
  10.37140  10.37686     0.050     26960      9847
  10.37106  10.37659     0.050     26974      9852
  10.37072  10.37632     0.050     26967      9850
  10.37038  10.37603     0.050     26979      9857
  10.37004  10.37574     0.050     26969      9856
  10.36970  10.37545     0.050     26959      9856
  10.36936  10.37514     0.050     26957      9856
  10.36902  10.37485     0.050     26965      9861
  10.36868  10.37455     0.050     26973      9865
  10.36834  10.37424     0.050     26953      9859
  10.36800  10.37390     0.050     26959      9863
  10.36766  10.37354     0.050     26958      9865
  10.36732  10.37316     0.050     26943      9866
  10.36698  10.37278     0.050     26951      9867
  10.36664  10.37241     0.050     26963      9872
  10.36630  10.37205     0.050     26953      9870
  10.36596  10.37170     0.050     26938      9869
  10.36562  10.37133     0.050     26961      9875
  10.36528  10.37096     0.050     26946      9875
  10.36494  10.37058     0.050     26937      9875
  10.36460  10.37021     0.050     26952      9878
  10.36426  10.36985     0.050     26953      9880
  10.36392  10.36950     0.050     26930      9874
  10.36358  10.36917     0.050     26943      9884
  10.36324  10.36883     0.050     26946      9886
  10.36290  10.36850     0.050     26953      9889
  10.36256  10.36817     0.050     26920      9881
  10.36222  10.36785     0.050     26952      9892
  10.36188  10.36753     0.050     26939      9892
  10.36154  10.36724     0.050     26925      9888
  10.36120  10.36695     0.050     26933      9893
  10.36086  10.36668     0.050     26937      9896
  10.36052  10.36641     0.050     26923      9892
  10.36018  10.36613     0.050     26918      9893
  10.35984  10.36585     0.050     26934      9903
  10.35950  10.36555     0.050     26921      9900
  10.35916  10.36525     0.050     26899      9894
  10.35882  10.36495     0.050     26920      9901
  10.35848  10.36465     0.050     26930      9908
  10.35814  10.36435     0.050     26908      9902
  10.35780  10.36402     0.050     26897      9900
  10.35746  10.36366     0.050     26934      9915
  10.35712  10.36329     0.050     26918      9910
  10.35678  10.36290     0.050     26891      9905
  10.35644  10.36253     0.050     26906      9914
  10.35610  10.36216     0.050     26912      9916
  10.35576  10.36181     0.050     26895      9913
  10.35542  10.36146     0.050     26883      9909
  10.35508  10.36109     0.050     26914      9921
  10.35474  10.36071     0.050     26904      9920
  10.35440  10.36033     0.050     26891      9917
  10.35406  10.35996     0.050     26896      9923
  10.35372  10.35961     0.050     26904      9927
  10.35338  10.35927     0.050     26877      9919
  10.35304  10.35893     0.050     26893      9924
  10.35270  10.35860     0.050     26908      9933
  10.35236  10.35827     0.050     26882      9925
  10.35202  10.35795     0.050     26884      9927
  10.35168  10.35763     0.050     26906      9938
  10.35134  10.35733     0.050     26904      9939
  10.35100  10.35704     0.050     26870      9931
  10.35066  10.35676     0.050     26882      9936
  10.35032  10.35649     0.050     26915      9947
  10.34998  10.35622     0.050     26881      9939
  10.34964  10.35593     0.050     26866      9936
  10.34930  10.35564     0.050     26898      9948
  10.34896  10.35534     0.050     26888      9947
  10.34862  10.35504     0.050     26864      9939
  10.34828  10.35474     0.050     26883      9950
  10.34794  10.35444     0.050     26885      9951
  10.34760  10.35411     0.050     26867      9946
  10.34726  10.35377     0.050     26869      9948
  10.34692  10.35340     0.050     26876      9955
  10.34658  10.35301     0.050     26880      9956
  10.34624  10.35263     0.050     26860      9950
  10.34590  10.35226     0.050     26873      9957
  10.34556  10.35190     0.050     26881      9960
  10.34522  10.35154     0.050     26862      9957
  10.34488  10.35117     0.050     26856      9960
  10.34454  10.35080     0.050     26881      9965
  10.34420  10.35041     0.050     26866      9964
  10.34386  10.35004     0.050     26850      9962
  10.34352  10.34969     0.050     26866      9970
  10.34318  10.34935     0.050     26862      9965
  10.34284  10.34901     0.050     26845      9965
  10.34250  10.34868     0.050     26858      9972
  10.34216  10.34835     0.050     26856      9972
  10.34182  10.34802     0.050     26842      9971
  10.34148  10.34769     0.050     26843      9971
  10.34114  10.34739     0.050     26850      9977
  10.34080  10.34710     0.050     26852      9978
  10.34046  10.34683     0.050     26836      9977
  10.34012  10.34656     0.050     26848      9981
  10.33978  10.34628     0.050     26832      9979
  10.33944  10.34600     0.050     26832      9980
  10.33910  10.34570     0.050     26837      9982
  10.33876  10.34540     0.050     26827      9983
  10.33842  10.34511     0.050     26831      9986
  10.33808  10.34481     0.050     26832      9987
  10.33774  10.34451     0.050     26851      9994
  10.33740  10.34419     0.050     26835      9990
  10.33706  10.34385     0.050     26824      9990
  10.33672  10.34348     0.050     26832      9994
  10.33638  10.34310     0.050     26822      9992
  10.33604  10.34273     0.050     26822      9992
  10.33570  10.34236     0.050     26832      9998
  10.33536  10.34200     0.050     26827     10003
  10.33502  10.34164     0.050     26832     10000
  10.33468  10.34128     0.050     26813      9999
  10.33434  10.34091     0.050     26840     10008
  10.33400  10.34052     0.050     26828     10004
  10.33366  10.34015     0.050     26805     10001
  10.33332  10.33979     0.050     26828     10007
  10.33298  10.33944     0.050     26815     10009
  10.33264  10.33911     0.050     26815     10010
  10.33230  10.33878     0.050     26797     10007
  10.33196  10.33845     0.050     26827     10015
  10.33162  10.33812     0.050     26823     10017
  10.33128  10.33780     0.050     26801     10015
  10.33094  10.33748     0.050     26808     10019
  10.33060  10.33718     0.050     26808     10017
  10.33026  10.33691     0.050     26810     10020
  10.32992  10.33664     0.050     26783     10016
  10.32958  10.33636     0.050     26808     10024
  10.32924  10.33608     0.050     26797     10022
  10.32890  10.33579     0.050     26792     10023
  10.32856  10.33550     0.050     26808     10029
  10.32822  10.33520     0.050     26804     10029
  10.32788  10.33490     0.050     26779     10024
  10.32754  10.33460     0.050     26791     10029
  10.32720  10.33429     0.050     26803     10036
  10.32686  10.33396     0.050     26778     10031
  10.32652  10.33360     0.050     26778     10029
  10.32618  10.33322     0.050     26800     10039
  10.32584  10.33283     0.050     26791     10037
  10.32550  10.33246     0.050     26773     10035
  10.32516  10.33211     0.050     26775     10037
  10.32482  10.33175     0.050     26806     10049
  10.32448  10.33139     0.050     26792     10043
  10.32414  10.33102     0.050     26765     10039
  10.32380  10.33064     0.050     26804     10052
  10.32346  10.33026     0.050     26790     10051
  10.32312  10.32990     0.050     26764     10047
  10.32278  10.32955     0.050     26772     10054
  10.32244  10.32921     0.050     26781     10055
  10.32210  10.32888     0.050     26760     10052
  10.32176  10.32855     0.050     26759     10051
  10.32142  10.32821     0.050     26793     10066
  10.32108  10.32789     0.050     26784     10061
  10.32074  10.32758     0.050     26764     10058
  10.32040  10.32727     0.050     26781     10064
  10.32006  10.32699     0.050     26776     10067
  10.31972  10.32672     0.050     26756     10061
  10.31938  10.32644     0.050     26764     10064
  10.31904  10.32616     0.050     26773     10073
  10.31870  10.32587     0.050     26756     10068
  10.31836  10.32558     0.050     26753     10069
  10.31802  10.32528     0.050     26759     10074
  10.31768  10.32498     0.050     26778     10080
  10.31734  10.32468     0.050     26752     10071
  10.31700  10.32437     0.050     26763     10079
  10.31666  10.32404     0.050     26750     10080
  10.31632  10.32369     0.050     26745     10077
  10.31598  10.32332     0.050     26748     10081
  10.31564  10.32293     0.050     26756     10082
  10.31530  10.32255     0.050     26741     10084
  10.31496  10.32218     0.050     26738     10083
  10.31462  10.32183     0.050     26751     10090
  10.31428  10.32147     0.050     26745     10090
  10.31394  10.32110     0.050     26736     10088
  10.31360  10.32072     0.050     26757     10094
  10.31326  10.32034     0.050     26740     10096
  10.31292  10.31998     0.050     26735     10091
  10.31258  10.31963     0.050     26746     10098
  10.31224  10.31929     0.050     26752     10104
  10.31190  10.31895     0.050     26731     10097
  10.31156  10.31862     0.050     26734     10100
  10.31122  10.31829     0.050     26746     10107
  10.31088  10.31796     0.050     26754     10109
  10.31054  10.31764     0.050     26719     10101
  10.31020  10.31734     0.050     26754     10114
  10.30986  10.31706     0.050     26741     10113
  10.30952  10.31678     0.050     26731     10109
  10.30918  10.31651     0.050     26735     10114
  10.30884  10.31623     0.050     26751     10123
  10.30850  10.31595     0.050     26726     10117
  10.30816  10.31566     0.050     26733     10118
  10.30782  10.31536     0.050     26748     10125
  10.30748  10.31506     0.050     26728     10120
  10.30714  10.31476     0.050     26721     10120
  10.30680  10.31446     0.050     26736     10127
  10.30646  10.31414     0.050     26730     10128
  10.30612  10.31380     0.050     26721     10127
  10.30578  10.31343     0.050     26717     10126
  10.30544  10.31305     0.050     26739     10133
  10.30510  10.31267     0.050     26722     10133
  10.30476  10.31230     0.050     26702     10128
  10.30442  10.31194     0.050     26735     10138
  10.30408  10.31159     0.050     26718     10138
  10.30374  10.31123     0.050     26710     10134
  10.30340  10.31085     0.050     26723     10141
  10.30306  10.31047     0.050     26725     10144
  10.30272  10.31010     0.050     26710     10141
  10.30238  10.30974     0.050     26690     10139
  10.30204  10.30940     0.050     26729     10152
  10.30170  10.30907     0.050     26724     10150
  10.30136  10.30874     0.050     26693     10142
  10.30102  10.30841     0.050     26720     10153
  10.30068  10.30808     0.050     26714     10151
  10.30034  10.30775     0.050     26691     10150
  10.30000  10.30745     0.050     26703     10154
  10.29966  10.30715     0.050     26709     10159
  10.29932  10.30688     0.050     26698     10158
  10.29898  10.30661     0.050     26708     10161
  10.29864  10.30633     0.050     26697     10162
  10.29830  10.30605     0.050     26718     10169
  10.29796  10.30576     0.050     26688     10163
  10.29762  10.30546     0.050     26705     10166
  10.29728  10.30516     0.050     26698     10168
  10.29694  10.30487     0.050     26694     10167
  10.29660  10.30457     0.050     26700     10174
  10.29626  10.30426     0.050     26696     10174
  10.29592  10.30393     0.050     26696     10173
  10.29558  10.30357     0.050     26683     10174
  10.29524  10.30318     0.050     26694     10179
  10.29490  10.30280     0.050     26692     10181
  10.29456  10.30243     0.050     26687     10178
  10.29422  10.30207     0.050     26698     10184
  10.29388  10.30172     0.050     26696     10184
  10.29354  10.30136     0.050     26684     10183
  10.29320  10.30099     0.050     26683     10185
  10.29286  10.30060     0.050     26708     10195
  10.29252  10.30023     0.050     26680     10190
  10.29218  10.29987     0.050     26677     10192
  10.29184  10.29952     0.050     26696     10197
  10.29150  10.29918     0.050     26683     10194
  10.29116  10.29885     0.050     26677     10194
  10.29082  10.29852     0.050     26685     10201
  10.29048  10.29819     0.050     26682     10196
  10.29014  10.29787     0.050     26679     10198
  10.28980  10.29755     0.050     26677     10204
  10.28946  10.29725     0.050     26703     10209
  10.28912  10.29697     0.050     26670     10204
  10.28878  10.29669     0.050     26658     10204
  10.28844  10.29642     0.050     26675     10206
  10.28810  10.29614     0.050     26688     10214
  10.28776  10.29585     0.050     26660     10210
  10.28742  10.29556     0.050     26665     10214
  10.28708  10.29526     0.050     26684     10222
  10.28674  10.29496     0.050     26642     10209
  10.28640  10.29466     0.050     26656     10216
  10.28606  10.29435     0.050     26682     10221
  10.28572  10.29403     0.050     26665     10217
  10.28538  10.29367     0.050     26649     10219
  10.28504  10.29330     0.050     26673     10225
  10.28470  10.29292     0.050     26658     10224
  10.28436  10.29255     0.050     26661     10225
  10.28402  10.29218     0.050     26652     10224
  10.28368  10.29183     0.050     26654     10228
  10.28334  10.29147     0.050     26671     10235
  10.28300  10.29110     0.050     26631     10227
  10.28266  10.29072     0.050     26678     10242
  10.28232  10.29035     0.050     26685     10243
  10.28198  10.28998     0.050     26640     10235
  10.28164  10.28963     0.050     26654     10240
  10.28130  10.28929     0.050     26664     10243
  10.28096  10.28896     0.050     26654     10243
  10.28062  10.28863     0.050     26647     10242
  10.28028  10.28830     0.050     26667     10250
  10.27994  10.28798     0.050     26660     10249
  10.27960  10.28765     0.050     26635     10244
  10.27926  10.28735     0.050     26661     10253
  10.27892  10.28707     0.050     26652     10253
  10.27858  10.28679     0.050     26643     10253
  10.27824  10.28652     0.050     26641     10255
  10.27790  10.28625     0.050     26650     10259
  10.27756  10.28597     0.050     26636     10255
  10.27722  10.28567     0.050     26648     10259
  10.27688  10.28537     0.050     26657     10263
  10.27654  10.28508     0.050     26643     10266
  10.27620  10.28478     0.050     26629     10261
  10.27586  10.28448     0.050     26641     10268
  10.27552  10.28416     0.050     26648     10270
  10.27518  10.28382     0.050     26638     10270
  10.27484  10.28346     0.050     26629     10268
  10.27450  10.28308     0.050     26634     10271
  10.27416  10.28271     0.050     26630     10272
  10.27382  10.28234     0.050     26625     10270
  10.27348  10.28198     0.050     26630     10276
  10.27314  10.28163     0.050     26636     10280
  10.27280  10.28127     0.050     26620     10277
  10.27246  10.28090     0.050     26636     10281
  10.27212  10.28052     0.050     26627     10283
  10.27178  10.28015     0.050     26613     10281
  10.27144  10.27979     0.050     26621     10282
  10.27110  10.27945     0.050     26624     10289
  10.27076  10.27912     0.050     26620     10283
  10.27042  10.27879     0.050     26621     10287
  10.27008  10.27846     0.050     26620     10289
  10.26974  10.27813     0.050     26629     10294
  10.26940  10.27781     0.050     26602     10288
  10.26906  10.27750     0.050     26610     10292
  10.26872  10.27720     0.050     26629     10300
  10.26838  10.27692     0.050     26604     10296
  10.26804  10.27666     0.050     26615     10299
  10.26770  10.27639     0.050     26626     10304
  10.26736  10.27611     0.050     26612     10301
  10.26702  10.27582     0.050     26595     10299
  10.26668  10.27552     0.050     26622     10308
  10.26634  10.27522     0.050     26614     10308
  10.26600  10.27493     0.050     26599     10303
  10.26566  10.27463     0.050     26596     10306
  10.26532  10.27432     0.050     26601     10312
  10.26498  10.27400     0.050     26599     10310
  10.26464  10.27364     0.050     26580     10309
  10.26430  10.27327     0.050     26594     10310
  10.26396  10.27289     0.050     26607     10319
  10.26362  10.27251     0.050     26576     10311
  10.26328  10.27215     0.050     26584     10316
  10.26294  10.27180     0.050     26601     10322
  10.26260  10.27143     0.050     26591     10323
  10.26226  10.27107     0.050     26576     10316
  10.26192  10.27070     0.050     26591     10326
  10.26158  10.27032     0.050     26612     10332
  10.26124  10.26995     0.050     26572     10321
  10.26090  10.26960     0.050     26583     10328
  10.26056  10.26926     0.050     26583     10331
  10.26022  10.26893     0.050     26584     10331
  10.25988  10.26859     0.050     26567     10329
  10.25954  10.26826     0.050     26581     10336
  10.25920  10.26793     0.050     26580     10335
  10.25886  10.26762     0.050     26572     10334
  10.25852  10.26732     0.050     26580     10338
  10.25818  10.26703     0.050     26589     10347
  10.25784  10.26676     0.050     26567     10338
  10.25750  10.26648     0.050     26572     10340
  10.25716  10.26621     0.050     26584     10350
  10.25682  10.26592     0.050     26574     10349
  10.25648  10.26562     0.050     26554     10341
  10.25614  10.26533     0.050     26588     10354
  10.25580  10.26503     0.050     26577     10351
  10.25546  10.26474     0.050     26569     10354
  10.25512  10.26443     0.050     26575     10358
  10.25478  10.26411     0.050     26581     10360
  10.25444  10.26377     0.050     26586     10364
  10.25410  10.26340     0.050     26570     10358
  10.25376  10.26301     0.050     26570     10362
  10.25342  10.26263     0.050     26578     10365
  10.25308  10.26227     0.050     26557     10363
  10.25274  10.26192     0.050     26566     10364
  10.25240  10.26156     0.050     26577     10374
  10.25206  10.26120     0.050     26568     10371
  10.25172  10.26082     0.050     26561     10370
  10.25138  10.26044     0.050     26559     10372
  10.25104  10.26007     0.050     26576     10378
  10.25070  10.25972     0.050     26552     10370
  10.25036  10.25938     0.050     26548     10371
  10.25002  10.25904     0.050     26569     10384
  10.24968  10.25872     0.050     26548     10378
  10.24934  10.25839     0.050     26538     10375
  10.24900  10.25806     0.050     26563     10384
  10.24866  10.25774     0.050     26564     10385
  10.24832  10.25743     0.050     26544     10380
  10.24798  10.25713     0.050     26551     10387
  10.24764  10.25686     0.050     26556     10390
  10.24730  10.25659     0.050     26541     10387
  10.24696  10.25632     0.050     26532     10386
  10.24662  10.25604     0.050     26548     10391
  10.24628  10.25575     0.050     26552     10395
  10.24594  10.25545     0.050     26524     10388
  10.24560  10.25515     0.050     26545     10398
  10.24526  10.25486     0.050     26554     10402
  10.24492  10.25456     0.050     26534     10396
  10.24458  10.25425     0.050     26544     10399
  10.24424  10.25391     0.050     26553     10405
  10.24390  10.25355     0.050     26537     10404
  10.24356  10.25317     0.050     26527     10403
  10.24322  10.25279     0.050     26554     10411
  10.24288  10.25242     0.050     26549     10411
  10.24254  10.25206     0.050     26528     10406
  10.24220  10.25170     0.050     26541     10414
  10.24186  10.25134     0.050     26556     10418
  10.24152  10.25097     0.050     26537     10413
  10.24118  10.25059     0.050     26545     10417
  10.24084  10.25022     0.050     26548     10423
  10.24050  10.24986     0.050     26536     10419
  10.24016  10.24951     0.050     26520     10417
  10.23982  10.24917     0.050     26548     10426
  10.23948  10.24884     0.050     26521     10422
  10.23914  10.24851     0.050     26526     10424
  10.23880  10.24818     0.050     26525     10422
  10.23846  10.24786     0.050     26542     10433
  10.23812  10.24754     0.050     26513     10422
  10.23778  10.24724     0.050     26522     10428
  10.23744  10.24696     0.050     26534     10435
  10.23710  10.24669     0.050     26522     10433
  10.23676  10.24642     0.050     26513     10429
  10.23642  10.24614     0.050     26528     10439
  10.23608  10.24585     0.050     26524     10437
  10.23574  10.24555     0.050     26510     10435
  10.23540  10.24526     0.050     26516     10438
  10.23506  10.24496     0.050     26533     10447
  10.23472  10.24466     0.050     26511     10442
  10.23438  10.24436     0.050     26525     10447
  10.23404  10.24403     0.050     26528     10451
  10.23370  10.24368     0.050     26522     10449
  10.23336  10.24330     0.050     26507     10444
  10.23302  10.24292     0.050     26516     10450
  10.23268  10.24254     0.050     26522     10454
  10.23234  10.24218     0.050     26493     10446
  10.23200  10.24182     0.050     26502     10451
  10.23166  10.24146     0.050     26513     10460
  10.23132  10.24109     0.050     26509     10456
  10.23098  10.24071     0.050     26503     10453
  10.23064  10.24033     0.050     26525     10464
  10.23030  10.23996     0.050     26497     10457
  10.22996  10.23961     0.050     26499     10461
  10.22962  10.23927     0.050     26497     10463
  10.22928  10.23894     0.050     26504     10463
  10.22894  10.23860     0.050     26473     10455
  10.22860  10.23827     0.050     26474     10454
  10.22826  10.23794     0.050     26475     10459
  10.22792  10.23763     0.050     26451     10454
  10.22758  10.23732     0.050     26452     10451
  10.22724  10.23703     0.050     26462     10457
  10.22690  10.23676     0.050     26450     10456
  10.22656  10.23649     0.050     26437     10456
  10.22622  10.23621     0.050     26481     10473
  10.22588  10.23593     0.050     26482     10472
  10.22554  10.23564     0.050     26488     10477
  10.22520  10.23534     0.050     26489     10483
  10.22486  10.23504     0.050     26512     10491
  10.22452  10.23475     0.050     26505     10489
  10.22418  10.23444     0.050     26479     10482
  10.22384  10.23412     0.050     26515     10494
  10.22350  10.23378     0.050     26499     10488
  10.22316  10.23341     0.050     26484     10487
  10.22282  10.23303     0.050     26502     10494
  10.22248  10.23265     0.050     26483     10492
  10.22214  10.23228     0.050     26482     10489
  10.22180  10.23193     0.050     26478     10489
  10.22146  10.23157     0.050     26484     10489
  10.22112  10.23120     0.050     26469     10485
  10.22078  10.23084     0.050     26450     10483
  10.22044  10.23046     0.050     26478     10489
  10.22010  10.23008     0.050     26468     10484
  10.21976  10.22973     0.050     26432     10476
  10.21942  10.22939     0.050     26459     10487
  10.21908  10.22905     0.050     26444     10480
  10.21874  10.22872     0.050     26417     10471
  10.21840  10.22839     0.050     26436     10479
  10.21806  10.22806     0.050     26451     10483
  10.21772  10.22774     0.050     26439     10479
  10.21738  10.22743     0.050     26425     10476
  10.21704  10.22714     0.050     26460     10492
  10.21670  10.22687     0.050     26429     10481
  10.21636  10.22660     0.050     26418     10481
  10.21602  10.22632     0.050     26456     10497
  10.21568  10.22604     0.050     26439     10493
  10.21534  10.22575     0.050     26433     10495
  10.21500  10.22545     0.050     26417     10491
  10.21466  10.22515     0.050     26452     10505
  10.21432  10.22486     0.050     26436     10502
  10.21398  10.22456     0.050     26406     10494
  10.21364  10.22425     0.050     26450     10508
  10.21330  10.22391     0.050     26438     10507
  10.21296  10.22355     0.050     26405     10498
  10.21262  10.22317     0.050     26427     10505
  10.21228  10.22279     0.050     26423     10504
  10.21194  10.22241     0.050     26407     10505
  10.21160  10.22205     0.050     26394     10503
  10.21126  10.22171     0.050     26434     10516
  10.21092  10.22135     0.050     26418     10514
  10.21058  10.22097     0.050     26403     10508
  10.21024  10.22060     0.050     26443     10527
  10.20990  10.22022     0.050     26447     10532
  10.20956  10.21986     0.050     26436     10528
  10.20922  10.21951     0.050     26439     10531
  10.20888  10.21917     0.050     26472     10542
  10.20854  10.21884     0.050     26441     10537
  10.20820  10.21851     0.050     26439     10537
  10.20786  10.21818     0.050     26441     10539
  10.20752  10.21785     0.050     26447     10541
  10.20718  10.21754     0.050     26437     10540
  10.20684  10.21724     0.050     26442     10542
  10.20650  10.21696     0.050     26446     10546
  10.20616  10.21668     0.050     26443     10547
  10.20582  10.21641     0.050     26422     10542
  10.20548  10.21614     0.050     26454     10547
  10.20514  10.21585     0.050     26440     10550
  10.20480  10.21555     0.050     26430     10547
  10.20446  10.21525     0.050     26428     10548
  10.20412  10.21496     0.050     26465     10559
  10.20378  10.21466     0.050     26427     10549
  10.20344  10.21435     0.050     26440     10556
  10.20310  10.21402     0.050     26446     10557
  10.20276  10.21367     0.050     26431     10556
  10.20242  10.21329     0.050     26413     10553
  10.20208  10.21290     0.050     26438     10559
  10.20174  10.21252     0.050     26439     10561
  10.20140  10.21216     0.050     26430     10559
  10.20106  10.21181     0.050     26432     10561
  10.20072  10.21145     0.050     26450     10567
  10.20038  10.21108     0.050     26426     10562
  10.20004  10.21070     0.050     26425     10564
  10.19970  10.21032     0.050     26440     10571
  10.19936  10.20996     0.050     26436     10570
  10.19902  10.20961     0.050     26417     10566
  10.19868  10.20926     0.050     26440     10569
  10.19834  10.20893     0.050     26439     10570
  10.19800  10.20860     0.050     26409     10569
  10.19766  10.20827     0.050     26417     10570
  10.19732  10.20794     0.050     26431     10574
  10.19698  10.20762     0.050     26437     10574
  10.19664  10.20732     0.050     26425     10574
  10.19630  10.20703     0.050     26430     10576
  10.19596  10.20676     0.050     26419     10574
  10.19562  10.20650     0.050     26407     10569
  10.19528  10.20622     0.050     26419     10576
  10.19494  10.20593     0.050     26415     10574
  10.19460  10.20564     0.050     26397     10568
  10.19426  10.20534     0.050     26401     10566
  10.19392  10.20504     0.050     26393     10571
  10.19358  10.20474     0.050     26382     10569
  10.19324  10.20444     0.050     26378     10566
  10.19290  10.20412     0.050     26390     10572
  10.19256  10.20377     0.050     26396     10572
  10.19222  10.20341     0.050     26399     10579
  10.19188  10.20303     0.050     26419     10583
  10.19154  10.20265     0.050     26430     10586
  10.19120  10.20228     0.050     26423     10587
  10.19086  10.20192     0.050     26413     10583
  10.19052  10.20157     0.050     26418     10585
  10.19018  10.20120     0.050     26422     10586
  10.18984  10.20083     0.050     26396     10580
  10.18950  10.20045     0.050     26422     10588
  10.18916  10.20008     0.050     26422     10587
  10.18882  10.19972     0.050     26400     10581
  10.18848  10.19938     0.050     26402     10582
  10.18814  10.19905     0.050     26415     10586
  10.18780  10.19872     0.050     26415     10586
  10.18746  10.19838     0.050     26417     10586
  10.18712  10.19806     0.050     26397     10584
  10.18678  10.19774     0.050     26422     10590
  10.18644  10.19743     0.050     26403     10584
  10.18610  10.19713     0.050     26393     10581
  10.18576  10.19685     0.050     26400     10585
  10.18542  10.19658     0.050     26393     10584
  10.18508  10.19631     0.050     26405     10583
  10.18474  10.19603     0.050     26402     10586
  10.18440  10.19574     0.050     26403     10586
  10.18406  10.19544     0.050     26391     10581
  10.18372  10.19514     0.050     26376     10576
  10.18338  10.19485     0.050     26410     10585
  10.18304  10.19455     0.050     26391     10580
  10.18270  10.19423     0.050     26396     10582
  10.18236  10.19389     0.050     26397     10582
  10.18202  10.19353     0.050     26419     10587
  10.18168  10.19315     0.050     26392     10576
  10.18134  10.19277     0.050     26394     10578
  10.18100  10.19240     0.050     26418     10584
  10.18066  10.19204     0.050     26393     10577
  10.18032  10.19169     0.050     26390     10573
  10.17998  10.19133     0.050     26403     10576
  10.17964  10.19095     0.050     26393     10572
  10.17930  10.19057     0.050     26356     10557
  10.17896  10.19020     0.050     26352     10555
  10.17862  10.18984     0.050     26364     10555
  10.17828  10.18950     0.050     26345     10547
  10.17794  10.18916     0.050     26339     10547
  10.17760  10.18882     0.050     26344     10549
  10.17726  10.18849     0.050     26350     10548
  10.17692  10.18816     0.050     26345     10544
  10.17658  10.18784     0.050     26376     10551
  10.17624  10.18752     0.050     26387     10558
  10.17590  10.18722     0.050     26384     10554
  10.17556  10.18694     0.050     26387     10555
  10.17522  10.18667     0.050     26412     10556
  10.17488  10.18640     0.050     26392     10551
  10.17454  10.18612     0.050     26380     10545
  10.17420  10.18583     0.050     26393     10549
  10.17386  10.18553     0.050     26399     10546
  10.17352  10.18523     0.050     26383     10535
  10.17318  10.18493     0.050     26401     10539
  10.17284  10.18463     0.050     26395     10534
  10.17250  10.18433     0.050     26383     10525
  10.17216  10.18399     0.050     26376     10524
  10.17182  10.18363     0.050     26390     10525
  10.17148  10.18326     0.050     26381     10515
  10.17114  10.18287     0.050     26379     10512
  10.17080  10.18250     0.050     26385     10510
  10.17046  10.18213     0.050     26398     10508
  10.17012  10.18178     0.050     26361     10492
  10.16978  10.18142     0.050     26374     10489
  10.16944  10.18105     0.050     26376     10486
  10.16910  10.18067     0.050     26362     10477
  10.16876  10.18029     0.050     26366     10472
  10.16842  10.17993     0.050     26380     10472
  10.16808  10.17958     0.050     26370     10460
  10.16774  10.17924     0.050     26344     10448
  10.16740  10.17891     0.050     26387     10455
  10.16706  10.17858     0.050     26387     10443
  10.16672  10.17825     0.050     26348     10429
  10.16638  10.17792     0.050     26401     10436
  10.16604  10.17760     0.050     26395     10425
  10.16570  10.17730     0.050     26365     10408
  10.16536  10.17702     0.050     26371     10401
  10.16502  10.17674     0.050     26398     10400
  10.16468  10.17647     0.050     26372     10384
  10.16434  10.17620     0.050     26353     10368
  10.16400  10.17591     0.050     26382     10367
  10.16366  10.17562     0.050     26385     10352
  10.16332  10.17532     0.050     26365     10336
  10.16298  10.17502     0.050     26370     10329
  10.16264  10.17473     0.050     26397     10323
  10.16230  10.17442     0.050     26362     10297
  10.16196  10.17410     0.050     26349     10277
  10.16162  10.17375     0.050     26383     10275
  10.16128  10.17338     0.050     26376     10254
  10.16094  10.17300     0.050     26354     10232
  10.16060  10.17262     0.050     26387     10223
  10.16026  10.17226     0.050     26380     10200
  10.15992  10.17190     0.050     26347     10170
  10.15958  10.17155     0.050     26355     10152
  10.15924  10.17118     0.050     26389     10136
  10.15890  10.17080     0.050     26361     10102
  10.15856  10.17043     0.050     26345     10075
  10.15822  10.17006     0.050     26360     10051
  10.15788  10.16971     0.050     26354     10021
  10.15754  10.16936     0.050     26334      9986
  10.15720  10.16903     0.050     26345      9958
  10.15686  10.16870     0.050     26368      9931
  10.15652  10.16837     0.050     26340      9884
  10.15618  10.16804     0.050     26355      9851
  10.15584  10.16771     0.050     26364      9810
  10.15550  10.16740     0.050     26359      9764
  10.15516  10.16711     0.050     26339      9711
  10.15482  10.16684     0.050     26369      9664
  10.15448  10.16657     0.050     26361      9608
  10.15414  10.16630     0.050     26347      9546
  10.15380  10.16602     0.050     26357      9481
  10.15346  10.16572     0.050     26362      9413
  10.15312  10.16542     0.050     26350      9334
  10.15278  10.16512     0.050     26355      9253
  10.15244  10.16483     0.050     26366      9166
  10.15210  10.16453     0.050     26352      9067
  10.15176  10.16421     0.050     26341      8962
  10.15142  10.16387     0.050     26357      8847
  10.15108  10.16351     0.050     26372      8728
  10.15074  10.16313     0.050     26332      8586
  10.15040  10.16275     0.050     26347      8438
  10.15006  10.16238     0.050     26356      8277
  10.14972  10.16202     0.050     26354      8098
  10.14938  10.16166     0.050     26335      7901
  10.14904  10.16130     0.050     26364      7684
  10.14870  10.16092     0.050     26351      7447
  10.14836  10.16054     0.050     26341      7187
  10.14802  10.16017     0.050     26363      6899
  10.14768  10.15981     0.050     26358      6587
  10.14734  10.15947     0.050     26331      6247
  10.14700  10.15913     0.050     26338      5875
  10.14666  10.15880     0.050     26341      5479
  10.14632  10.15847     0.050     26337      5064
  10.14598  10.15813     0.050     26323      4625
  10.14564  10.15781     0.050     26345      4169
  10.14530  10.15750     0.050     26322      3722
  10.14496  10.15720     0.050     26316      3278
  10.14462  10.15691     0.050     26332      2844
  10.14428  10.15665     0.050     26331      2449
  10.14394  10.15637     0.050     26324      2095
  10.14360  10.15609     0.050     26327      1786
  10.14326  10.15579     0.050     26346      1533
  10.14292  10.15550     0.050     26327      1344
  10.14258  10.15520     0.050     26336      1215
  10.14224  10.15490     0.050     26338      1149
  10.14190  10.15461     0.050     26338      1145
  10.14156  10.15429     0.050     26315      1196
  10.14122  10.15396     0.050     26331      1305
  10.14088  10.15360     0.050     26349      1460
  10.14054  10.15322     0.050     26333      1651
  10.14020  10.15284     0.050     26322      1877
  10.13986  10.15247     0.050     26332      2129
  10.13952  10.15211     0.050     26324      2389
  10.13918  10.15175     0.050     26325      2651
  10.13884  10.15140     0.050     26327      2915
  10.13850  10.15102     0.050     26323      3156
  10.13816  10.15064     0.050     26307      3374
  10.13782  10.15027     0.050     26314      3568
  10.13748  10.14990     0.050     26325      3736
  10.13714  10.14955     0.050     26328      3867
  10.13680  10.14922     0.050     26310      3968
  10.13646  10.14888     0.050     26310      4041
  10.13612  10.14855     0.050     26305      4087
  10.13578  10.14822     0.050     26303      4110
  10.13544  10.14790     0.050     26302      4113
  10.13510  10.14758     0.050     26328      4103
  10.13476  10.14728     0.050     26307      4076
  10.13442  10.14699     0.050     26315      4043
  10.13408  10.14672     0.050     26312      4008
  10.13374  10.14645     0.050     26311      3972
  10.13340  10.14617     0.050     26305      3940
  10.13306  10.14589     0.050     26318      3913
  10.13272  10.14559     0.050     26320      3897
  10.13238  10.14529     0.050     26301      3885
  10.13204  10.14499     0.050     26319      3888
  10.13170  10.14470     0.050     26315      3897
  10.13136  10.14440     0.050     26305      3912
  10.13102  10.14407     0.050     26299      3939
  10.13068  10.14372     0.050     26318      3972
  10.13034  10.14334     0.050     26298      4008
  10.13000  10.14296     0.050     26306      4050
  10.12966  10.14259     0.050     26303      4093
  10.12932  10.14223     0.050     26291      4137
  10.12898  10.14187     0.050     26298      4182
  10.12864  10.14151     0.050     26318      4230
  10.12830  10.14114     0.050     26298      4273
  10.12796  10.14076     0.050     26291      4315
  10.12762  10.14038     0.050     26302      4356
  10.12728  10.14002     0.050     26306      4396
  10.12694  10.13966     0.050     26300      4430
  10.12660  10.13932     0.050     26288      4461
  10.12626  10.13898     0.050     26319      4495
  10.12592  10.13866     0.050     26294      4518
  10.12558  10.13832     0.050     26291      4541
  10.12524  10.13799     0.050     26297      4561
  10.12490  10.13767     0.050     26307      4579
  10.12456  10.13736     0.050     26292      4590
  10.12422  10.13707     0.050     26293      4603
  10.12388  10.13680     0.050     26317      4614
  10.12354  10.13653     0.050     26312      4617
  10.12320  10.13625     0.050     26315      4620
  10.12286  10.13597     0.050     26310      4621
  10.12252  10.13567     0.050     26324      4618
  10.12218  10.13537     0.050     26293      4609
  10.12184  10.13507     0.050     26305      4604
  10.12150  10.13477     0.050     26313      4595
  10.12116  10.13447     0.050     26309      4585
  10.12082  10.13415     0.050     26306      4572
  10.12048  10.13380     0.050     26306      4557
  10.12014  10.13343     0.050     26304      4543
  10.11980  10.13305     0.050     26296      4530
  10.11946  10.13267     0.050     26311      4515
  10.11912  10.13230     0.050     26309      4501
  10.11878  10.13194     0.050     26308      4484
  10.11844  10.13159     0.050     26281      4466
  10.11810  10.13122     0.050     26313      4453
  10.11776  10.13084     0.050     26309      4437
  10.11742  10.13046     0.050     26288      4420
  10.11708  10.13008     0.050     26302      4406
  10.11674  10.12972     0.050     26305      4393
  10.11640  10.12938     0.050     26293      4379
  10.11606  10.12905     0.050     26300      4365
  10.11572  10.12871     0.050     26304      4352
  10.11538  10.12837     0.050     26321      4340
  10.11504  10.12804     0.050     26288      4326
  10.11470  10.12772     0.050     26285      4315
  10.11436  10.12741     0.050     26313      4307
  10.11402  10.12712     0.050     26277      4294
  10.11368  10.12684     0.050     26277      4286
  10.11334  10.12657     0.050     26297      4278
  10.11300  10.12629     0.050     26302      4269
  10.11266  10.12601     0.050     26271      4259
  10.11232  10.12571     0.050     26288      4253
  10.11198  10.12542     0.050     26291      4246
  10.11164  10.12512     0.050     26287      4238
  10.11130  10.12483     0.050     26270      4230
  10.11096  10.12452     0.050     26307      4224
  10.11062  10.12421     0.050     26290      4218
  10.11028  10.12387     0.050     26277      4208
  10.10994  10.12350     0.050     26290      4205
  10.10960  10.12312     0.050     26289      4197
  10.10926  10.12274     0.050     26287      4190
  10.10892  10.12237     0.050     26264      4182
  10.10858  10.12201     0.050     26298      4179
  10.10824  10.12165     0.050     26277      4170
  10.10790  10.12129     0.050     26264      4164
  10.10756  10.12092     0.050     26279      4159
  10.10722  10.12054     0.050     26290      4153
  10.10688  10.12017     0.050     26251      4145
  10.10654  10.11981     0.050     26276      4140
  10.10620  10.11946     0.050     26303      4136
  10.10586  10.11912     0.050     26256      4123
  10.10552  10.11879     0.050     26272      4117
  10.10518  10.11845     0.050     26274      4111
  10.10484  10.11813     0.050     26275      4100
  10.10450  10.11780     0.050     26269      4089
  10.10416  10.11749     0.050     26282      4082
  10.10382  10.11719     0.050     26274      4070
  10.10348  10.11691     0.050     26275      4060
  10.10314  10.11664     0.050     26262      4048
  10.10280  10.11637     0.050     26280      4039
  10.10246  10.11609     0.050     26270      4028
  10.10212  10.11579     0.050     26246      4014
  10.10178  10.11550     0.050     26268      4004
  10.10144  10.11520     0.050     26275      3992
  10.10110  10.11490     0.050     26257      3980
  10.10076  10.11461     0.050     26261      3968
  10.10042  10.11429     0.050     26279      3957
  10.10008  10.11396     0.050     26273      3947
  10.09974  10.11360     0.050     26248      3935
  10.09940  10.11322     0.050     26286      3928
  10.09906  10.11284     0.050     26282      3918
  10.09872  10.11246     0.050     26249      3906
  10.09838  10.11210     0.050     26277      3901
  10.09804  10.11174     0.050     26275      3894
  10.09770  10.11138     0.050     26249      3885
  10.09736  10.11101     0.050     26260      3882
  10.09702  10.11063     0.050     26279      3879
  10.09668  10.11026     0.050     26271      3875
  10.09634  10.10989     0.050     26252      3873
  10.09600  10.10954     0.050     26277      3875
  10.09566  10.10921     0.050     26274      3876
  10.09532  10.10888     0.050     26239      3876
  10.09498  10.10854     0.050     26267      3882
  10.09464  10.10821     0.050     26278      3888
  10.09430  10.10788     0.050     26254      3893
  10.09396  10.10756     0.050     26250      3901
  10.09362  10.10726     0.050     26280      3915
  10.09328  10.10698     0.050     26248      3924
  10.09294  10.10670     0.050     26233      3934
  10.09260  10.10643     0.050     26266      3950
  10.09226  10.10615     0.050     26270      3965
  10.09192  10.10586     0.050     26238      3976
  10.09158  10.10557     0.050     26262      3995
  10.09124  10.10527     0.050     26274      4014
  10.09090  10.10497     0.050     26246      4028
  10.09056  10.10467     0.050     26242      4045
  10.09022  10.10437     0.050     26255      4066
  10.08988  10.10404     0.050     26249      4085
  10.08954  10.10368     0.050     26234      4101
  10.08920  10.10330     0.050     26245      4125
  10.08886  10.10292     0.050     26252      4146
  10.08852  10.10254     0.050     26231      4161
  10.08818  10.10217     0.050     26236      4182
  10.08784  10.10182     0.050     26258      4204
  10.08750  10.10145     0.050     26250      4223
  10.08716  10.10108     0.050     26229      4239
  10.08682  10.10070     0.050     26233      4258
  10.08648  10.10032     0.050     26257      4278
  10.08614  10.09995     0.050     26227      4290
  10.08580  10.09960     0.050     26248      4312
  10.08546  10.09926     0.050     26246      4326
  10.08512  10.09893     0.050     26244      4342
  10.08478  10.09859     0.050     26232      4356
  10.08444  10.09826     0.050     26231      4369
  10.08410  10.09793     0.050     26238      4382
  10.08376  10.09761     0.050     26241      4394
  10.08342  10.09731     0.050     26226      4405
  10.08308  10.09702     0.050     26251      4416
  10.08274  10.09675     0.050     26227      4426
  10.08240  10.09648     0.050     26242      4437
  10.08206  10.09620     0.050     26234      4444
  10.08172  10.09591     0.050     26237      4454
  10.08138  10.09562     0.050     26229      4461
  10.08104  10.09532     0.050     26236      4469
  10.08070  10.09502     0.050     26228      4474
  10.08036  10.09472     0.050     26226      4480
  10.08002  10.09442     0.050     26224      4487
  10.07968  10.09410     0.050     26231      4492
  10.07934  10.09375     0.050     26224      4497
  10.07900  10.09338     0.050     26242      4503
  10.07866  10.09299     0.050     26226      4506
  10.07832  10.09261     0.050     26230      4510
  10.07798  10.09225     0.050     26226      4513
  10.07764  10.09189     0.050     26250      4518
  10.07730  10.09153     0.050     26217      4518
  10.07696  10.09116     0.050     26221      4522
  10.07662  10.09079     0.050     26236      4526
  10.07628  10.09041     0.050     26235      4527
  10.07594  10.09004     0.050     26206      4528
  10.07560  10.08969     0.050     26239      4532
  10.07526  10.08934     0.050     26233      4533
  10.07492  10.08901     0.050     26209      4532
  10.07458  10.08868     0.050     26216      4535
  10.07424  10.08835     0.050     26234      4538
  10.07390  10.08801     0.050     26219      4537
  10.07356  10.08769     0.050     26205      4538
  10.07322  10.08738     0.050     26227      4543
  10.07288  10.08709     0.050     26240      4543
  10.07254  10.08682     0.050     26193      4539
  10.07220  10.08655     0.050     26224      4545
  10.07186  10.08627     0.050     26241      4547
  10.07152  10.08598     0.050     26202      4544
  10.07118  10.08569     0.050     26210      4546
  10.07084  10.08539     0.050     26234      4548
  10.07050  10.08509     0.050     26219      4547
  10.07016  10.08480     0.050     26205      4547
  10.06982  10.08449     0.050     26212      4548
  10.06948  10.08417     0.050     26230      4551
  10.06914  10.08383     0.050     26206      4549
  10.06880  10.08346     0.050     26206      4549
  10.06846  10.08308     0.050     26218      4550
  10.06812  10.08270     0.050     26205      4548
  10.06778  10.08233     0.050     26199      4549
  10.06744  10.08197     0.050     26221      4553
  10.06710  10.08161     0.050     26210      4550
  10.06676  10.08125     0.050     26200      4547
  10.06642  10.08087     0.050     26200      4547
  10.06608  10.08049     0.050     26223      4548
  10.06574  10.08012     0.050     26190      4546
  10.06540  10.07976     0.050     26198      4544
  10.06506  10.07941     0.050     26207      4545
  10.06472  10.07908     0.050     26206      4543
  10.06438  10.07874     0.050     26193      4539
  10.06404  10.07841     0.050     26203      4538
  10.06370  10.07808     0.050     26213      4537
  10.06336  10.07775     0.050     26183      4533
  10.06302  10.07744     0.050     26201      4532
  10.06268  10.07715     0.050     26211      4530
  10.06234  10.07686     0.050     26204      4528
  10.06200  10.07659     0.050     26183      4522
  10.06166  10.07632     0.050     26196      4520
  10.06132  10.07603     0.050     26189      4515
  10.06098  10.07574     0.050     26198      4511
  10.06064  10.07544     0.050     26196      4506
  10.06030  10.07513     0.050     26188      4503
  10.05996  10.07484     0.050     26191      4497
  10.05962  10.07453     0.050     26195      4493
  10.05928  10.07421     0.050     26205      4487
  10.05894  10.07387     0.050     26203      4482
  10.05860  10.07350     0.050     26183      4474
  10.05826  10.07312     0.050     26195      4469
  10.05792  10.07274     0.050     26195      4464
  10.05758  10.07236     0.050     26180      4456
  10.05724  10.07200     0.050     26190      4451
  10.05690  10.07164     0.050     26185      4444
  10.05656  10.07127     0.050     26195      4436
  10.05622  10.07090     0.050     26183      4428
  10.05588  10.07052     0.050     26184      4422
  10.05554  10.07015     0.050     26179      4412
  10.05520  10.06979     0.050     26190      4406
  10.05486  10.06944     0.050     26179      4396
  10.05452  10.06910     0.050     26189      4388
  10.05418  10.06877     0.050     26169      4378
  10.05384  10.06843     0.050     26178      4369
  10.05350  10.06810     0.050     26198      4363
  10.05316  10.06777     0.050     26178      4352
  10.05282  10.06746     0.050     26190      4343
  10.05248  10.06717     0.050     26185      4335
  10.05214  10.06689     0.050     26189      4323
  10.05180  10.06661     0.050     26169      4311
  10.05146  10.06634     0.050     26170      4304
  10.05112  10.06606     0.050     26190      4295
  10.05078  10.06577     0.050     26175      4283
  10.05044  10.06547     0.050     26176      4273
  10.05010  10.06517     0.050     26178      4265
  10.04976  10.06488     0.050     26184      4256
  10.04942  10.06457     0.050     26152      4242
  10.04908  10.06426     0.050     26175      4235
  10.04874  10.06392     0.050     26171      4225
  10.04840  10.06356     0.050     26169      4216
  10.04806  10.06317     0.050     26159      4205
  10.04772  10.06279     0.050     26181      4198
  10.04738  10.06242     0.050     26171      4188
  10.04704  10.06206     0.050     26165      4178
  10.04670  10.06170     0.050     26180      4170
  10.04636  10.06134     0.050     26182      4165
  10.04602  10.06096     0.050     26152      4154
  10.04568  10.06058     0.050     26160      4150
  10.04534  10.06020     0.050     26168      4143
  10.04500  10.05984     0.050     26171      4136
  10.04466  10.05950     0.050     26143      4128
  10.04432  10.05916     0.050     26171      4127
  10.04398  10.05882     0.050     26178      4121
  10.04364  10.05849     0.050     26158      4114
  10.04330  10.05816     0.050     26140      4112
  10.04296  10.05783     0.050     26176      4111
  10.04262  10.05752     0.050     26164      4107
  10.04228  10.05721     0.050     26138      4102
  10.04194  10.05693     0.050     26158      4105
  10.04160  10.05666     0.050     26155      4102
  10.04126  10.05638     0.050     26137      4101
  10.04092  10.05610     0.050     26149      4102
  10.04058  10.05581     0.050     26156      4105
  10.04024  10.05552     0.050     26156      4107
  10.03990  10.05522     0.050     26131      4109
  10.03956  10.05492     0.050     26145      4113
  10.03922  10.05461     0.050     26155      4117
  10.03888  10.05430     0.050     26125      4119
  10.03854  10.05397     0.050     26144      4125
  10.03820  10.05361     0.050     26166      4135
  10.03786  10.05323     0.050     26124      4137
  10.03752  10.05285     0.050     26125      4144
  10.03718  10.05247     0.050     26154      4152
  10.03684  10.05211     0.050     26141      4160
  10.03650  10.05175     0.050     26131      4166
  10.03616  10.05139     0.050     26148      4175
  10.03582  10.05101     0.050     26154      4185
  10.03548  10.05063     0.050     26142      4194
  10.03514  10.05025     0.050     26139      4201
  10.03480  10.04988     0.050     26133      4213
  10.03446  10.04954     0.050     26133      4223
  10.03412  10.04920     0.050     26127      4233
  10.03378  10.04886     0.050     26139      4243
  10.03344  10.04853     0.050     26145      4255
  10.03310  10.04819     0.050     26123      4263
  10.03276  10.04786     0.050     26143      4276
  10.03242  10.04754     0.050     26142      4287
  10.03208  10.04724     0.050     26122      4295
  10.03174  10.04695     0.050     26128      4306
  10.03140  10.04667     0.050     26142      4317
  10.03106  10.04640     0.050     26116      4324
  10.03072  10.04612     0.050     26121      4336
  10.03038  10.04583     0.050     26145      4348
  10.03004  10.04552     0.050     26136      4356
  10.02970  10.04522     0.050     26116      4363
  10.02936  10.04493     0.050     26134      4375
  10.02902  10.04462     0.050     26139      4385
  10.02868  10.04431     0.050     26111      4390
  10.02834  10.04398     0.050     26130      4400
  10.02800  10.04361     0.050     26136      4410
  10.02766  10.04324     0.050     26122      4414
  10.02732  10.04285     0.050     26112      4423
  10.02698  10.04248     0.050     26135      4433
  10.02664  10.04211     0.050     26125      4440
  10.02630  10.04176     0.050     26102      4443
  10.02596  10.04140     0.050     26138      4454
  10.02562  10.04103     0.050     26135      4461
  10.02528  10.04065     0.050     26101      4462
  10.02494  10.04027     0.050     26103      4470
  10.02460  10.03990     0.050     26128      4479
  10.02426  10.03955     0.050     26124      4482
  10.02392  10.03921     0.050     26103      4485
  10.02358  10.03888     0.050     26130      4494
  10.02324  10.03854     0.050     26126      4500
  10.02290  10.03821     0.050     26109      4501
  10.02256  10.03788     0.050     26105      4506
  10.02222  10.03757     0.050     26129      4512
  10.02188  10.03727     0.050     26105      4513
  10.02154  10.03698     0.050     26093      4517
  10.02120  10.03670     0.050     26117      4524
  10.02086  10.03643     0.050     26108      4525
  10.02052  10.03615     0.050     26087      4525
  10.02018  10.03586     0.050     26116      4530
  10.01984  10.03556     0.050     26113      4535
  10.01950  10.03527     0.050     26096      4534
  10.01916  10.03497     0.050     26088      4535
  10.01882  10.03467     0.050     26127      4544
  10.01848  10.03436     0.050     26102      4542
  10.01814  10.03403     0.050     26093      4544
  10.01780  10.03367     0.050     26103      4547
  10.01746  10.03330     0.050     26115      4549
  10.01712  10.03291     0.050     26079      4548
  10.01678  10.03253     0.050     26108      4551
  10.01644  10.03217     0.050     26099      4554
  10.01610  10.03181     0.050     26096      4556
  10.01576  10.03145     0.050     26077      4554
  10.01542  10.03108     0.050     26112      4558
  10.01508  10.03070     0.050     26101      4559
  10.01474  10.03032     0.050     26076      4558
  10.01440  10.02995     0.050     26103      4561
  10.01406  10.02960     0.050     26100      4562
  10.01372  10.02926     0.050     26099      4564
  10.01338  10.02893     0.050     26086      4563
  10.01304  10.02859     0.050     26110      4566
  10.01270  10.02826     0.050     26085      4564
  10.01236  10.02793     0.050     26074      4565
  10.01202  10.02761     0.050     26099      4567
  10.01168  10.02730     0.050     26101      4568
  10.01134  10.02701     0.050     26087      4567
  10.01100  10.02674     0.050     26081      4566
  10.01066  10.02647     0.050     26108      4570
  10.01032  10.02619     0.050     26069      4568
  10.00998  10.02590     0.050     26073      4568
  10.00964  10.02560     0.050     26090      4569
  10.00930  10.02530     0.050     26099      4570
  10.00896  10.02501     0.050     26065      4569
  10.00862  10.02471     0.050     26094      4571
  10.00828  10.02440     0.050     26103      4571
  10.00794  10.02407     0.050     26064      4569
  10.00760  10.02372     0.050     26083      4571
  10.00726  10.02334     0.050     26099      4572
  10.00692  10.02296     0.050     26061      4568
  10.00658  10.02258     0.050     26070      4570
  10.00624  10.02222     0.050     26068      4570
  10.00590  10.02186     0.050     26082      4570
  10.00556  10.02150     0.050     26056      4567
  10.00522  10.02113     0.050     26068      4568
  10.00488  10.02075     0.050     26068      4569
  10.00454  10.02036     0.050     26062      4568
  10.00420  10.02000     0.050     26061      4566
  10.00386  10.01964     0.050     26095      4571
  10.00352  10.01930     0.050     26072      4568
  10.00318  10.01896     0.050     26061      4566
  10.00284  10.01863     0.050     26078      4568
  10.00250  10.01829     0.050     26082      4566
  10.00216  10.01796     0.050     26063      4565
  10.00182  10.01763     0.050     26058      4563
  10.00148  10.01733     0.050     26075      4562
  10.00114  10.01704     0.050     26060      4561
  10.00080  10.01676     0.050     26051      4560
  10.00046  10.01649     0.050     26065      4563
  10.00012  10.01621     0.050     26052      4559
   9.99978  10.01592     0.050     26035      4556
   9.99944  10.01563     0.050     26066      4558
   9.99910  10.01533     0.050     26051      4555
   9.99876  10.01503     0.050     26043      4553
   9.99842  10.01473     0.050     26047      4552
   9.99808  10.01442     0.050     26044      4551
   9.99774  10.01410     0.050     26069      4550
   9.99740  10.01375     0.050     26048      4546
   9.99706  10.01338     0.050     26058      4548
   9.99672  10.01300     0.050     26063      4545
   9.99638  10.01262     0.050     26047      4543
   9.99604  10.01225     0.050     26045      4540
   9.99570  10.01189     0.050     26056      4540
   9.99536  10.01153     0.050     26044      4538
   9.99502  10.01117     0.050     26042      4536
   9.99468  10.01079     0.050     26047      4533
   9.99434  10.01040     0.050     26039      4531
   9.99400  10.01004     0.050     26038      4529
   9.99366  10.00968     0.050     26051      4527
   9.99332  10.00934     0.050     26029      4524
   9.99298  10.00900     0.050     26027      4522
   9.99264  10.00867     0.050     26037      4520
   9.99230  10.00833     0.050     26020      4515
   9.99196  10.00800     0.050     26048      4516
   9.99162  10.00768     0.050     26014      4510
   9.99128  10.00737     0.050     26034      4508
   9.99094  10.00708     0.050     26033      4505
   9.99060  10.00681     0.050     26015      4500
   9.99026  10.00654     0.050     26015      4498
   9.98992  10.00626     0.050     26028      4495
   9.98958  10.00597     0.050     25998      4489
   9.98924  10.00568     0.050     26018      4488
   9.98890  10.00538     0.050     26029      4485
   9.98856  10.00509     0.050     26015      4479
   9.98822  10.00479     0.050     26008      4477
   9.98788  10.00448     0.050     26006      4473
   9.98754  10.00416     0.050     26014      4469
   9.98720  10.00381     0.050     25984      4464
   9.98686  10.00344     0.050     25997      4461
   9.98652  10.00306     0.050     25995      4457
   9.98618  10.00268     0.050     25977      4451
   9.98584  10.00231     0.050     25966      4449
   9.98550  10.00195     0.050     25981      4444
   9.98516  10.00159     0.050     25954      4437
   9.98482  10.00123     0.050     25935      4432
   9.98448  10.00085     0.050     25939      4429
   9.98414  10.00047     0.050     25908      4420
   9.98380  10.00010     0.050     25867      4411
   9.98346   9.99974     0.050     25850      4402
   9.98312   9.99939     0.050     25766      4387
   9.98278   9.99906     0.050     25664      4367
   9.98244   9.99873     0.050     25520      4341
   9.98210   9.99839     0.050     25365      4310
   9.98176   9.99806     0.050     25163      4273
   9.98142   9.99774     0.050     24967      4240
   9.98108   9.99743     0.050     24861      4214
   9.98074   9.99713     0.050     24776      4197
   9.98040   9.99685     0.050     24770      4196
   9.98006   9.99658     0.050     24853      4207
   9.97972   9.99631     0.050     24980      4228
   9.97938   9.99603     0.050     25142      4256
   9.97904   9.99573     0.050     25351      4289
   9.97870   9.99543     0.050     25599      4329
   9.97836   9.99513     0.050     25768      4353
   9.97802   9.99483     0.050     25879      4375
   9.97768   9.99453     0.050     25987      4389
   9.97734   9.99421     0.050     26033      4394
   9.97700   9.99387     0.050     26031      4397
   9.97666   9.99351     0.050     26046      4395
   9.97632   9.99312     0.050     26072      4397
   9.97598   9.99273     0.050     26054      4396
   9.97564   9.99236     0.050     26051      4395
   9.97530   9.99201     0.050     26053      4394
   9.97496   9.99165     0.050     26051      4396
   9.97462   9.99128     0.050     26051      4394
   9.97428   9.99090     0.050     26041      4393
   9.97394   9.99052     0.050     26075      4396
   9.97360   9.99014     0.050     26042      4394
   9.97326   9.98978     0.050     26029      4394
   9.97292   9.98944     0.050     26055      4395
   9.97258   9.98910     0.050     26055      4396
   9.97224   9.98876     0.050     26042      4396
   9.97190   9.98843     0.050     26039      4397
   9.97156   9.98810     0.050     26047      4398
   9.97122   9.98777     0.050     26044      4399
   9.97088   9.98746     0.050     26020      4402
   9.97054   9.98716     0.050     26054      4403
   9.97020   9.98688     0.050     26034      4404
   9.96986   9.98661     0.050     26040      4407
   9.96952   9.98634     0.050     26035      4408
   9.96918   9.98605     0.050     26042      4408
   9.96884   9.98576     0.050     26030      4410
   9.96850   9.98546     0.050     26030      4414
   9.96816   9.98517     0.050     26038      4416
   9.96782   9.98487     0.050     26021      4417
   9.96748   9.98457     0.050     26012      4418
   9.96714   9.98425     0.050     26020      4421
   9.96680   9.98391     0.050     26019      4424
   9.96646   9.98355     0.050     26012      4425
   9.96612   9.98317     0.050     26007      4428
   9.96578   9.98279     0.050     26028      4435
   9.96544   9.98242     0.050     26015      4436
   9.96510   9.98205     0.050     26000      4437
   9.96476   9.98170     0.050     26013      4441
   9.96442   9.98133     0.050     25998      4441
   9.96408   9.98096     0.050     26002      4445
   9.96374   9.98059     0.050     26004      4447
   9.96340   9.98021     0.050     26007      4453
   9.96306   9.97985     0.050     25993      4454
   9.96272   9.97950     0.050     25984      4456
   9.96238   9.97916     0.050     25989      4459
   9.96204   9.97882     0.050     25977      4463
   9.96170   9.97849     0.050     25966      4463
   9.96136   9.97816     0.050     25994      4469
   9.96102   9.97784     0.050     25967      4468
   9.96068   9.97752     0.050     25946      4470
   9.96034   9.97722     0.050     25941      4473
   9.96000   9.97694     0.050     25931      4475
   9.95966   9.97667     0.050     25889      4472
   9.95932   9.97639     0.050     25868      4470
   9.95898   9.97611     0.050     25829      4466
   9.95864   9.97582     0.050     25736      4454
   9.95830   9.97553     0.050     25634      4439
   9.95796   9.97523     0.050     25532      4425
   9.95762   9.97493     0.050     25457      4416
   9.95728   9.97463     0.050     25425      4413
   9.95694   9.97432     0.050     25431      4417
   9.95660   9.97399     0.050     25474      4426
   9.95626   9.97363     0.050     25508      4437
   9.95592   9.97325     0.050     25606      4460
   9.95558   9.97287     0.050     25726      4483
   9.95524   9.97249     0.050     25868      4510
   9.95490   9.97213     0.050     25951      4527
   9.95456   9.97177     0.050     26028      4543
   9.95422   9.97141     0.050     26066      4552
   9.95388   9.97104     0.050     26074      4556
   9.95354   9.97066     0.050     26049      4558
   9.95320   9.97028     0.050     26060      4562
   9.95286   9.96992     0.050     26075      4565
   9.95252   9.96957     0.050     26047      4568
   9.95218   9.96923     0.050     26044      4569
   9.95184   9.96890     0.050     26053      4574
   9.95150   9.96856     0.050     26047      4576
   9.95116   9.96823     0.050     26031      4577
   9.95082   9.96790     0.050     26049      4582
   9.95048   9.96758     0.050     26043      4584
   9.95014   9.96728     0.050     26014      4582
   9.94980   9.96700     0.050     26030      4588
   9.94946   9.96672     0.050     26044      4592
   9.94912   9.96645     0.050     26025      4592
   9.94878   9.96617     0.050     26017      4596
   9.94844   9.96588     0.050     26047      4601
   9.94810   9.96558     0.050     26022      4601
   9.94776   9.96529     0.050     26003      4600
   9.94742   9.96498     0.050     26029      4607
   9.94708   9.96468     0.050     26030      4608
   9.94674   9.96438     0.050     26008      4610
   9.94640   9.96405     0.050     26000      4611
   9.94606   9.96369     0.050     26029      4615
   9.94572   9.96332     0.050     25988      4615
   9.94538   9.96293     0.050     25966      4616
   9.94504   9.96255     0.050     25978      4619
   9.94470   9.96219     0.050     25999      4622
   9.94436   9.96183     0.050     25964      4622
   9.94402   9.96147     0.050     25987      4627
   9.94368   9.96109     0.050     26008      4632
   9.94334   9.96071     0.050     26004      4637
   9.94300   9.96033     0.050     26018      4638
   9.94266   9.95996     0.050     26055      4648
   9.94232   9.95961     0.050     26048      4650
   9.94198   9.95927     0.050     26018      4650
   9.94164   9.95894     0.050     26042      4655
   9.94130   9.95861     0.050     26053      4657
   9.94096   9.95827     0.050     26028      4658
   9.94062   9.95794     0.050     26012      4660
   9.94028   9.95763     0.050     26041      4664
   9.93994   9.95733     0.050     26027      4666
   9.93960   9.95703     0.050     26030      4667
   9.93926   9.95676     0.050     26043      4671
   9.93892   9.95649     0.050     26031      4673
   9.93858   9.95621     0.050     26010      4674
   9.93824   9.95593     0.050     26034      4676
   9.93790   9.95563     0.050     25990      4673
   9.93756   9.95533     0.050     25948      4667
   9.93722   9.95503     0.050     25864      4653
   9.93688   9.95474     0.050     25751      4635
   9.93654   9.95443     0.050     25549      4600
   9.93620   9.95411     0.050     25331      4565
   9.93586   9.95376     0.050     25127      4529
   9.93552   9.95339     0.050     24926      4494
   9.93518   9.95300     0.050     24763      4466
   9.93484   9.95263     0.050     24660      4448
   9.93450   9.95226     0.050     24601      4439
   9.93416   9.95191     0.050     24568      4438
   9.93382   9.95155     0.050     24663      4456
   9.93348   9.95118     0.050     24793      4482
   9.93314   9.95081     0.050     24944      4513
   9.93280   9.95042     0.050     25123      4546
   9.93246   9.95005     0.050     25294      4575
   9.93212   9.94970     0.050     25419      4601
   9.93178   9.94936     0.050     25500      4619
   9.93144   9.94902     0.050     25652      4644
   9.93110   9.94869     0.050     25722      4661
   9.93076   9.94836     0.050     25767      4672
   9.93042   9.94803     0.050     25815      4679
   9.93008   9.94771     0.050     25840      4683
   9.92974   9.94740     0.050     25841      4686
   9.92940   9.94711     0.050     25843      4686
   9.92906   9.94683     0.050     25846      4689
   9.92872   9.94656     0.050     25831      4686
   9.92838   9.94628     0.050     25755      4676
   9.92804   9.94600     0.050     25717      4667
   9.92770   9.94570     0.050     25619      4651
   9.92736   9.94540     0.050     25540      4640
   9.92702   9.94511     0.050     25507      4634
   9.92668   9.94481     0.050     25501      4633
   9.92634   9.94451     0.050     25477      4631
   9.92600   9.94419     0.050     25481      4634
   9.92566   9.94385     0.050     25570      4645
   9.92532   9.94349     0.050     25610      4655
   9.92498   9.94310     0.050     25695      4671
   9.92464   9.94272     0.050     25792      4689
   9.92430   9.94234     0.050     25844      4696
   9.92396   9.94199     0.050     25846      4699
   9.92362   9.94163     0.050     25889      4705
   9.92328   9.94127     0.050     25899      4710
   9.92294   9.94089     0.050     25889      4708
   9.92260   9.94051     0.050     25872      4707
   9.92226   9.94014     0.050     25905      4709
   9.92192   9.93978     0.050     25883      4705
   9.92158   9.93943     0.050     25862      4705
   9.92124   9.93910     0.050     25872      4707
   9.92090   9.93877     0.050     25886      4705
   9.92056   9.93843     0.050     25892      4707
   9.92022   9.93810     0.050     25882      4706
   9.91988   9.93778     0.050     25897      4707
   9.91954   9.93746     0.050     25858      4701
   9.91920   9.93717     0.050     25780      4689
   9.91886   9.93688     0.050     25724      4676
   9.91852   9.93661     0.050     25624      4657
   9.91818   9.93634     0.050     25546      4644
   9.91784   9.93606     0.050     25497      4634
   9.91750   9.93576     0.050     25487      4629
   9.91716   9.93546     0.050     25472      4627
   9.91682   9.93516     0.050     25497      4630
   9.91648   9.93486     0.050     25549      4639
   9.91614   9.93456     0.050     25606      4650
   9.91580   9.93424     0.050     25680      4664
   9.91546   9.93390     0.050     25767      4676
   9.91512   9.93354     0.050     25819      4684
   9.91478   9.93316     0.050     25848      4688
   9.91444   9.93277     0.050     25860      4691
   9.91410   9.93240     0.050     25864      4689
   9.91376   9.93205     0.050     25845      4685
   9.91342   9.93169     0.050     25812      4678
   9.91308   9.93132     0.050     25790      4671
   9.91274   9.93095     0.050     25754      4664
   9.91240   9.93057     0.050     25711      4658
   9.91206   9.93019     0.050     25714      4654
   9.91172   9.92983     0.050     25700      4651
   9.91138   9.92949     0.050     25707      4652
   9.91104   9.92915     0.050     25709      4651
   9.91070   9.92882     0.050     25759      4657
   9.91036   9.92849     0.050     25795      4662
   9.91002   9.92816     0.050     25822      4667
   9.90968   9.92783     0.050     25854      4670
   9.90934   9.92752     0.050     25862      4671
   9.90900   9.92722     0.050     25858      4671
   9.90866   9.92693     0.050     25865      4671
   9.90832   9.92666     0.050     25870      4668
   9.90798   9.92639     0.050     25825      4662
   9.90764   9.92611     0.050     25798      4654
   9.90730   9.92582     0.050     25762      4645
   9.90696   9.92552     0.050     25709      4637
   9.90662   9.92523     0.050     25675      4629
   9.90628   9.92493     0.050     25666      4626
   9.90594   9.92463     0.050     25678      4628
   9.90560   9.92432     0.050     25662      4624
   9.90526   9.92399     0.050     25678      4625
   9.90492   9.92363     0.050     25726      4631
   9.90458   9.92326     0.050     25749      4631
   9.90424   9.92287     0.050     25754      4636
   9.90390   9.92250     0.050     25813      4642
   9.90356   9.92213     0.050     25812      4640
   9.90322   9.92178     0.050     25788      4637
   9.90288   9.92143     0.050     25756      4630
   9.90254   9.92106     0.050     25720      4622
   9.90220   9.92068     0.050     25657      4611
   9.90186   9.92030     0.050     25577      4596
   9.90152   9.91993     0.050     25529      4585
   9.90118   9.91958     0.050     25476      4576
   9.90084   9.91924     0.050     25469      4574
   9.90050   9.91891     0.050     25467      4574
   9.90016   9.91858     0.050     25507      4579
   9.89982   9.91824     0.050     25537      4584
   9.89948   9.91792     0.050     25608      4598
   9.89914   9.91760     0.050     25673      4610
   9.89880   9.91730     0.050     25743      4621
   9.89846   9.91701     0.050     25792      4631
   9.89812   9.91674     0.050     25820      4635
   9.89778   9.91646     0.050     25855      4639
   9.89744   9.91619     0.050     25843      4636
   9.89710   9.91590     0.050     25851      4639
   9.89676   9.91560     0.050     25849      4638
   9.89642   9.91530     0.050     25826      4635
   9.89608   9.91501     0.050     25835      4637
   9.89574   9.91471     0.050     25829      4635
   9.89540   9.91441     0.050     25820      4635
   9.89506   9.91408     0.050     25802      4634
   9.89472   9.91373     0.050     25811      4633
   9.89438   9.91336     0.050     25791      4632
   9.89404   9.91297     0.050     25766      4628
   9.89370   9.91259     0.050     25709      4617
   9.89336   9.91223     0.050     25614      4604
   9.89302   9.91188     0.050     25542      4590
   9.89268   9.91152     0.050     25473      4577
   9.89234   9.91115     0.050     25456      4575
   9.89200   9.91077     0.050     25434      4572
   9.89166   9.91039     0.050     25460      4579
   9.89132   9.91003     0.050     25476      4581
   9.89098   9.90967     0.050     25543      4595
   9.89064   9.90933     0.050     25618      4609
   9.89030   9.90899     0.050     25713      4627
   9.88996   9.90866     0.050     25795      4644
   9.88962   9.90833     0.050     25841      4654
   9.88928   9.90800     0.050     25865      4661
   9.88894   9.90768     0.050     25874      4661
   9.88860   9.90736     0.050     25883      4664
   9.88826   9.90707     0.050     25883      4666
   9.88792   9.90679     0.050     25865      4664
   9.88758   9.90652     0.050     25858      4665
   9.88724   9.90624     0.050     25834      4662
   9.88690   9.90596     0.050     25786      4656
   9.88656   9.90566     0.050     25720      4645
   9.88622   9.90537     0.050     25678      4638
   9.88588   9.90507     0.050     25609      4628
   9.88554   9.90477     0.050     25541      4618
   9.88520   9.90447     0.050     25447      4602
   9.88486   9.90415     0.050     25308      4580
   9.88452   9.90380     0.050     25146      4551
   9.88418   9.90343     0.050     24991      4525
   9.88384   9.90305     0.050     24846      4499
   9.88350   9.90268     0.050     24712      4480
   9.88316   9.90230     0.050     24633      4467
   9.88282   9.90194     0.050     24605      4462
   9.88248   9.90159     0.050     24594      4463
   9.88214   9.90123     0.050     24672      4479
   9.88180   9.90085     0.050     24823      4505
   9.88146   9.90047     0.050     24995      4540
   9.88112   9.90010     0.050     25152      4573
   9.88078   9.89975     0.050     25344      4607
   9.88044   9.89940     0.050     25471      4631
   9.88010   9.89907     0.050     25517      4646
   9.87976   9.89874     0.050     25611      4663
   9.87942   9.89841     0.050     25673      4672
   9.87908   9.89808     0.050     25685      4679
   9.87874   9.89775     0.050     25674      4681
   9.87840   9.89744     0.050     25712      4690
   9.87806   9.89715     0.050     25727      4692
   9.87772   9.89687     0.050     25706      4695
   9.87738   9.89660     0.050     25729      4699
   9.87704   9.89632     0.050     25756      4702
   9.87670   9.89604     0.050     25724      4703
   9.87636   9.89575     0.050     25732      4706
   9.87602   9.89546     0.050     25754      4710
   9.87568   9.89516     0.050     25762      4713
   9.87534   9.89486     0.050     25718      4712
   9.87500   9.89456     0.050     25765      4718
   9.87466   9.89425     0.050     25766      4716
   9.87432   9.89391     0.050     25730      4716
   9.87398   9.89355     0.050     25729      4718
   9.87364   9.89317     0.050     25739      4722
   9.87330   9.89279     0.050     25721      4721
   9.87296   9.89242     0.050     25701      4721
   9.87262   9.89206     0.050     25732      4726
   9.87228   9.89170     0.050     25729      4728
   9.87194   9.89134     0.050     25712      4732
   9.87160   9.89097     0.050     25757      4738
   9.87126   9.89058     0.050     25786      4743
   9.87092   9.89021     0.050     25782      4744
   9.87058   9.88985     0.050     25754      4746
   9.87024   9.88951     0.050     25795      4752
   9.86990   9.88917     0.050     25771      4749
   9.86956   9.88883     0.050     25753      4753
   9.86922   9.88850     0.050     25783      4754
   9.86888   9.88817     0.050     25780      4757
   9.86854   9.88785     0.050     25758      4758
   9.86820   9.88753     0.050     25769      4759
   9.86786   9.88723     0.050     25789      4762
   9.86752   9.88695     0.050     25748      4761
   9.86718   9.88668     0.050     25752      4764
   9.86684   9.88640     0.050     25772      4765
   9.86650   9.88612     0.050     25746      4765
   9.86616   9.88583     0.050     25744      4766
   9.86582   9.88554     0.050     25742      4768
   9.86548   9.88524     0.050     25750      4769
   9.86514   9.88495     0.050     25712      4765
   9.86480   9.88465     0.050     25713      4768
   9.86446   9.88434     0.050     25705      4766
   9.86412   9.88401     0.050     25681      4764
   9.86378   9.88365     0.050     25603      4755
   9.86344   9.88327     0.050     25585      4749
   9.86310   9.88290     0.050     25486      4733
   9.86276   9.88252     0.050     25386      4717
   9.86242   9.88216     0.050     25303      4704
   9.86208   9.88180     0.050     25265      4695
   9.86174   9.88144     0.050     25224      4695
   9.86140   9.88107     0.050     25251      4700
   9.86106   9.88068     0.050     25319      4713
   9.86072   9.88031     0.050     25386      4727
   9.86038   9.87995     0.050     25461      4743
   9.86004   9.87960     0.050     25601      4770
   9.85970   9.87925     0.050     25715      4792
   9.85936   9.87892     0.050     25772      4808
   9.85902   9.87859     0.050     25831      4818
   9.85868   9.87825     0.050     25852      4823
   9.85834   9.87792     0.050     25835      4822
   9.85800   9.87760     0.050     25836      4825
   9.85766   9.87730     0.050     25848      4827
   9.85732   9.87701     0.050     25828      4825
   9.85698   9.87674     0.050     25811      4827
   9.85664   9.87646     0.050     25834      4829
   9.85630   9.87619     0.050     25816      4830
   9.85596   9.87590     0.050     25826      4830
   9.85562   9.87561     0.050     25809      4831
   9.85528   9.87531     0.050     25837      4835
   9.85494   9.87501     0.050     25808      4832
   9.85460   9.87472     0.050     25797      4833
   9.85426   9.87441     0.050     25829      4838
   9.85392   9.87409     0.050     25821      4839
   9.85358   9.87374     0.050     25805      4838
   9.85324   9.87337     0.050     25816      4841
   9.85290   9.87298     0.050     25820      4842
   9.85256   9.87261     0.050     25790      4841
   9.85222   9.87224     0.050     25782      4843
   9.85188   9.87189     0.050     25817      4846
   9.85154   9.87154     0.050     25787      4845
   9.85120   9.87117     0.050     25777      4846
   9.85086   9.87079     0.050     25791      4849
   9.85052   9.87041     0.050     25782      4849
   9.85018   9.87004     0.050     25773      4849
   9.84984   9.86969     0.050     25782      4852
   9.84950   9.86935     0.050     25787      4853
   9.84916   9.86902     0.050     25778      4852
   9.84882   9.86869     0.050     25763      4855
   9.84848   9.86836     0.050     25773      4856
   9.84814   9.86802     0.050     25777      4858
   9.84780   9.86770     0.050     25762      4859
   9.84746   9.86740     0.050     25777      4861
   9.84712   9.86711     0.050     25770      4860
   9.84678   9.86683     0.050     25767      4863
   9.84644   9.86656     0.050     25763      4862
   9.84610   9.86629     0.050     25754      4863
   9.84576   9.86600     0.050     25746      4865
   9.84542   9.86571     0.050     25741      4865
   9.84508   9.86541     0.050     25750      4866
   9.84474   9.86512     0.050     25733      4867
   9.84440   9.86482     0.050     25722      4867
   9.84406   9.86452     0.050     25722      4867
   9.84372   9.86420     0.050     25735      4868
   9.84338   9.86386     0.050     25709      4868
   9.84304   9.86350     0.050     25727      4870
   9.84270   9.86312     0.050     25708      4868
   9.84236   9.86274     0.050     25691      4869
   9.84202   9.86237     0.050     25699      4869
   9.84168   9.86201     0.050     25680      4866
   9.84134   9.86165     0.050     25661      4867
   9.84100   9.86128     0.050     25640      4861
   9.84066   9.86091     0.050     25625      4861
   9.84032   9.86053     0.050     25568      4849
   9.83998   9.86016     0.050     25486      4836
   9.83964   9.85980     0.050     25391      4820
   9.83930   9.85946     0.050     25250      4793
   9.83896   9.85912     0.050     25066      4760
   9.83862   9.85879     0.050     24893      4727
   9.83828   9.85846     0.050     24729      4696
   9.83794   9.85813     0.050     24606      4675
   9.83760   9.85780     0.050     24529      4664
   9.83726   9.85749     0.050     24558      4667
   9.83692   9.85719     0.050     24632      4681
   9.83658   9.85691     0.050     24732      4704
   9.83624   9.85664     0.050     24919      4739
   9.83590   9.85637     0.050     25153      4784
   9.83556   9.85608     0.050     25341      4821
   9.83522   9.85580     0.050     25511      4856
   9.83488   9.85550     0.050     25649      4883
   9.83454   9.85520     0.050     25714      4898
   9.83420   9.85491     0.050     25756      4908
   9.83386   9.85461     0.050     25774      4912
   9.83352   9.85430     0.050     25784      4915
   9.83318   9.85396     0.050     25787      4914
   9.83284   9.85361     0.050     25786      4916
   9.83250   9.85323     0.050     25794      4920
   9.83216   9.85285     0.050     25798      4918
   9.83182   9.85247     0.050     25774      4919
   9.83148   9.85210     0.050     25803      4921
   9.83114   9.85175     0.050     25778      4919
   9.83080   9.85139     0.050     25781      4921
   9.83046   9.85102     0.050     25781      4921
   9.83012   9.85063     0.050     25785      4920
   9.82978   9.85026     0.050     25788      4924
   9.82944   9.84989     0.050     25779      4923
   9.82910   9.84955     0.050     25779      4924
   9.82876   9.84921     0.050     25787      4923
   9.82842   9.84887     0.050     25764      4924
   9.82808   9.84854     0.050     25775      4923
   9.82774   9.84821     0.050     25779      4926
   9.82740   9.84788     0.050     25776      4926
   9.82706   9.84756     0.050     25773      4924
   9.82672   9.84726     0.050     25768      4925
   9.82638   9.84698     0.050     25769      4926
   9.82604   9.84671     0.050     25769      4927
   9.82570   9.84644     0.050     25759      4925
   9.82536   9.84616     0.050     25777      4927
   9.82502   9.84588     0.050     25760      4927
   9.82468   9.84558     0.050     25768      4928
   9.82434   9.84528     0.050     25753      4929
   9.82400   9.84498     0.050     25758      4927
   9.82366   9.84469     0.050     25756      4927
   9.82332   9.84439     0.050     25763      4930
   9.82298   9.84406     0.050     25751      4927
   9.82264   9.84371     0.050     25767      4928
   9.82230   9.84334     0.050     25758      4929
   9.82196   9.84295     0.050     25741      4928
   9.82162   9.84258     0.050     25765      4931
   9.82128   9.84222     0.050     25753      4931
   9.82094   9.84186     0.050     25745      4930
   9.82060   9.84150     0.050     25766      4932
   9.82026   9.84113     0.050     25758      4929
   9.81992   9.84076     0.050     25741      4930
   9.81958   9.84038     0.050     25762      4932
   9.81924   9.84001     0.050     25770      4933
   9.81890   9.83967     0.050     25748      4930
   9.81856   9.83933     0.050     25747      4933
   9.81822   9.83899     0.050     25756      4931
   9.81788   9.83866     0.050     25731      4931
   9.81754   9.83833     0.050     25746      4933
   9.81720   9.83800     0.050     25753      4932
   9.81686   9.83768     0.050     25751      4932
   9.81652   9.83737     0.050     25731      4931
   9.81618   9.83708     0.050     25749      4931
   9.81584   9.83681     0.050     25752      4933
   9.81550   9.83654     0.050     25729      4930
   9.81516   9.83626     0.050     25740      4932
   9.81482   9.83597     0.050     25744      4930
   9.81448   9.83568     0.050     25741      4933
   9.81414   9.83539     0.050     25720      4931
   9.81380   9.83509     0.050     25759      4932
   9.81346   9.83479     0.050     25734      4931
   9.81312   9.83449     0.050     25727      4931
   9.81278   9.83417     0.050     25742      4933
   9.81244   9.83383     0.050     25736      4931
   9.81210   9.83346     0.050     25723      4930
   9.81176   9.83308     0.050     25724      4930
   9.81142   9.83270     0.050     25758      4933
   9.81108   9.83234     0.050     25726      4930
   9.81074   9.83198     0.050     25716      4931
   9.81040   9.83163     0.050     25743      4932
   9.81006   9.83126     0.050     25745      4933
   9.80972   9.83089     0.050     25711      4929
   9.80938   9.83051     0.050     25730      4932
   9.80904   9.83014     0.050     25744      4933
   9.80870   9.82978     0.050     25707      4930
   9.80836   9.82944     0.050     25725      4931
   9.80802   9.82910     0.050     25740      4933
   9.80768   9.82877     0.050     25725      4932
   9.80734   9.82844     0.050     25703      4930
   9.80700   9.82811     0.050     25737      4932
   9.80666   9.82779     0.050     25737      4932
   9.80632   9.82747     0.050     25678      4928
   9.80598   9.82718     0.050     25739      4934
   9.80564   9.82690     0.050     25729      4933
   9.80530   9.82663     0.050     25715      4931
   9.80496   9.82635     0.050     25695      4931
   9.80462   9.82607     0.050     25739      4935
   9.80428   9.82578     0.050     25728      4933
   9.80394   9.82548     0.050     25689      4931
   9.80360   9.82519     0.050     25729      4933
   9.80326   9.82489     0.050     25725      4934
   9.80292   9.82459     0.050     25690      4931
   9.80258   9.82427     0.050     25712      4933
   9.80224   9.82394     0.050     25739      4935
   9.80190   9.82358     0.050     25706      4933
   9.80156   9.82320     0.050     25692      4932
   9.80122   9.82281     0.050     25724      4937
   9.80088   9.82244     0.050     25705      4936
   9.80054   9.82208     0.050     25703      4934
   9.80020   9.82172     0.050     25711      4936
   9.79986   9.82136     0.050     25724      4937
   9.79952   9.82099     0.050     25707      4936
   9.79918   9.82061     0.050     25687      4936
   9.79884   9.82023     0.050     25723      4940
   9.79850   9.81987     0.050     25696      4936
   9.79816   9.81953     0.050     25695      4937
   9.79782   9.81919     0.050     25711      4939
   9.79748   9.81886     0.050     25710      4941
   9.79714   9.81853     0.050     25674      4939
   9.79680   9.81820     0.050     25707      4942
   9.79646   9.81787     0.050     25715      4941
   9.79612   9.81756     0.050     25692      4941
   9.79578   9.81725     0.050     25690      4941
   9.79544   9.81697     0.050     25708      4943
   9.79510   9.81670     0.050     25690      4944
   9.79476   9.81643     0.050     25688      4942
   9.79442   9.81615     0.050     25703      4945
   9.79408   9.81587     0.050     25701      4945
   9.79374   9.81557     0.050     25696      4946
   9.79340   9.81527     0.050     25690      4948
   9.79306   9.81498     0.050     25697      4949
   9.79272   9.81468     0.050     25684      4946
   9.79238   9.81437     0.050     25695      4948
   9.79204   9.81405     0.050     25687      4949
   9.79170   9.81370     0.050     25683      4950
   9.79136   9.81333     0.050     25682      4953
   9.79102   9.81294     0.050     25701      4954
   9.79068   9.81257     0.050     25695      4955
   9.79034   9.81220     0.050     25679      4953
   9.79000   9.81185     0.050     25694      4956
   9.78966   9.81150     0.050     25704      4958
   9.78932   9.81113     0.050     25683      4956
   9.78898   9.81075     0.050     25681      4958
   9.78864   9.81037     0.050     25682      4957
   9.78830   9.81000     0.050     25705      4962
   9.78796   9.80966     0.050     25668      4959
   9.78762   9.80932     0.050     25682      4963
   9.78728   9.80898     0.050     25695      4965
   9.78694   9.80865     0.050     25672      4964
   9.78660   9.80832     0.050     25680      4965
   9.78626   9.80799     0.050     25706      4969
   9.78592   9.80767     0.050     25677      4969
   9.78558   9.80736     0.050     25672      4969
   9.78524   9.80707     0.050     25677      4971
   9.78490   9.80680     0.050     25691      4972
   9.78456   9.80653     0.050     25667      4974
   9.78422   9.80625     0.050     25677      4974
   9.78388   9.80597     0.050     25676      4974
   9.78354   9.80567     0.050     25662      4976
   9.78320   9.80538     0.050     25664      4978
   9.78286   9.80508     0.050     25676      4981
   9.78252   9.80478     0.050     25685      4980
   9.78218   9.80448     0.050     25663      4980
   9.78184   9.80416     0.050     25675      4981
   9.78150   9.80382     0.050     25701      4986
   9.78116   9.80345     0.050     25667      4985
   9.78082   9.80307     0.050     25666      4985
   9.78048   9.80269     0.050     25684      4989
   9.78014   9.80232     0.050     25674      4988
   9.77980   9.80197     0.050     25659      4989
   9.77946   9.80161     0.050     25676      4993
   9.77912   9.80125     0.050     25683      4993
   9.77878   9.80087     0.050     25658      4994
   9.77844   9.80049     0.050     25684      4995
   9.77810   9.80012     0.050     25682      4998
   9.77776   9.79976     0.050     25667      4997
   9.77742   9.79942     0.050     25670      4996
   9.77708   9.79909     0.050     25672      5000
   9.77674   9.79876     0.050     25669      5000
   9.77640   9.79842     0.050     25653      5001
   9.77606   9.79809     0.050     25668      5005
   9.77572   9.79777     0.050     25670      5006
   9.77538   9.79746     0.050     25656      5007
   9.77504   9.79716     0.050     25661      5008
   9.77470   9.79688     0.050     25667      5012
   9.77436   9.79661     0.050     25664      5013
   9.77402   9.79634     0.050     25656      5011
   9.77368   9.79605     0.050     25674      5017
   9.77334   9.79576     0.050     25658      5016
   9.77300   9.79546     0.050     25667      5021
   9.77266   9.79516     0.050     25660      5020
   9.77232   9.79486     0.050     25671      5023
   9.77198   9.79457     0.050     25652      5022
   9.77164   9.79425     0.050     25668      5027
   9.77130   9.79392     0.050     25665      5026
   9.77096   9.79355     0.050     25640      5026
   9.77062   9.79317     0.050     25662      5032
   9.77028   9.79279     0.050     25651      5030
   9.76994   9.79242     0.050     25650      5032
   9.76960   9.79206     0.050     25649      5036
   9.76926   9.79171     0.050     25657      5036
   9.76892   9.79135     0.050     25659      5039
   9.76858   9.79098     0.050     25648      5038
   9.76824   9.79060     0.050     25654      5041
   9.76790   9.79022     0.050     25656      5043
   9.76756   9.78986     0.050     25640      5044
   9.76722   9.78952     0.050     25649      5045
   9.76688   9.78918     0.050     25645      5049
   9.76654   9.78885     0.050     25654      5049
   9.76620   9.78852     0.050     25630      5049
   9.76586   9.78819     0.050     25656      5055
   9.76552   9.78786     0.050     25653      5053
   9.76518   9.78755     0.050     25637      5054
   9.76484   9.78725     0.050     25646      5057
   9.76450   9.78697     0.050     25640      5058
   9.76416   9.78670     0.050     25649      5061
   9.76382   9.78643     0.050     25625      5062
   9.76348   9.78615     0.050     25649      5064
   9.76314   9.78586     0.050     25643      5065
   9.76280   9.78557     0.050     25641      5066
   9.76246   9.78527     0.050     25646      5070
   9.76212   9.78497     0.050     25643      5070
   9.76178   9.78468     0.050     25639      5072
   9.76144   9.78437     0.050     25634      5073
   9.76110   9.78405     0.050     25642      5074
   9.76076   9.78369     0.050     25649      5079
   9.76042   9.78332     0.050     25634      5076
   9.76008   9.78294     0.050     25636      5078
   9.75974   9.78256     0.050     25627      5080
   9.75940   9.78220     0.050     25634      5080
   9.75906   9.78185     0.050     25630      5084
   9.75872   9.78149     0.050     25648      5086
   9.75838   9.78112     0.050     25632      5086
   9.75804   9.78074     0.050     25632      5087
   9.75770   9.78037     0.050     25631      5089
   9.75736   9.78000     0.050     25630      5091
   9.75702   9.77965     0.050     25633      5092
   9.75668   9.77931     0.050     25619      5094
   9.75634   9.77897     0.050     25627      5094
   9.75600   9.77864     0.050     25622      5096
   9.75566   9.77831     0.050     25628      5098
   9.75532   9.77799     0.050     25616      5100
   9.75498   9.77766     0.050     25635      5102
   9.75464   9.77736     0.050     25630      5101
   9.75430   9.77707     0.050     25611      5101
   9.75396   9.77680     0.050     25629      5105
   9.75362   9.77653     0.050     25621      5106
   9.75328   9.77625     0.050     25627      5108
   9.75294   9.77597     0.050     25620      5112
   9.75260   9.77567     0.050     25621      5111
   9.75226   9.77537     0.050     25616      5112
   9.75192   9.77508     0.050     25629      5115
   9.75158   9.77478     0.050     25618      5116
   9.75124   9.77448     0.050     25616      5115
   9.75090   9.77416     0.050     25616      5119
   9.75056   9.77382     0.050     25607      5118
   9.75022   9.77344     0.050     25602      5118
   9.74988   9.77306     0.050     25632      5123
   9.74954   9.77269     0.050     25612      5123
   9.74920   9.77233     0.050     25607      5123
   9.74886   9.77197     0.050     25607      5125
   9.74852   9.77161     0.050     25602      5128
   9.74818   9.77125     0.050     25609      5127
   9.74784   9.77087     0.050     25604      5129
   9.74750   9.77049     0.050     25617      5131
   9.74716   9.77012     0.050     25606      5131
   9.74682   9.76976     0.050     25606      5133
   9.74648   9.76942     0.050     25584      5133
   9.74614   9.76908     0.050     25617      5138
   9.74580   9.76875     0.050     25610      5136
   9.74546   9.76842     0.050     25596      5139
   9.74512   9.76808     0.050     25612      5140
   9.74478   9.76776     0.050     25604      5141
   9.74444   9.76745     0.050     25586      5141
   9.74410   9.76715     0.050     25595      5141
   9.74376   9.76687     0.050     25599      5144
   9.74342   9.76660     0.050     25585      5143
   9.74308   9.76633     0.050     25590      5146
   9.74274   9.76605     0.050     25600      5149
   9.74240   9.76576     0.050     25591      5149
   9.74206   9.76546     0.050     25594      5149
   9.74172   9.76516     0.050     25582      5150
   9.74138   9.76487     0.050     25592      5152
   9.74104   9.76457     0.050     25584      5151
   9.74070   9.76426     0.050     25584      5156
   9.74036   9.76392     0.050     25605      5155
   9.74002   9.76356     0.050     25604      5160
   9.73968   9.76319     0.050     25580      5156
   9.73934   9.76281     0.050     25592      5158
   9.73900   9.76244     0.050     25597      5161
   9.73866   9.76208     0.050     25594      5160
   9.73832   9.76173     0.050     25576      5161
   9.73798   9.76137     0.050     25603      5164
   9.73764   9.76099     0.050     25587      5164
   9.73730   9.76061     0.050     25567      5163
   9.73696   9.76024     0.050     25588      5166
   9.73662   9.75988     0.050     25589      5168
   9.73628   9.75953     0.050     25574      5166
   9.73594   9.75920     0.050     25581      5168
   9.73560   9.75886     0.050     25592      5170
   9.73526   9.75853     0.050     25574      5170
   9.73492   9.75820     0.050     25562      5169
   9.73458   9.75787     0.050     25586      5172
   9.73424   9.75756     0.050     25578      5172
   9.73390   9.75726     0.050     25574      5175
   9.73356   9.75698     0.050     25576      5174
   9.73322   9.75671     0.050     25591      5177
   9.73288   9.75644     0.050     25577      5176
   9.73254   9.75616     0.050     25560      5176
   9.73220   9.75587     0.050     25596      5180
   9.73186   9.75557     0.050     25571      5178
   9.73152   9.75528     0.050     25560      5179
   9.73118   9.75498     0.050     25583      5180
   9.73084   9.75469     0.050     25567      5182
   9.73050   9.75438     0.050     25558      5180
   9.73016   9.75405     0.050     25564      5183
   9.72982   9.75370     0.050     25573      5184
   9.72948   9.75333     0.050     25569      5184
   9.72914   9.75295     0.050     25551      5185
   9.72880   9.75258     0.050     25579      5187
   9.72846   9.75221     0.050     25562      5185
   9.72812   9.75185     0.050     25546      5186
   9.72778   9.75149     0.050     25581      5190
   9.72744   9.75113     0.050     25571      5191
   9.72710   9.75075     0.050     25555      5188
   9.72676   9.75037     0.050     25562      5191
   9.72642   9.75000     0.050     25555      5191
   9.72608   9.74965     0.050     25543      5189
   9.72574   9.74932     0.050     25553      5191
   9.72540   9.74898     0.050     25579      5196
   9.72506   9.74865     0.050     25560      5194
   9.72472   9.74832     0.050     25537      5193
   9.72438   9.74799     0.050     25564      5198
   9.72404   9.74767     0.050     25573      5199
   9.72370   9.74737     0.050     25548      5195
   9.72336   9.74707     0.050     25547      5199
   9.72302   9.74680     0.050     25565      5201
   9.72268   9.74653     0.050     25544      5197
   9.72234   9.74626     0.050     25546      5200
   9.72200   9.74597     0.050     25561      5202
   9.72166   9.74568     0.050     25565      5204
   9.72132   9.74538     0.050     25533      5201
   9.72098   9.74508     0.050     25551      5203
   9.72064   9.74479     0.050     25569      5206
   9.72030   9.74449     0.050     25535      5202
   9.71996   9.74417     0.050     25542      5204
   9.71962   9.74382     0.050     25546      5205
   9.71928   9.74346     0.050     25548      5207
   9.71894   9.74307     0.050     25528      5204
   9.71860   9.74269     0.050     25568      5211
   9.71826   9.74232     0.050     25547      5207
   9.71792   9.74197     0.050     25528      5208
   9.71758   9.74160     0.050     25539      5210
   9.71724   9.74124     0.050     25569      5212
   9.71690   9.74087     0.050     25531      5211
   9.71656   9.74048     0.050     25522      5211
   9.71622   9.74011     0.050     25548      5214
   9.71588   9.73976     0.050     25537      5214
   9.71554   9.73941     0.050     25517      5212
   9.71520   9.73907     0.050     25536      5214
   9.71486   9.73874     0.050     25550      5216
   9.71452   9.73841     0.050     25516      5212
   9.71418   9.73808     0.050     25514      5212
   9.71384   9.73775     0.050     25541      5217
   9.71350   9.73744     0.050     25498      5212
   9.71316   9.73715     0.050     25489      5210
   9.71282   9.73687     0.050     25504      5212
   9.71248   9.73660     0.050     25497      5212
   9.71214   9.73633     0.050     25479      5211
   9.71180   9.73605     0.050     25479      5211
   9.71146   9.73576     0.050     25501      5215
   9.71112   9.73546     0.050     25478      5211
   9.71078   9.73517     0.050     25480      5214
   9.71044   9.73487     0.050     25497      5215
   9.71010   9.73458     0.050     25503      5219
   9.70976   9.73426     0.050     25486      5218
   9.70942   9.73393     0.050     25502      5222
   9.70908   9.73357     0.050     25502      5221
   9.70874   9.73320     0.050     25479      5220
   9.70840   9.73281     0.050     25484      5220
   9.70806   9.73245     0.050     25502      5223
   9.70772   9.73208     0.050     25469      5222
   9.70738   9.73173     0.050     25490      5224
   9.70704   9.73137     0.050     25477      5225
   9.70670   9.73100     0.050     25477      5222
   9.70636   9.73062     0.050     25460      5222
   9.70602   9.73024     0.050     25468      5223
   9.70568   9.72988     0.050     25478      5224
   9.70534   9.72954     0.050     25477      5226
   9.70500   9.72920     0.050     25484      5230
   9.70466   9.72887     0.050     25483      5229
   9.70432   9.72854     0.050     25471      5230
   9.70398   9.72821     0.050     25493      5233
   9.70364   9.72788     0.050     25503      5236
   9.70330   9.72757     0.050     25512      5239
   9.70296   9.72727     0.050     25501      5240
   9.70262   9.72698     0.050     25526      5243
   9.70228   9.72670     0.050     25510      5242
   9.70194   9.72643     0.050     25511      5244
   9.70160   9.72616     0.050     25513      5243
   9.70126   9.72587     0.050     25514      5244
   9.70092   9.72557     0.050     25504      5245
   9.70058   9.72528     0.050     25504      5244
   9.70024   9.72498     0.050     25509      5248
   9.69990   9.72468     0.050     25510      5246
   9.69956   9.72437     0.050     25498      5250
   9.69922   9.72405     0.050     25512      5252
   9.69888   9.72370     0.050     25509      5250
   9.69854   9.72332     0.050     25496      5248
   9.69820   9.72294     0.050     25503      5250
   9.69786   9.72256     0.050     25495      5253
   9.69752   9.72220     0.050     25502      5252
   9.69718   9.72184     0.050     25498      5253
   9.69684   9.72148     0.050     25502      5253
   9.69650   9.72112     0.050     25500      5255
   9.69616   9.72074     0.050     25498      5255
   9.69582   9.72037     0.050     25500      5256
   9.69548   9.72000     0.050     25492      5257
   9.69514   9.71965     0.050     25490      5256
   9.69480   9.71931     0.050     25496      5259
   9.69446   9.71897     0.050     25492      5262
   9.69412   9.71864     0.050     25489      5263
   9.69378   9.71831     0.050     25488      5260
   9.69344   9.71798     0.050     25492      5264
   9.69310   9.71766     0.050     25490      5265
   9.69276   9.71736     0.050     25489      5263
   9.69242   9.71707     0.050     25473      5263
   9.69208   9.71679     0.050     25489      5265
   9.69174   9.71652     0.050     25480      5266
   9.69140   9.71624     0.050     25478      5265
   9.69106   9.71596     0.050     25484      5267
   9.69072   9.71567     0.050     25481      5270
   9.69038   9.71537     0.050     25467      5269
   9.69004   9.71507     0.050     25462      5267
   9.68970   9.71478     0.050     25479      5272
   9.68936   9.71447     0.050     25474      5272
   9.68902   9.71415     0.050     25476      5275
   9.68868   9.71381     0.050     25482      5274
   9.68834   9.71344     0.050     25467      5273
   9.68800   9.71306     0.050     25477      5276
   9.68766   9.71268     0.050     25482      5278
   9.68732   9.71231     0.050     25484      5280
   9.68698   9.71195     0.050     25475      5279
   9.68664   9.71159     0.050     25467      5282
   9.68630   9.71123     0.050     25503      5285
   9.68596   9.71086     0.050     25473      5282
   9.68562   9.71048     0.050     25475      5283
   9.68528   9.71010     0.050     25484      5287
   9.68494   9.70975     0.050     25478      5287
   9.68460   9.70941     0.050     25468      5285
   9.68426   9.70907     0.050     25489      5289
   9.68392   9.70874     0.050     25489      5291
   9.68358   9.70841     0.050     25469      5289
   9.68324   9.70808     0.050     25465      5292
   9.68290   9.70776     0.050     25459      5291
   9.68256   9.70744     0.050     25459      5290
   9.68222   9.70715     0.050     25453      5292
   9.68188   9.70687     0.050     25452      5292
   9.68154   9.70660     0.050     25463      5293
   9.68120   9.70633     0.050     25439      5292
   9.68086   9.70605     0.050     25454      5295
   9.68052   9.70576     0.050     25464      5298
   9.68018   9.70546     0.050     25443      5296
   9.67984   9.70517     0.050     25446      5299
   9.67950   9.70487     0.050     25453      5300
   9.67916   9.70457     0.050     25460      5302
   9.67882   9.70426     0.050     25441      5302
   9.67848   9.70393     0.050     25472      5304
   9.67814   9.70357     0.050     25460      5308
   9.67780   9.70319     0.050     25459      5307
   9.67746   9.70281     0.050     25452      5306
   9.67712   9.70243     0.050     25463      5310
   9.67678   9.70207     0.050     25468      5311
   9.67644   9.70172     0.050     25463      5311
   9.67610   9.70136     0.050     25462      5314
   9.67576   9.70099     0.050     25463      5315
   9.67542   9.70061     0.050     25454      5312
   9.67508   9.70024     0.050     25458      5318
   9.67474   9.69988     0.050     25465      5319
   9.67440   9.69953     0.050     25454      5314
   9.67406   9.69920     0.050     25463      5317
   9.67372   9.69886     0.050     25451      5320
   9.67338   9.69853     0.050     25469      5322
   9.67304   9.69820     0.050     25454      5321
   9.67270   9.69787     0.050     25458      5324
   9.67236   9.69755     0.050     25458      5325
   9.67202   9.69726     0.050     25461      5327
   9.67168   9.69697     0.050     25444      5325
   9.67134   9.69670     0.050     25471      5328
   9.67100   9.69643     0.050     25455      5327
   9.67066   9.69615     0.050     25429      5325
   9.67032   9.69587     0.050     25446      5330
   9.66998   9.69557     0.050     25451      5329
   9.66964   9.69527     0.050     25434      5329
   9.66930   9.69498     0.050     25444      5333
   9.66896   9.69468     0.050     25443      5333
   9.66862   9.69437     0.050     25461      5335
   9.66828   9.69405     0.050     25439      5335
   9.66794   9.69370     0.050     25452      5340
   9.66760   9.69332     0.050     25448      5339
   9.66726   9.69294     0.050     25448      5337
   9.66692   9.69257     0.050     25446      5341
   9.66658   9.69220     0.050     25459      5343
   9.66624   9.69184     0.050     25435      5341
   9.66590   9.69149     0.050     25440      5344
   9.66556   9.69112     0.050     25434      5344
   9.66522   9.69074     0.050     25452      5346
   9.66488   9.69036     0.050     25432      5348
   9.66454   9.69000     0.050     25435      5348
   9.66420   9.68965     0.050     25439      5350
   9.66386   9.68931     0.050     25424      5350
   9.66352   9.68898     0.050     25448      5355
   9.66318   9.68864     0.050     25432      5355
   9.66284   9.68831     0.050     25447      5357
   9.66250   9.68798     0.050     25423      5355
   9.66216   9.68766     0.050     25449      5359
   9.66182   9.68735     0.050     25439      5358
   9.66148   9.68706     0.050     25417      5356
   9.66114   9.68679     0.050     25436      5360
   9.66080   9.68652     0.050     25426      5361
   9.66046   9.68624     0.050     25427      5362
   9.66012   9.68595     0.050     25416      5361
   9.65978   9.68566     0.050     25429      5365
   9.65944   9.68536     0.050     25436      5367
   9.65910   9.68506     0.050     25409      5365
   9.65876   9.68477     0.050     25418      5368
   9.65842   9.68446     0.050     25436      5372
   9.65808   9.68414     0.050     25420      5370
   9.65774   9.68379     0.050     25427      5374
   9.65740   9.68342     0.050     25431      5375
   9.65706   9.68304     0.050     25434      5378
   9.65672   9.68267     0.050     25415      5377
   9.65638   9.68230     0.050     25425      5381
   9.65604   9.68193     0.050     25430      5380
   9.65570   9.68158     0.050     25411      5379
   9.65536   9.68122     0.050     25416      5382
   9.65502   9.68084     0.050     25428      5385
   9.65468   9.68046     0.050     25418      5385
   9.65434   9.68009     0.050     25413      5385
   9.65400   9.67974     0.050     25420      5389
   9.65366   9.67940     0.050     25420      5391
   9.65332   9.67906     0.050     25409      5389
   9.65298   9.67873     0.050     25422      5393
   9.65264   9.67839     0.050     25418      5394
   9.65230   9.67806     0.050     25412      5393
   9.65196   9.67774     0.050     25419      5396
   9.65162   9.67743     0.050     25427      5398
   9.65128   9.67715     0.050     25403      5397
   9.65094   9.67687     0.050     25425      5401
   9.65060   9.67659     0.050     25411      5401
   9.65026   9.67632     0.050     25413      5403
   9.64992   9.67604     0.050     25397      5402
   9.64958   9.67575     0.050     25429      5409
   9.64924   9.67545     0.050     25410      5406
   9.64890   9.67516     0.050     25398      5406
   9.64856   9.67486     0.050     25409      5410
   9.64822   9.67457     0.050     25424      5412
   9.64788   9.67425     0.050     25410      5414
   9.64754   9.67392     0.050     25416      5416
   9.64720   9.67356     0.050     25443      5420
   9.64686   9.67318     0.050     25432      5420
   9.64652   9.67279     0.050     25404      5418
   9.64618   9.67243     0.050     25435      5423
   9.64584   9.67207     0.050     25424      5424
   9.64550   9.67171     0.050     25399      5423
   9.64516   9.67135     0.050     25424      5429
   9.64482   9.67098     0.050     25427      5430
   9.64448   9.67060     0.050     25413      5427
   9.64414   9.67023     0.050     25412      5430
   9.64380   9.66987     0.050     25419      5435
   9.64346   9.66952     0.050     25428      5435
   9.64312   9.66918     0.050     25392      5431
   9.64278   9.66885     0.050     25422      5438
   9.64244   9.66852     0.050     25436      5442
   9.64210   9.66818     0.050     25402      5436
   9.64176   9.66786     0.050     25422      5443
   9.64142   9.66754     0.050     25423      5443
   9.64108   9.66725     0.050     25426      5446
   9.64074   9.66696     0.050     25390      5442
   9.64040   9.66669     0.050     25419      5450
   9.64006   9.66642     0.050     25423      5450
   9.63972   9.66614     0.050     25385      5445
   9.63938   9.66585     0.050     25404      5451
   9.63904   9.66556     0.050     25427      5454
   9.63870   9.66526     0.050     25398      5452
   9.63836   9.66496     0.050     25394      5452
   9.63802   9.66467     0.050     25412      5456
   9.63768   9.66436     0.050     25418      5460
   9.63734   9.66403     0.050     25377      5455
   9.63700   9.66368     0.050     25396      5460
   9.63666   9.66331     0.050     25422      5464
   9.63632   9.66292     0.050     25384      5462
   9.63598   9.66254     0.050     25391      5462
   9.63564   9.66218     0.050     25411      5467
   9.63530   9.66183     0.050     25408      5467
   9.63496   9.66147     0.050     25386      5466
   9.63462   9.66110     0.050     25418      5473
   9.63428   9.66072     0.050     25409      5475
   9.63394   9.66034     0.050     25386      5471
   9.63360   9.65998     0.050     25389      5473
   9.63326   9.65963     0.050     25398      5478
   9.63292   9.65929     0.050     25385      5477
   9.63258   9.65895     0.050     25378      5477
   9.63224   9.65862     0.050     25408      5484
   9.63190   9.65829     0.050     25399      5482
   9.63156   9.65796     0.050     25387      5481
   9.63122   9.65764     0.050     25404      5487
   9.63088   9.65733     0.050     25398      5487
   9.63054   9.65704     0.050     25381      5486
   9.63020   9.65676     0.050     25401      5489
   9.62986   9.65649     0.050     25396      5492
   9.62952   9.65622     0.050     25385      5491
   9.62918   9.65593     0.050     25386      5492
   9.62884   9.65564     0.050     25401      5498
   9.62850   9.65534     0.050     25386      5494
   9.62816   9.65504     0.050     25377      5495
   9.62782   9.65475     0.050     25390      5499
   9.62748   9.65444     0.050     25396      5500
   9.62714   9.65412     0.050     25388      5500
   9.62680   9.65378     0.050     25388      5503
   9.62646   9.65341     0.050     25400      5505
   9.62612   9.65303     0.050     25382      5503
   9.62578   9.65265     0.050     25378      5507
   9.62544   9.65228     0.050     25378      5509
   9.62510   9.65192     0.050     25376      5510
   9.62476   9.65157     0.050     25368      5508
   9.62442   9.65121     0.050     25381      5512
   9.62408   9.65083     0.050     25386      5515
   9.62374   9.65045     0.050     25374      5514
   9.62340   9.65008     0.050     25386      5516
   9.62306   9.64973     0.050     25384      5519
   9.62272   9.64938     0.050     25371      5517
   9.62238   9.64905     0.050     25360      5517
   9.62204   9.64872     0.050     25375      5520
   9.62170   9.64838     0.050     25359      5519
   9.62136   9.64806     0.050     25352      5520
   9.62102   9.64773     0.050     25370      5524
   9.62068   9.64742     0.050     25379      5526
   9.62034   9.64713     0.050     25363      5526
   9.62000   9.64686     0.050     25365      5525
   9.61966   9.64658     0.050     25360      5528
   9.61932   9.64631     0.050     25365      5530
   9.61898   9.64603     0.050     25353      5527
   9.61864   9.64574     0.050     25377      5533
   9.61830   9.64544     0.050     25371      5534
   9.61796   9.64514     0.050     25350      5532
   9.61762   9.64485     0.050     25363      5535
   9.61728   9.64455     0.050     25367      5538
   9.61694   9.64423     0.050     25357      5537
   9.61660   9.64390     0.050     25352      5539
   9.61626   9.64353     0.050     25368      5539
   9.61592   9.64315     0.050     25371      5543
   9.61558   9.64277     0.050     25357      5540
   9.61524   9.64240     0.050     25361      5544
   9.61490   9.64204     0.050     25358      5544
   9.61456   9.64169     0.050     25357      5543
   9.61422   9.64133     0.050     25350      5544
   9.61388   9.64096     0.050     25357      5546
   9.61354   9.64058     0.050     25362      5551
   9.61320   9.64020     0.050     25342      5547
   9.61286   9.63984     0.050     25357      5548
   9.61252   9.63950     0.050     25345      5549
   9.61218   9.63916     0.050     25347      5550
   9.61184   9.63883     0.050     25347      5551
   9.61150   9.63849     0.050     25354      5554
   9.61116   9.63816     0.050     25352      5555
   9.61082   9.63784     0.050     25336      5555
   9.61048   9.63752     0.050     25353      5557
   9.61014   9.63722     0.050     25346      5555
   9.60980   9.63694     0.050     25347      5558
   9.60946   9.63667     0.050     25332      5558
   9.60912   9.63640     0.050     25355      5563
   9.60878   9.63612     0.050     25350      5562
   9.60844   9.63583     0.050     25349      5563
   9.60810   9.63553     0.050     25348      5563
   9.60776   9.63523     0.050     25341      5565
   9.60742   9.63494     0.050     25333      5563
   9.60708   9.63464     0.050     25343      5563
   9.60674   9.63433     0.050     25337      5567
   9.60640   9.63400     0.050     25332      5568
   9.60606   9.63364     0.050     25328      5567
   9.60572   9.63327     0.050     25342      5568
   9.60538   9.63289     0.050     25336      5569
   9.60504   9.63252     0.050     25330      5572
   9.60470   9.63215     0.050     25325      5572
   9.60436   9.63180     0.050     25331      5573
   9.60402   9.63143     0.050     25338      5574
   9.60368   9.63106     0.050     25334      5574
   9.60334   9.63068     0.050     25327      5576
   9.60300   9.63030     0.050     25340      5578
   9.60266   9.62993     0.050     25330      5576
   9.60232   9.62958     0.050     25339      5579
   9.60198   9.62924     0.050     25342      5582
   9.60164   9.62891     0.050     25333      5581
   9.60130   9.62857     0.050     25326      5582
   9.60096   9.62824     0.050     25339      5583
   9.60062   9.62791     0.050     25323      5583
   9.60028   9.62759     0.050     25330      5586
   9.59994   9.62729     0.050     25338      5586
   9.59960   9.62701     0.050     25316      5585
   9.59926   9.62673     0.050     25323      5588
   9.59892   9.62646     0.050     25320      5589
   9.59858   9.62618     0.050     25314      5588
   9.59824   9.62589     0.050     25323      5590
   9.59790   9.62560     0.050     25318      5591
   9.59756   9.62530     0.050     25323      5593
   9.59722   9.62500     0.050     25331      5594
   9.59688   9.62471     0.050     25327      5596
   9.59654   9.62440     0.050     25323      5595
   9.59620   9.62408     0.050     25309      5592
   9.59586   9.62373     0.050     25307      5594
   9.59552   9.62336     0.050     25335      5597
   9.59518   9.62297     0.050     25333      5602
   9.59484   9.62260     0.050     25295      5595
   9.59450   9.62223     0.050     25315      5600
   9.59416   9.62188     0.050     25322      5603
   9.59382   9.62152     0.050     25311      5601
   9.59348   9.62115     0.050     25325      5603
   9.59314   9.62077     0.050     25329      5609
   9.59280   9.62040     0.050     25326      5606
   9.59246   9.62003     0.050     25294      5604
   9.59212   9.61968     0.050     25323      5608
   9.59178   9.61934     0.050     25306      5608
   9.59144   9.61900     0.050     25304      5608
   9.59110   9.61868     0.050     25301      5606
   9.59076   9.61835     0.050     25315      5611
   9.59042   9.61801     0.050     25304      5613
   9.59008   9.61769     0.050     25298      5609
   9.58974   9.61738     0.050     25318      5613
   9.58940   9.61709     0.050     25309      5615
   9.58906   9.61681     0.050     25287      5612
   9.58872   9.61654     0.050     25303      5615
   9.58838   9.61627     0.050     25300      5615
   9.58804   9.61599     0.050     25292      5615
   9.58770   9.61569     0.050     25306      5619
   9.58736   9.61540     0.050     25305      5621
   9.58702   9.61510     0.050     25294      5620
   9.58668   9.61481     0.050     25295      5619
   9.58634   9.61450     0.050     25301      5622
   9.58600   9.61418     0.050     25306      5624
   9.58566   9.61384     0.050     25296      5624
   9.58532   9.61347     0.050     25302      5625
   9.58498   9.61309     0.050     25310      5628
   9.58464   9.61271     0.050     25297      5626
   9.58430   9.61234     0.050     25293      5627
   9.58396   9.61198     0.050     25313      5632
   9.58362   9.61162     0.050     25306      5632
   9.58328   9.61126     0.050     25289      5629
   9.58294   9.61088     0.050     25306      5634
   9.58260   9.61050     0.050     25311      5636
   9.58226   9.61013     0.050     25283      5631
   9.58192   9.60978     0.050     25302      5636
   9.58158   9.60943     0.050     25307      5638
   9.58124   9.60909     0.050     25295      5636
   9.58090   9.60876     0.050     25284      5637
   9.58056   9.60843     0.050     25300      5641
   9.58022   9.60810     0.050     25289      5638
   9.57988   9.60777     0.050     25276      5639
   9.57954   9.60746     0.050     25289      5641
   9.57920   9.60716     0.050     25299      5646
   9.57886   9.60689     0.050     25255      5638
   9.57852   9.60662     0.050     25290      5644
   9.57818   9.60634     0.050     25283      5646
   9.57784   9.60606     0.050     25274      5644
   9.57750   9.60577     0.050     25271      5646
   9.57716   9.60547     0.050     25295      5651
   9.57682   9.60517     0.050     25267      5647
   9.57648   9.60488     0.050     25259      5647
   9.57614   9.60458     0.050     25251      5646
   9.57580   9.60427     0.050     25256      5646
   9.57546   9.60393     0.050     25219      5642
   9.57512   9.60356     0.050     25216      5643
   9.57478   9.60318     0.050     25240      5647
   9.57444   9.60280     0.050     25217      5643
   9.57410   9.60243     0.050     25198      5641
   9.57376   9.60207     0.050     25248      5651
   9.57342   9.60170     0.050     25249      5653
   9.57308   9.60134     0.050     25229      5652
   9.57274   9.60097     0.050     25266      5661
   9.57240   9.60059     0.050     25282      5664
   9.57206   9.60021     0.050     25264      5663
   9.57172   9.59985     0.050     25267      5664
   9.57138   9.59950     0.050     25292      5672
   9.57104   9.59916     0.050     25286      5670
   9.57070   9.59883     0.050     25258      5667
   9.57036   9.59849     0.050     25279      5673
   9.57002   9.59816     0.050     25286      5676
   9.56968   9.59784     0.050     25256      5671
   9.56934   9.59752     0.050     25271      5674
   9.56900   9.59723     0.050     25297      5680
   9.56866   9.59694     0.050     25244      5671
   9.56832   9.59667     0.050     25226      5669
   9.56798   9.59640     0.050     25245      5673
   9.56764   9.59612     0.050     25227      5671
   9.56730   9.59583     0.050     25205      5667
   9.56696   9.59553     0.050     25214      5670
   9.56662   9.59523     0.050     25232      5674
   9.56628   9.59494     0.050     25201      5670
   9.56594   9.59464     0.050     25218      5676
   9.56560   9.59433     0.050     25246      5681
   9.56526   9.59400     0.050     25252      5686
   9.56492   9.59364     0.050     25236      5685
   9.56458   9.59327     0.050     25270      5692
   9.56424   9.59289     0.050     25266      5691
   9.56390   9.59251     0.050     25253      5691
   9.56356   9.59215     0.050     25241      5692
   9.56322   9.59179     0.050     25263      5696
   9.56288   9.59144     0.050     25259      5697
   9.56254   9.59107     0.050     25245      5694
   9.56220   9.59068     0.050     25268      5701
   9.56186   9.59031     0.050     25261      5702
   9.56152   9.58994     0.050     25250      5699
   9.56118   9.58959     0.050     25253      5703
   9.56084   9.58926     0.050     25254      5704
   9.56050   9.58892     0.050     25224      5700
   9.56016   9.58859     0.050     25219      5701
   9.55982   9.58826     0.050     25209      5700
   9.55948   9.58793     0.050     25202      5698
   9.55914   9.58761     0.050     25187      5698
   9.55880   9.58731     0.050     25186      5697
   9.55846   9.58703     0.050     25186      5698
   9.55812   9.58675     0.050     25185      5698
   9.55778   9.58647     0.050     25198      5704
   9.55744   9.58620     0.050     25204      5706
   9.55710   9.58591     0.050     25220      5712
   9.55676   9.58562     0.050     25229      5716
   9.55642   9.58532     0.050     25243      5718
   9.55608   9.58502     0.050     25228      5717
   9.55574   9.58472     0.050     25243      5724
   9.55540   9.58442     0.050     25237      5722
   9.55506   9.58410     0.050     25251      5727
   9.55472   9.58375     0.050     25230      5724
   9.55438   9.58337     0.050     25251      5728
   9.55404   9.58298     0.050     25231      5727
   9.55370   9.58261     0.050     25227      5728
   9.55336   9.58225     0.050     25206      5725
   9.55302   9.58189     0.050     25215      5728
   9.55268   9.58153     0.050     25184      5721
   9.55234   9.58117     0.050     25172      5720
   9.55200   9.58079     0.050     25189      5725
   9.55166   9.58041     0.050     25175      5724
   9.55132   9.58004     0.050     25165      5725
   9.55098   9.57968     0.050     25180      5727
   9.55064   9.57934     0.050     25207      5734
   9.55030   9.57901     0.050     25202      5735
   9.54996   9.57868     0.050     25206      5739
   9.54962   9.57834     0.050     25232      5743
   9.54928   9.57801     0.050     25245      5748
   9.54894   9.57769     0.050     25220      5746
   9.54860   9.57738     0.050     25217      5749
   9.54826   9.57709     0.050     25242      5752
   9.54792   9.57681     0.050     25225      5753
   9.54758   9.57654     0.050     25222      5751
   9.54724   9.57626     0.050     25231      5757
   9.54690   9.57598     0.050     25228      5756
   9.54656   9.57568     0.050     25220      5757
   9.54622   9.57539     0.050     25233      5761
   9.54588   9.57509     0.050     25224      5762
   9.54554   9.57479     0.050     25216      5760
   9.54520   9.57449     0.050     25207      5760
   9.54486   9.57417     0.050     25223      5765
   9.54452   9.57382     0.050     25230      5768
   9.54418   9.57345     0.050     25208      5762
   9.54384   9.57307     0.050     25227      5768
   9.54350   9.57268     0.050     25234      5772
   9.54316   9.57231     0.050     25222      5769
   9.54282   9.57196     0.050     25219      5772
   9.54248   9.57160     0.050     25228      5775
   9.54214   9.57123     0.050     25225      5778
   9.54180   9.57086     0.050     25208      5774
   9.54146   9.57047     0.050     25226      5779
   9.54112   9.57010     0.050     25216      5779
   9.54078   9.56975     0.050     25217      5779
   9.54044   9.56940     0.050     25219      5782
   9.54010   9.56907     0.050     25224      5785
   9.53976   9.56873     0.050     25218      5782
   9.53942   9.56840     0.050     25214      5784
   9.53908   9.56807     0.050     25213      5787
   9.53874   9.56775     0.050     25214      5789
   9.53840   9.56744     0.050     25201      5788
   9.53806   9.56714     0.050     25212      5790
   9.53772   9.56687     0.050     25214      5793
   9.53738   9.56660     0.050     25198      5791
   9.53704   9.56632     0.050     25213      5794
   9.53670   9.56603     0.050     25218      5797
   9.53636   9.56574     0.050     25210      5798
   9.53602   9.56545     0.050     25204      5799
   9.53568   9.56516     0.050     25208      5801
   9.53534   9.56486     0.050     25204      5800
   9.53500   9.56456     0.050     25206      5804
   9.53466   9.56424     0.050     25205      5804
   9.53432   9.56390     0.050     25204      5807
   9.53398   9.56354     0.050     25194      5805
   9.53364   9.56316     0.050     25197      5807
   9.53330   9.56278     0.050     25193      5807
   9.53296   9.56241     0.050     25212      5812
   9.53262   9.56206     0.050     25192      5812
   9.53228   9.56170     0.050     25201      5814
   9.53194   9.56134     0.050     25193      5813
   9.53160   9.56096     0.050     25189      5814
   9.53126   9.56058     0.050     25198      5818
   9.53092   9.56021     0.050     25196      5818
   9.53058   9.55985     0.050     25192      5818
   9.53024   9.55950     0.050     25191      5819
   9.52990   9.55916     0.050     25201      5822
   9.52956   9.55883     0.050     25178      5820
   9.52922   9.55850     0.050     25193      5825
   9.52888   9.55817     0.050     25191      5826
   9.52854   9.55784     0.050     25189      5826
   9.52820   9.55753     0.050     25181      5828
   9.52786   9.55723     0.050     25199      5832
   9.52752   9.55694     0.050     25201      5833
   9.52718   9.55667     0.050     25196      5833
   9.52684   9.55640     0.050     25191      5835
   9.52650   9.55612     0.050     25195      5838
   9.52616   9.55583     0.050     25191      5836
   9.52582   9.55553     0.050     25180      5836
   9.52548   9.55524     0.050     25185      5839
   9.52514   9.55494     0.050     25184      5841
   9.52480   9.55465     0.050     25172      5837
   9.52446   9.55433     0.050     25180      5841
   9.52412   9.55400     0.050     25179      5846
   9.52378   9.55365     0.050     25184      5844
   9.52344   9.55327     0.050     25175      5847
   9.52310   9.55289     0.050     25185      5849
   9.52276   9.55252     0.050     25184      5851
   9.52242   9.55215     0.050     25181      5851
   9.52208   9.55179     0.050     25181      5852
   9.52174   9.55143     0.050     25188      5856
   9.52140   9.55106     0.050     25171      5854
   9.52106   9.55068     0.050     25174      5856
   9.52072   9.55030     0.050     25182      5859
   9.52038   9.54994     0.050     25175      5861
   9.52004   9.54959     0.050     25157      5857
   9.51970   9.54925     0.050     25162      5858
   9.51936   9.54892     0.050     25178      5864
   9.51902   9.54859     0.050     25155      5861
   9.51868   9.54825     0.050     25138      5859
   9.51834   9.54792     0.050     25157      5863
   9.51800   9.54760     0.050     25150      5862
   9.51766   9.54730     0.050     25138      5863
   9.51732   9.54701     0.050     25148      5867
   9.51698   9.54673     0.050     25162      5871
   9.51664   9.54646     0.050     25137      5868
   9.51630   9.54618     0.050     25148      5871
   9.51596   9.54589     0.050     25145      5871
   9.51562   9.54560     0.050     25145      5873
   9.51528   9.54530     0.050     25125      5871
   9.51494   9.54500     0.050     25148      5874
   9.51460   9.54470     0.050     25147      5878
   9.51426   9.54440     0.050     25128      5875
   9.51392   9.54407     0.050     25135      5877
   9.51358   9.54372     0.050     25150      5882
   9.51324   9.54335     0.050     25129      5878
   9.51290   9.54296     0.050     25137      5883
   9.51256   9.54258     0.050     25146      5886
   9.51222   9.54222     0.050     25126      5884
   9.51188   9.54186     0.050     25140      5886
   9.51154   9.54150     0.050     25154      5891
   9.51120   9.54114     0.050     25142      5892
   9.51086   9.54076     0.050     25129      5890
   9.51052   9.54038     0.050     25148      5896
   9.51018   9.54002     0.050     25155      5898
   9.50984   9.53967     0.050     25133      5894
   9.50950   9.53932     0.050     25152      5898
   9.50916   9.53899     0.050     25152      5901
   9.50882   9.53865     0.050     25127      5898
   9.50848   9.53832     0.050     25136      5900
   9.50814   9.53799     0.050     25177      5910
   9.50780   9.53767     0.050     25150      5906
   9.50746   9.53737     0.050     25125      5902
   9.50712   9.53708     0.050     25144      5910
   9.50678   9.53681     0.050     25150      5912
   9.50644   9.53654     0.050     25123      5909
   9.50610   9.53626     0.050     25136      5911
   9.50576   9.53597     0.050     25154      5917
   9.50542   9.53568     0.050     25124      5911
   9.50508   9.53539     0.050     25111      5910
   9.50474   9.53509     0.050     25157      5920
   9.50440   9.53479     0.050     25132      5919
   9.50406   9.53449     0.050     25109      5913
   9.50372   9.53417     0.050     25152      5924
   9.50338   9.53383     0.050     25143      5926
   9.50304   9.53346     0.050     25090      5915
   9.50270   9.53308     0.050     25118      5921
   9.50236   9.53270     0.050     25166      5932
   9.50202   9.53233     0.050     25117      5923
   9.50168   9.53197     0.050     25110      5924
   9.50134   9.53162     0.050     25140      5933
   9.50100   9.53125     0.050     25135      5932
   9.50066   9.53087     0.050     25095      5927
   9.50032   9.53049     0.050     25135      5936
   9.49998   9.53012     0.050     25149      5941
   9.49964   9.52976     0.050     25104      5931
   9.49930   9.52942     0.050     25115      5935
   9.49896   9.52908     0.050     25137      5941
   9.49862   9.52875     0.050     25114      5938
   9.49828   9.52842     0.050     25104      5937
   9.49794   9.52809     0.050     25122      5942
   9.49760   9.52776     0.050     25118      5944
   9.49726   9.52745     0.050     25081      5939
   9.49692   9.52716     0.050     25119      5945
   9.49658   9.52688     0.050     25133      5947
   9.49624   9.52661     0.050     25110      5947
   9.49590   9.52634     0.050     25105      5945
   9.49556   9.52606     0.050     25121      5953
   9.49522   9.52576     0.050     25097      5950
   9.49488   9.52546     0.050     25084      5947
   9.49454   9.52517     0.050     25103      5954
   9.49420   9.52488     0.050     25120      5957
   9.49386   9.52458     0.050     25076      5950
   9.49352   9.52426     0.050     25079      5951
   9.49318   9.52393     0.050     25088      5951
   9.49284   9.52357     0.050     25016      5940
   9.49250   9.52318     0.050     24999      5935
   9.49216   9.52280     0.050     24984      5933
   9.49182   9.52243     0.050     24969      5931
   9.49148   9.52207     0.050     24943      5927
   9.49114   9.52171     0.050     24957      5931
   9.49080   9.52135     0.050     24978      5938
   9.49046   9.52098     0.050     24968      5937
   9.49012   9.52059     0.050     25005      5946
   9.48978   9.52022     0.050     25061      5963
   9.48944   9.51986     0.050     25074      5967
   9.48910   9.51951     0.050     25085      5971
   9.48876   9.51917     0.050     25144      5985
   9.48842   9.51883     0.050     25123      5984
   9.48808   9.51850     0.050     25117      5982
   9.48774   9.51816     0.050     25123      5986
   9.48740   9.51783     0.050     25132      5989
   9.48706   9.51751     0.050     25110      5986
   9.48672   9.51722     0.050     25101      5987
   9.48638   9.51694     0.050     25127      5994
   9.48604   9.51667     0.050     25113      5990
   9.48570   9.51640     0.050     25090      5987
   9.48536   9.51611     0.050     25121      5995
   9.48502   9.51582     0.050     25119      5997
   9.48468   9.51553     0.050     25077      5989
   9.48434   9.51523     0.050     25100      5996
   9.48400   9.51493     0.050     25121      6000
   9.48366   9.51464     0.050     25100      5998
   9.48332   9.51433     0.050     25087      5994
   9.48298   9.51399     0.050     25113      6002
   9.48264   9.51364     0.050     25111      6003
   9.48230   9.51326     0.050     25082      6000
   9.48196   9.51288     0.050     25105      6005
   9.48162   9.51251     0.050     25118      6010
   9.48128   9.51215     0.050     25093      6006
   9.48094   9.51179     0.050     25088      6007
   9.48060   9.51143     0.050     25111      6012
   9.48026   9.51105     0.050     25104      6012
   9.47992   9.51067     0.050     25088      6010
   9.47958   9.51030     0.050     25095      6015
   9.47924   9.50993     0.050     25114      6017
   9.47890   9.50959     0.050     25072      6012
   9.47856   9.50925     0.050     25103      6018
   9.47822   9.50891     0.050     25107      6018
   9.47788   9.50858     0.050     25094      6020
   9.47754   9.50825     0.050     25083      6019
   9.47720   9.50792     0.050     25092      6023
   9.47686   9.50760     0.050     25088      6023
   9.47652   9.50730     0.050     25084      6024
   9.47618   9.50701     0.050     25080      6025
   9.47584   9.50674     0.050     25100      6027
   9.47550   9.50647     0.050     25092      6030
   9.47516   9.50619     0.050     25073      6025
   9.47482   9.50590     0.050     25088      6030
   9.47448   9.50561     0.050     25074      6031
   9.47414   9.50531     0.050     25092      6033
   9.47380   9.50501     0.050     25089      6035
   9.47346   9.50472     0.050     25084      6035
   9.47312   9.50441     0.050     25091      6037
   9.47278   9.50409     0.050     25081      6036
   9.47244   9.50374     0.050     25071      6039
   9.47210   9.50337     0.050     25075      6040
   9.47176   9.50298     0.050     25071      6040
   9.47142   9.50260     0.050     25070      6041
   9.47108   9.50224     0.050     25072      6042
   9.47074   9.50188     0.050     25066      6042
   9.47040   9.50153     0.050     25069      6044
   9.47006   9.50116     0.050     25070      6046
   9.46972   9.50078     0.050     25080      6047
   9.46938   9.50040     0.050     25063      6045
   9.46904   9.50004     0.050     25051      6045
   9.46870   9.49968     0.050     25038      6043
   9.46836   9.49934     0.050     25019      6040
   9.46802   9.49900     0.050     24972      6032
   9.46768   9.49867     0.050     24975      6033
   9.46734   9.49834     0.050     24966      6031
   9.46700   9.49801     0.050     24956      6031
   9.46666   9.49769     0.050     24962      6032
   9.46632   9.49738     0.050     24966      6035
   9.46598   9.49709     0.050     24993      6044
   9.46564   9.49682     0.050     24995      6046
   9.46530   9.49654     0.050     25049      6059
   9.46496   9.49627     0.050     25052      6061
   9.46462   9.49598     0.050     25057      6066
   9.46428   9.49569     0.050     25057      6067
   9.46394   9.49539     0.050     25055      6067
   9.46360   9.49510     0.050     25055      6069
   9.46326   9.49480     0.050     25059      6071
   9.46292   9.49450     0.050     25045      6070
   9.46258   9.49418     0.050     25040      6069
   9.46224   9.49384     0.050     25018      6066
   9.46190   9.49347     0.050     25010      6064
   9.46156   9.49309     0.050     25010      6067
   9.46122   9.49271     0.050     25008      6065
   9.46088   9.49234     0.050     25006      6069
   9.46054   9.49198     0.050     25017      6071
   9.46020   9.49162     0.050     25000      6069
   9.45986   9.49125     0.050     25029      6076
   9.45952   9.49087     0.050     25032      6080
   9.45918   9.49049     0.050     25045      6085
   9.45884   9.49012     0.050     25044      6084
   9.45850   9.48976     0.050     25058      6088
   9.45816   9.48941     0.050     25043      6087
   9.45782   9.48908     0.050     25037      6088
   9.45748   9.48874     0.050     25034      6090
   9.45714   9.48841     0.050     25028      6086
   9.45680   9.48808     0.050     25014      6086
   9.45646   9.48776     0.050     25009      6087
   9.45612   9.48744     0.050     25023      6091
   9.45578   9.48715     0.050     25024      6090
   9.45544   9.48688     0.050     25010      6091
   9.45510   9.48660     0.050     25026      6094
   9.45476   9.48633     0.050     25027      6097
   9.45442   9.48605     0.050     25031      6098
   9.45408   9.48576     0.050     25041      6104
   9.45374   9.48546     0.050     25049      6105
   9.45340   9.48516     0.050     25031      6104
   9.45306   9.48487     0.050     25045      6108
   9.45272   9.48457     0.050     25049      6110
   9.45238   9.48426     0.050     25029      6107
   9.45204   9.48392     0.050     25020      6107
   9.45170   9.48356     0.050     25015      6105
   9.45136   9.48317     0.050     25019      6107
   9.45102   9.48279     0.050     24992      6104
   9.45068   9.48242     0.050     24995      6106
   9.45034   9.48206     0.050     25012      6111
   9.45000   9.48171     0.050     24990      6109
   9.44966   9.48135     0.050     24996      6109
   9.44932   9.48097     0.050     25025      6117
   9.44898   9.48059     0.050     25023      6116
   9.44864   9.48022     0.050     25017      6119
   9.44830   9.47986     0.050     25032      6121
   9.44796   9.47951     0.050     25033      6125
   9.44762   9.47917     0.050     25000      6119
   9.44728   9.47884     0.050     25011      6122
   9.44694   9.47851     0.050     25003      6123
   9.44660   9.47818     0.050     24981      6118
   9.44626   9.47785     0.050     24970      6116
   9.44592   9.47753     0.050     24987      6122
   9.44558   9.47723     0.050     24981      6121
   9.44524   9.47695     0.050     24975      6122
   9.44490   9.47668     0.050     24990      6126
   9.44456   9.47641     0.050     25001      6132
   9.44422   9.47613     0.050     25005      6132
   9.44388   9.47584     0.050     25017      6137
   9.44354   9.47554     0.050     25042      6142
   9.44320   9.47525     0.050     25023      6142
   9.44286   9.47495     0.050     25015      6142
   9.44252   9.47466     0.050     25035      6151
   9.44218   9.47435     0.050     25029      6146
   9.44184   9.47402     0.050     25007      6143
   9.44150   9.47366     0.050     25023      6147
   9.44116   9.47328     0.050     24989      6140
   9.44082   9.47290     0.050     24939      6131
   9.44048   9.47253     0.050     24935      6129
   9.44014   9.47217     0.050     24927      6127
   9.43980   9.47181     0.050     24910      6127
   9.43946   9.47145     0.050     24902      6126
   9.43912   9.47108     0.050     24924      6134
   9.43878   9.47070     0.050     24920      6133
   9.43844   9.47032     0.050     24924      6136
   9.43810   9.46996     0.050     24967      6146
   9.43776   9.46961     0.050     24996      6157
   9.43742   9.46927     0.050     24995      6161
   9.43708   9.46894     0.050     25007      6161
   9.43674   9.46860     0.050     25027      6167
   9.43640   9.46827     0.050     25004      6164
   9.43606   9.46794     0.050     24999      6164
   9.43572   9.46762     0.050     25018      6171
   9.43538   9.46732     0.050     25020      6171
   9.43504   9.46704     0.050     24985      6164
   9.43470   9.46676     0.050     25016      6175
   9.43436   9.46649     0.050     25005      6173
   9.43402   9.46621     0.050     24997      6173
   9.43368   9.46593     0.050     24994      6174
   9.43334   9.46563     0.050     25025      6182
   9.43300   9.46534     0.050     25004      6179
   9.43266   9.46504     0.050     24998      6177
   9.43232   9.46474     0.050     25004      6181
   9.43198   9.46443     0.050     25024      6187
   9.43164   9.46411     0.050     24988      6179
   9.43130   9.46376     0.050     25009      6186
   9.43096   9.46338     0.050     25013      6189
   9.43062   9.46300     0.050     24997      6185
   9.43028   9.46262     0.050     24984      6184
   9.42994   9.46225     0.050     25015      6191
   9.42960   9.46189     0.050     25005      6192
   9.42926   9.46153     0.050     24989      6192
   9.42892   9.46116     0.050     24993      6194
   9.42858   9.46078     0.050     24999      6197
   9.42824   9.46041     0.050     24981      6192
   9.42790   9.46004     0.050     24977      6194
   9.42756   9.45969     0.050     25009      6203
   9.42722   9.45934     0.050     24982      6198
   9.42688   9.45901     0.050     24976      6198
   9.42654   9.45868     0.050     25023      6208
   9.42620   9.45835     0.050     24979      6200
   9.42586   9.45801     0.050     24982      6204
   9.42552   9.45769     0.050     24993      6208
   9.42518   9.45738     0.050     25012      6212
   9.42484   9.45710     0.050     24974      6205
   9.42450   9.45682     0.050     24976      6208
   9.42416   9.45655     0.050     24995      6215
   9.42382   9.45628     0.050     24980      6210
   9.42348   9.45599     0.050     24980      6211
   9.42314   9.45570     0.050     24993      6218
   9.42280   9.45540     0.050     24984      6215
   9.42246   9.45511     0.050     24958      6213
   9.42212   9.45482     0.050     24985      6217
   9.42178   9.45451     0.050     24987      6220
   9.42144   9.45420     0.050     24975      6220
   9.42110   9.45386     0.050     24972      6221
   9.42076   9.45349     0.050     24985      6225
   9.42042   9.45311     0.050     24970      6221
   9.42008   9.45273     0.050     24955      6220
   9.41974   9.45236     0.050     24972      6225
   9.41940   9.45200     0.050     24970      6226
   9.41906   9.45164     0.050     24949      6222
   9.41872   9.45128     0.050     24962      6227
   9.41838   9.45091     0.050     24954      6228
   9.41804   9.45053     0.050     24927      6222
   9.41770   9.45016     0.050     24938      6225
   9.41736   9.44980     0.050     24929      6225
   9.41702   9.44945     0.050     24913      6223
   9.41668   9.44912     0.050     24872      6214
   9.41634   9.44878     0.050     24859      6210
   9.41600   9.44845     0.050     24839      6207
   9.41566   9.44812     0.050     24808      6201
   9.41532   9.44779     0.050     24799      6202
   9.41498   9.44748     0.050     24837      6213
   9.41464   9.44719     0.050     24831      6211
   9.41430   9.44691     0.050     24854      6219
   9.41396   9.44663     0.050     24906      6232
   9.41362   9.44636     0.050     24937      6241
   9.41328   9.44608     0.050     24943      6246
   9.41294   9.44579     0.050     24979      6254
   9.41260   9.44549     0.050     24981      6257
   9.41226   9.44520     0.050     24970      6255
   9.41192   9.44490     0.050     24969      6255
   9.41158   9.44461     0.050     24986      6262
   9.41124   9.44430     0.050     24956      6256
   9.41090   9.44396     0.050     24965      6262
   9.41056   9.44360     0.050     24985      6266
   9.41022   9.44322     0.050     24970      6263
   9.40988   9.44284     0.050     24949      6262
   9.40954   9.44247     0.050     24967      6266
   9.40920   9.44210     0.050     24968      6265
   9.40886   9.44175     0.050     24955      6268
   9.40852   9.44139     0.050     24960      6271
   9.40818   9.44102     0.050     24965      6273
   9.40784   9.44063     0.050     24971      6273
   9.40750   9.44025     0.050     24953      6274
   9.40716   9.43989     0.050     24965      6277
   9.40682   9.43955     0.050     24958      6277
   9.40648   9.43921     0.050     24938      6276
   9.40614   9.43887     0.050     24965      6284
   9.40580   9.43854     0.050     24961      6282
   9.40546   9.43821     0.050     24961      6283
   9.40512   9.43789     0.050     24964      6283
   9.40478   9.43757     0.050     24963      6287
   9.40444   9.43726     0.050     24951      6286
   9.40410   9.43698     0.050     24953      6289
   9.40376   9.43670     0.050     24942      6286
   9.40342   9.43643     0.050     24964      6293
   9.40308   9.43615     0.050     24954      6290
   9.40274   9.43586     0.050     24945      6292
   9.40240   9.43557     0.050     24946      6295
   9.40206   9.43527     0.050     24945      6295
   9.40172   9.43497     0.050     24938      6294
   9.40138   9.43468     0.050     24950      6297
   9.40104   9.43437     0.050     24946      6300
   9.40070   9.43404     0.050     24942      6299
   9.40036   9.43368     0.050     24934      6302
   9.40002   9.43331     0.050     24946      6304
   9.39968   9.43293     0.050     24946      6304
   9.39934   9.43254     0.050     24930      6304
   9.39900   9.43218     0.050     24948      6307
   9.39866   9.43183     0.050     24933      6307
   9.39832   9.43148     0.050     24950      6314
   9.39798   9.43110     0.050     24933      6309
   9.39764   9.43072     0.050     24942      6315
   9.39730   9.43034     0.050     24936      6315
   9.39696   9.42998     0.050     24935      6315
   9.39662   9.42963     0.050     24936      6319
   9.39628   9.42929     0.050     24939      6319
   9.39594   9.42896     0.050     24931      6321
   9.39560   9.42862     0.050     24922      6321
   9.39526   9.42829     0.050     24933      6325
   9.39492   9.42796     0.050     24939      6327
   9.39458   9.42764     0.050     24935      6328
   9.39424   9.42734     0.050     24923      6329
   9.39390   9.42705     0.050     24931      6331
   9.39356   9.42678     0.050     24929      6331
   9.39322   9.42651     0.050     24918      6330
   9.39288   9.42623     0.050     24933      6334
   9.39254   9.42594     0.050     24935      6336
   9.39220   9.42565     0.050     24936      6336
   9.39186   9.42536     0.050     24925      6339
   9.39152   9.42506     0.050     24932      6339
   9.39118   9.42476     0.050     24918      6340
   9.39084   9.42446     0.050     24924      6342
   9.39050   9.42414     0.050     24917      6342
   9.39016   9.42380     0.050     24916      6344
   9.38982   9.42343     0.050     24902      6343
   9.38948   9.42304     0.050     24913      6346
   9.38914   9.42266     0.050     24925      6349
   9.38880   9.42230     0.050     24906      6349
   9.38846   9.42195     0.050     24916      6353
   9.38812   9.42159     0.050     24915      6353
   9.38778   9.42122     0.050     24918      6355
   9.38744   9.42084     0.050     24908      6356
   9.38710   9.42046     0.050     24922      6360
   9.38676   9.42009     0.050     24913      6359
   9.38642   9.41974     0.050     24902      6359
   9.38608   9.41940     0.050     24912      6362
   9.38574   9.41906     0.050     24920      6367
   9.38540   9.41873     0.050     24919      6366
   9.38506   9.41839     0.050     24917      6366
   9.38472   9.41807     0.050     24912      6369
   9.38438   9.41774     0.050     24908      6370
   9.38404   9.41743     0.050     24891      6370
   9.38370   9.41713     0.050     24920      6374
   9.38336   9.41686     0.050     24912      6373
   9.38302   9.41659     0.050     24905      6374
   9.38268   9.41632     0.050     24910      6378
   9.38234   9.41604     0.050     24901      6377
   9.38200   9.41574     0.050     24889      6376
   9.38166   9.41545     0.050     24894      6379
   9.38132   9.41515     0.050     24882      6378
   9.38098   9.41486     0.050     24864      6374
   9.38064   9.41456     0.050     24863      6374
   9.38030   9.41424     0.050     24877      6381
   9.37996   9.41391     0.050     24866      6379
   9.37962   9.41355     0.050     24865      6381
   9.37928   9.41316     0.050     24883      6388
   9.37894   9.41278     0.050     24888      6388
   9.37860   9.41241     0.050     24881      6389
   9.37826   9.41206     0.050     24896      6394
   9.37792   9.41170     0.050     24906      6398
   9.37758   9.41134     0.050     24902      6398
   9.37724   9.41096     0.050     24897      6399
   9.37690   9.41058     0.050     24903      6402
   9.37656   9.41020     0.050     24889      6401
   9.37622   9.40985     0.050     24891      6404
   9.37588   9.40950     0.050     24901      6406
   9.37554   9.40916     0.050     24902      6408
   9.37520   9.40883     0.050     24892      6407
   9.37486   9.40849     0.050     24899      6411
   9.37452   9.40816     0.050     24896      6413
   9.37418   9.40783     0.050     24892      6413
   9.37384   9.40752     0.050     24891      6413
   9.37350   9.40722     0.050     24888      6414
   9.37316   9.40694     0.050     24872      6413
   9.37282   9.40666     0.050     24869      6409
   9.37248   9.40639     0.050     24864      6412
   9.37214   9.40611     0.050     24851      6409
   9.37180   9.40582     0.050     24827      6406
   9.37146   9.40552     0.050     24838      6409
   9.37112   9.40523     0.050     24820      6405
   9.37078   9.40493     0.050     24831      6411
   9.37044   9.40463     0.050     24832      6413
   9.37010   9.40433     0.050     24847      6419
   9.36976   9.40399     0.050     24848      6421
   9.36942   9.40364     0.050     24857      6422
   9.36908   9.40326     0.050     24864      6428
   9.36874   9.40288     0.050     24845      6425
   9.36840   9.40250     0.050     24854      6427
   9.36806   9.40215     0.050     24856      6431
   9.36772   9.40179     0.050     24848      6431
   9.36738   9.40143     0.050     24846      6433
   9.36704   9.40106     0.050     24856      6434
   9.36670   9.40068     0.050     24865      6438
   9.36636   9.40031     0.050     24859      6436
   9.36602   9.39994     0.050     24845      6436
   9.36568   9.39959     0.050     24856      6441
   9.36534   9.39925     0.050     24836      6438
   9.36500   9.39892     0.050     24830      6438
   9.36466   9.39859     0.050     24836      6441
   9.36432   9.39826     0.050     24836      6443
   9.36398   9.39793     0.050     24823      6439
   9.36364   9.39761     0.050     24832      6442
   9.36330   9.39731     0.050     24833      6445
   9.36296   9.39703     0.050     24811      6443
   9.36262   9.39675     0.050     24792      6438
   9.36228   9.39649     0.050     24802      6442
   9.36194   9.39621     0.050     24802      6442
   9.36160   9.39592     0.050     24789      6441
   9.36126   9.39563     0.050     24814      6447
   9.36092   9.39533     0.050     24814      6451
   9.36058   9.39504     0.050     24814      6454
   9.36024   9.39474     0.050     24820      6456
   9.35990   9.39444     0.050     24853      6466
   9.35956   9.39412     0.050     24857      6467
   9.35922   9.39377     0.050     24842      6467
   9.35888   9.39340     0.050     24852      6470
   9.35854   9.39302     0.050     24864      6476
   9.35820   9.39264     0.050     24847      6472
   9.35786   9.39227     0.050     24851      6473
   9.35752   9.39192     0.050     24871      6481
   9.35718   9.39156     0.050     24861      6480
   9.35684   9.39120     0.050     24830      6475
   9.35650   9.39082     0.050     24860      6482
   9.35616   9.39044     0.050     24865      6483
   9.35582   9.39007     0.050     24841      6480
   9.35548   9.38972     0.050     24853      6484
   9.35514   9.38937     0.050     24851      6484
   9.35480   9.38904     0.050     24836      6485
   9.35446   9.38871     0.050     24813      6479
   9.35412   9.38837     0.050     24831      6486
   9.35378   9.38804     0.050     24820      6483
   9.35344   9.38772     0.050     24795      6480
   9.35310   9.38741     0.050     24807      6483
   9.35276   9.38712     0.050     24819      6488
   9.35242   9.38684     0.050     24809      6487
   9.35208   9.38657     0.050     24816      6491
   9.35174   9.38630     0.050     24838      6495
   9.35140   9.38602     0.050     24841      6500
   9.35106   9.38573     0.050     24829      6500
   9.35072   9.38543     0.050     24855      6506
   9.35038   9.38513     0.050     24838      6505
   9.35004   9.38484     0.050     24832      6503
   9.34970   9.38454     0.050     24852      6510
   9.34936   9.38422     0.050     24847      6510
   9.34902   9.38389     0.050     24835      6508
   9.34868   9.38352     0.050     24834      6510
   9.34834   9.38314     0.050     24829      6511
   9.34800   9.38276     0.050     24843      6515
   9.34766   9.38239     0.050     24828      6515
   9.34732   9.38203     0.050     24844      6518
   9.34698   9.38167     0.050     24838      6520
   9.34664   9.38131     0.050     24814      6516
   9.34630   9.38094     0.050     24822      6519
   9.34596   9.38055     0.050     24857      6526
   9.34562   9.38018     0.050     24838      6524
   9.34528   9.37982     0.050     24829      6523
   9.34494   9.37947     0.050     24845      6530
   9.34460   9.37913     0.050     24842      6528
   9.34426   9.37880     0.050     24824      6526
   9.34392   9.37847     0.050     24847      6532
   9.34358   9.37813     0.050     24832      6532
   9.34324   9.37781     0.050     24817      6530
   9.34290   9.37749     0.050     24823      6532
   9.34256   9.37720     0.050     24826      6534
   9.34222   9.37692     0.050     24819      6533
   9.34188   9.37665     0.050     24806      6535
   9.34154   9.37637     0.050     24805      6535
   9.34120   9.37610     0.050     24796      6532
   9.34086   9.37581     0.050     24767      6527
   9.34052   9.37551     0.050     24767      6530
   9.34018   9.37521     0.050     24780      6531
   9.33984   9.37492     0.050     24763      6531
   9.33950   9.37462     0.050     24762      6533
   9.33916   9.37432     0.050     24794      6540
   9.33882   9.37399     0.050     24788      6540
   9.33848   9.37363     0.050     24788      6546
   9.33814   9.37325     0.050     24820      6552
   9.33780   9.37287     0.050     24824      6555
   9.33746   9.37250     0.050     24823      6554
   9.33712   9.37214     0.050     24830      6558
   9.33678   9.37178     0.050     24832      6562
   9.33644   9.37143     0.050     24808      6557
   9.33610   9.37106     0.050     24799      6556
   9.33576   9.37068     0.050     24825      6564
   9.33542   9.37030     0.050     24812      6562
   9.33508   9.36994     0.050     24785      6557
   9.33474   9.36959     0.050     24782      6556
   9.33440   9.36925     0.050     24780      6557
   9.33406   9.36892     0.050     24778      6559
   9.33372   9.36859     0.050     24761      6555
   9.33338   9.36826     0.050     24775      6562
   9.33304   9.36793     0.050     24766      6562
   9.33270   9.36762     0.050     24755      6561
   9.33236   9.36731     0.050     24796      6572
   9.33202   9.36703     0.050     24809      6576
   9.33168   9.36675     0.050     24806      6576
   9.33134   9.36649     0.050     24802      6577
   9.33100   9.36621     0.050     24812      6580
   9.33066   9.36592     0.050     24807      6582
   9.33032   9.36563     0.050     24797      6580
   9.32998   9.36533     0.050     24810      6583
   9.32964   9.36504     0.050     24808      6584
   9.32930   9.36475     0.050     24790      6580
   9.32896   9.36444     0.050     24802      6587
   9.32862   9.36412     0.050     24787      6586
   9.32828   9.36377     0.050     24790      6586
   9.32794   9.36340     0.050     24744      6578
   9.32760   9.36302     0.050     24773      6585
   9.32726   9.36264     0.050     24771      6586
   9.32692   9.36228     0.050     24752      6584
   9.32658   9.36192     0.050     24758      6585
   9.32624   9.36156     0.050     24761      6589
   9.32590   9.36120     0.050     24752      6587
   9.32556   9.36082     0.050     24766      6593
   9.32522   9.36044     0.050     24779      6598
   9.32488   9.36007     0.050     24799      6601
   9.32454   9.35972     0.050     24787      6602
   9.32420   9.35938     0.050     24800      6606
   9.32386   9.35905     0.050     24787      6607
   9.32352   9.35871     0.050     24775      6605
   9.32318   9.35838     0.050     24784      6608
   9.32284   9.35805     0.050     24771      6605
   9.32250   9.35773     0.050     24780      6608
   9.32216   9.35742     0.050     24755      6606
   9.32182   9.35713     0.050     24748      6603
   9.32148   9.35685     0.050     24740      6602
   9.32114   9.35658     0.050     24725      6602
   9.32080   9.35631     0.050     24726      6602
   9.32046   9.35603     0.050     24742      6606
   9.32012   9.35573     0.050     24727      6605
   9.31978   9.35544     0.050     24735      6607
   9.31944   9.35514     0.050     24756      6614
   9.31910   9.35485     0.050     24765      6620
   9.31876   9.35455     0.050     24777      6621
   9.31842   9.35424     0.050     24773      6626
   9.31808   9.35390     0.050     24796      6631
   9.31774   9.35353     0.050     24775      6627
   9.31740   9.35315     0.050     24779      6632
   9.31706   9.35277     0.050     24778      6633
   9.31672   9.35240     0.050     24778      6635
   9.31638   9.35204     0.050     24769      6633
   9.31604   9.35168     0.050     24785      6638
   9.31570   9.35131     0.050     24771      6636
   9.31536   9.35094     0.050     24775      6638
   9.31502   9.35056     0.050     24773      6640
   9.31468   9.35018     0.050     24775      6641
   9.31434   9.34983     0.050     24761      6640
   9.31400   9.34948     0.050     24769      6642
   9.31366   9.34914     0.050     24777      6647
   9.31332   9.34881     0.050     24756      6644
   9.31298   9.34848     0.050     24762      6645
   9.31264   9.34815     0.050     24767      6650
   9.31230   9.34782     0.050     24769      6649
   9.31196   9.34751     0.050     24751      6648
   9.31162   9.34721     0.050     24770      6654
   9.31128   9.34693     0.050     24764      6653
   9.31094   9.34667     0.050     24763      6655
   9.31060   9.34639     0.050     24766      6655
   9.31026   9.34611     0.050     24776      6661
   9.30992   9.34582     0.050     24760      6658
   9.30958   9.34553     0.050     24741      6656
   9.30924   9.34523     0.050     24758      6661
   9.30890   9.34494     0.050     24759      6664
   9.30856   9.34465     0.050     24750      6662
   9.30822   9.34434     0.050     24746      6661
   9.30788   9.34401     0.050     24771      6671
   9.30754   9.34366     0.050     24758      6670
   9.30720   9.34328     0.050     24727      6665
   9.30686   9.34289     0.050     24749      6672
   9.30652   9.34252     0.050     24770      6674
   9.30618   9.34216     0.050     24722      6667
   9.30584   9.34180     0.050     24760      6676
   9.30550   9.34145     0.050     24762      6678
   9.30516   9.34108     0.050     24746      6677
   9.30482   9.34070     0.050     24741      6675
   9.30448   9.34032     0.050     24766      6682
   9.30414   9.33996     0.050     24776      6686
   9.30380   9.33961     0.050     24739      6682
   9.30346   9.33927     0.050     24761      6688
   9.30312   9.33894     0.050     24759      6689
   9.30278   9.33861     0.050     24745      6686
   9.30244   9.33827     0.050     24736      6684
   9.30210   9.33794     0.050     24749      6691
   9.30176   9.33763     0.050     24744      6690
   9.30142   9.33732     0.050     24728      6689
   9.30108   9.33703     0.050     24744      6695
   9.30074   9.33676     0.050     24742      6696
   9.30040   9.33649     0.050     24731      6695
   9.30006   9.33622     0.050     24731      6697
   9.29972   9.33593     0.050     24746      6700
   9.29938   9.33564     0.050     24727      6698
   9.29904   9.33534     0.050     24741      6702
   9.29870   9.33504     0.050     24743      6705
   9.29836   9.33475     0.050     24743      6706
   9.29802   9.33445     0.050     24732      6705
   9.29768   9.33412     0.050     24738      6708
   9.29734   9.33378     0.050     24750      6709
   9.29700   9.33341     0.050     24729      6710
   9.29666   9.33303     0.050     24738      6712
   9.29632   9.33265     0.050     24761      6718
   9.29598   9.33228     0.050     24746      6719
   9.29564   9.33192     0.050     24726      6714
   9.29530   9.33157     0.050     24733      6715
   9.29496   9.33120     0.050     24728      6719
   9.29462   9.33082     0.050     24723      6717
   9.29428   9.33045     0.050     24729      6721
   9.29394   9.33008     0.050     24747      6726
   9.29360   9.32972     0.050     24711      6721
   9.29326   9.32938     0.050     24736      6726
   9.29292   9.32905     0.050     24736      6726
   9.29258   9.32872     0.050     24726      6730
   9.29224   9.32839     0.050     24721      6727
   9.29190   9.32806     0.050     24732      6735
   9.29156   9.32774     0.050     24721      6732
   9.29122   9.32742     0.050     24709      6731
   9.29088   9.32713     0.050     24739      6738
   9.29054   9.32685     0.050     24728      6735
   9.29020   9.32659     0.050     24713      6736
   9.28986   9.32631     0.050     24718      6742
   9.28952   9.32603     0.050     24714      6743
   9.28918   9.32574     0.050     24717      6743
   9.28884   9.32544     0.050     24705      6739
   9.28850   9.32514     0.050     24718      6746
   9.28816   9.32484     0.050     24726      6748
   9.28782   9.32454     0.050     24690      6743
   9.28748   9.32422     0.050     24708      6746
   9.28714   9.32388     0.050     24734      6754
   9.28680   9.32351     0.050     24708      6750
   9.28646   9.32313     0.050     24693      6750
   9.28612   9.32275     0.050     24728      6758
   9.28578   9.32238     0.050     24726      6759
   9.28544   9.32203     0.050     24688      6753
   9.28510   9.32167     0.050     24708      6758
   9.28476   9.32131     0.050     24725      6763
   9.28442   9.32093     0.050     24705      6761
   9.28408   9.32055     0.050     24699      6759
   9.28374   9.32017     0.050     24729      6770
   9.28340   9.31982     0.050     24706      6765
   9.28306   9.31948     0.050     24689      6763
   9.28272   9.31914     0.050     24718      6772
   9.28238   9.31881     0.050     24719      6773
   9.28204   9.31847     0.050     24703      6769
   9.28170   9.31814     0.050     24703      6774
   9.28136   9.31782     0.050     24720      6777
   9.28102   9.31750     0.050     24700      6777
   9.28068   9.31721     0.050     24691      6774
   9.28034   9.31693     0.050     24713      6782
   9.28000   9.31666     0.050     24717      6782
   9.27966   9.31639     0.050     24704      6781
   9.27932   9.31611     0.050     24698      6782
   9.27898   9.31583     0.050     24703      6787
   9.27864   9.31553     0.050     24701      6787
   9.27830   9.31523     0.050     24701      6786
   9.27796   9.31494     0.050     24704      6790
   9.27762   9.31464     0.050     24692      6787
   9.27728   9.31434     0.050     24705      6793
   9.27694   9.31401     0.050     24693      6790
   9.27660   9.31365     0.050     24706      6795
   9.27626   9.31327     0.050     24687      6794
   9.27592   9.31289     0.050     24694      6797
   9.27558   9.31252     0.050     24697      6799
   9.27524   9.31216     0.050     24691      6800
   9.27490   9.31180     0.050     24689      6799
   9.27456   9.31144     0.050     24705      6803
   9.27422   9.31108     0.050     24684      6802
   9.27388   9.31070     0.050     24690      6803
   9.27354   9.31032     0.050     24698      6806
   9.27320   9.30995     0.050     24684      6807
   9.27286   9.30960     0.050     24676      6807
   9.27252   9.30927     0.050     24696      6811
   9.27218   9.30893     0.050     24698      6813
   9.27184   9.30860     0.050     24689      6814
   9.27150   9.30826     0.050     24681      6814
   9.27116   9.30794     0.050     24705      6823
   9.27082   9.30762     0.050     24690      6817
   9.27048   9.30732     0.050     24686      6817
   9.27014   9.30704     0.050     24699      6822
   9.26980   9.30676     0.050     24681      6822
   9.26946   9.30649     0.050     24677      6823
   9.26912   9.30621     0.050     24693      6828
   9.26878   9.30593     0.050     24683      6827
   9.26844   9.30564     0.050     24672      6825
   9.26810   9.30534     0.050     24674      6827
   9.26776   9.30505     0.050     24681      6833
   9.26742   9.30475     0.050     24687      6834
   9.26708   9.30445     0.050     24648      6826
   9.26674   9.30413     0.050     24683      6835
   9.26640   9.30378     0.050     24685      6839
   9.26606   9.30341     0.050     24662      6835
   9.26572   9.30303     0.050     24677      6840
   9.26538   9.30265     0.050     24704      6845
   9.26504   9.30229     0.050     24674      6841
   9.26470   9.30193     0.050     24671      6839
   9.26436   9.30157     0.050     24685      6850
   9.26402   9.30121     0.050     24676      6848
   9.26368   9.30083     0.050     24653      6843
   9.26334   9.30045     0.050     24668      6849
   9.26300   9.30008     0.050     24702      6858
   9.26266   9.29973     0.050     24658      6848
   9.26232   9.29939     0.050     24663      6852
   9.26198   9.29905     0.050     24692      6862
   9.26164   9.29872     0.050     24684      6859
   9.26130   9.29839     0.050     24659      6855
   9.26096   9.29805     0.050     24670      6861
   9.26062   9.29773     0.050     24692      6868
   9.26028   9.29742     0.050     24654      6861
   9.25994   9.29713     0.050     24665      6862
   9.25960   9.29685     0.050     24681      6869
   9.25926   9.29658     0.050     24665      6869
   9.25892   9.29631     0.050     24647      6864
   9.25858   9.29602     0.050     24674      6872
   9.25824   9.29573     0.050     24674      6874
   9.25790   9.29543     0.050     24652      6869
   9.25756   9.29513     0.050     24666      6873
   9.25722   9.29484     0.050     24674      6880
   9.25688   9.29454     0.050     24649      6876
   9.25654   9.29423     0.050     24656      6878
   9.25620   9.29389     0.050     24667      6880
   9.25586   9.29353     0.050     24668      6882
   9.25552   9.29315     0.050     24636      6878
   9.25518   9.29277     0.050     24661      6883
   9.25484   9.29240     0.050     24651      6885
   9.25450   9.29204     0.050     24646      6884
   9.25416   9.29169     0.050     24649      6887
   9.25382   9.29132     0.050     24656      6892
   9.25348   9.29095     0.050     24643      6891
   9.25314   9.29057     0.050     24647      6890
   9.25280   9.29020     0.050     24663      6899
   9.25246   9.28985     0.050     24652      6895
   9.25212   9.28950     0.050     24646      6896
   9.25178   9.28917     0.050     24638      6898
   9.25144   9.28884     0.050     24652      6901
   9.25110   9.28851     0.050     24645      6899
   9.25076   9.28817     0.050     24644      6901
   9.25042   9.28785     0.050     24654      6904
   9.25008   9.28753     0.050     24643      6904
   9.24974   9.28723     0.050     24644      6905
   9.24940   9.28696     0.050     24645      6910
   9.24906   9.28669     0.050     24650      6911
   9.24872   9.28642     0.050     24635      6910
   9.24838   9.28614     0.050     24649      6913
   9.24804   9.28585     0.050     24656      6919
   9.24770   9.28556     0.050     24622      6910
   9.24736   9.28527     0.050     24638      6915
   9.24702   9.28497     0.050     24645      6918
   9.24668   9.28468     0.050     24648      6922
   9.24634   9.28437     0.050     24632      6917
   9.24600   9.28404     0.050     24629      6921
   9.24566   9.28369     0.050     24639      6924
   9.24532   9.28332     0.050     24633      6925
   9.24498   9.28294     0.050     24626      6923
   9.24464   9.28257     0.050     24641      6930
   9.24430   9.28221     0.050     24624      6927
   9.24396   9.28185     0.050     24624      6928
   9.24362   9.28149     0.050     24634      6931
   9.24328   9.28112     0.050     24643      6936
   9.24294   9.28075     0.050     24619      6933
   9.24260   9.28037     0.050     24623      6935
   9.24226   9.28001     0.050     24644      6941
   9.24192   9.27966     0.050     24628      6940
   9.24158   9.27932     0.050     24611      6934
   9.24124   9.27898     0.050     24615      6938
   9.24090   9.27865     0.050     24608      6937
   9.24056   9.27832     0.050     24580      6930
   9.24022   9.27800     0.050     24573      6932
   9.23988   9.27768     0.050     24586      6937
   9.23954   9.27737     0.050     24577      6935
   9.23920   9.27708     0.050     24550      6930
   9.23886   9.27681     0.050     24579      6940
   9.23852   9.27654     0.050     24592      6945
   9.23818   9.27626     0.050     24578      6944
   9.23784   9.27598     0.050     24599      6948
   9.23750   9.27569     0.050     24632      6959
   9.23716   9.27539     0.050     24623      6959
   9.23682   9.27510     0.050     24604      6954
   9.23648   9.27480     0.050     24627      6965
   9.23614   9.27450     0.050     24629      6967
   9.23580   9.27419     0.050     24602      6961
   9.23546   9.27384     0.050     24612      6967
   9.23512   9.27348     0.050     24618      6967
   9.23478   9.27310     0.050     24599      6964
   9.23444   9.27272     0.050     24611      6970
   9.23410   9.27235     0.050     24627      6975
   9.23376   9.27200     0.050     24634      6976
   9.23342   9.27164     0.050     24601      6973
   9.23308   9.27128     0.050     24607      6975
   9.23274   9.27090     0.050     24618      6979
   9.23240   9.27052     0.050     24601      6976
   9.23206   9.27014     0.050     24594      6976
   9.23172   9.26979     0.050     24611      6984
   9.23138   9.26944     0.050     24606      6983
   9.23104   9.26911     0.050     24596      6981
   9.23070   9.26877     0.050     24603      6988
   9.23036   9.26844     0.050     24607      6989
   9.23002   9.26811     0.050     24610      6991
   9.22968   9.26778     0.050     24597      6987
   9.22934   9.26747     0.050     24598      6991
   9.22900   9.26718     0.050     24602      6996
   9.22866   9.26690     0.050     24591      6994
   9.22832   9.26663     0.050     24605      6998
   9.22798   9.26635     0.050     24610      6998
   9.22764   9.26607     0.050     24583      6997
   9.22730   9.26578     0.050     24597      7002
   9.22696   9.26549     0.050     24596      7002
   9.22662   9.26519     0.050     24594      7002
   9.22628   9.26490     0.050     24595      7007
   9.22594   9.26460     0.050     24604      7009
   9.22560   9.26429     0.050     24588      7007
   9.22526   9.26396     0.050     24602      7012
   9.22492   9.26360     0.050     24593      7014
   9.22458   9.26323     0.050     24584      7010
   9.22424   9.26284     0.050     24586      7013
   9.22390   9.26247     0.050     24593      7017
   9.22356   9.26212     0.050     24578      7013
   9.22322   9.26177     0.050     24591      7015
   9.22288   9.26140     0.050     24585      7018
   9.22254   9.26103     0.050     24590      7023
   9.22220   9.26066     0.050     24586      7022
   9.22186   9.26028     0.050     24597      7027
   9.22152   9.25992     0.050     24588      7028
   9.22118   9.25957     0.050     24590      7032
   9.22084   9.25924     0.050     24568      7024
   9.22050   9.25891     0.050     24599      7036
   9.22016   9.25858     0.050     24582      7029
   9.21982   9.25825     0.050     24573      7033
   9.21948   9.25792     0.050     24582      7033
   9.21914   9.25760     0.050     24588      7037
   9.21880   9.25730     0.050     24575      7034
   9.21846   9.25702     0.050     24574      7036
   9.21812   9.25675     0.050     24595      7048
   9.21778   9.25648     0.050     24564      7039
   9.21744   9.25620     0.050     24579      7040
   9.21710   9.25591     0.050     24578      7045
   9.21676   9.25562     0.050     24578      7045
   9.21642   9.25532     0.050     24557      7042
   9.21608   9.25503     0.050     24576      7047
   9.21574   9.25474     0.050     24572      7049
   9.21540   9.25444     0.050     24566      7049
   9.21506   9.25411     0.050     24559      7049
   9.21472   9.25377     0.050     24582      7057
   9.21438   9.25340     0.050     24572      7054
   9.21404   9.25301     0.050     24557      7053
   9.21370   9.25263     0.050     24574      7062
   9.21336   9.25227     0.050     24570      7062
   9.21302   9.25192     0.050     24552      7059
   9.21268   9.25156     0.050     24564      7060
   9.21234   9.25120     0.050     24560      7066
   9.21200   9.25082     0.050     24553      7059
   9.21166   9.25044     0.050     24545      7065
   9.21132   9.25007     0.050     24575      7072
   9.21098   9.24972     0.050     24571      7072
   9.21064   9.24938     0.050     24551      7069
   9.21030   9.24904     0.050     24558      7074
   9.20996   9.24871     0.050     24572      7077
   9.20962   9.24838     0.050     24552      7074
   9.20928   9.24805     0.050     24564      7078
   9.20894   9.24773     0.050     24567      7082
   9.20860   9.24742     0.050     24558      7080
   9.20826   9.24713     0.050     24554      7080
   9.20792   9.24686     0.050     24551      7085
   9.20758   9.24659     0.050     24559      7088
   9.20724   9.24632     0.050     24543      7082
   9.20690   9.24603     0.050     24553      7089
   9.20656   9.24575     0.050     24563      7091
   9.20622   9.24545     0.050     24543      7089
   9.20588   9.24516     0.050     24539      7091
   9.20554   9.24486     0.050     24561      7097
   9.20520   9.24457     0.050     24538      7091
   9.20486   9.24425     0.050     24546      7095
   9.20452   9.24391     0.050     24566      7103
   9.20418   9.24355     0.050     24544      7100
   9.20384   9.24317     0.050     24529      7098
   9.20350   9.24279     0.050     24550      7106
   9.20316   9.24242     0.050     24549      7105
   9.20282   9.24205     0.050     24519      7100
   9.20248   9.24170     0.050     24541      7103
   9.20214   9.24134     0.050     24550      7112
   9.20180   9.24097     0.050     24542      7109
   9.20146   9.24058     0.050     24536      7109
   9.20112   9.24021     0.050     24545      7116
   9.20078   9.23984     0.050     24553      7117
   9.20044   9.23950     0.050     24514      7110
   9.20010   9.23917     0.050     24545      7115
   9.19976   9.23883     0.050     24555      7119
   9.19942   9.23850     0.050     24534      7118
   9.19908   9.23817     0.050     24534      7120
   9.19874   9.23784     0.050     24556      7127
   9.19840   9.23753     0.050     24546      7125
   9.19806   9.23724     0.050     24523      7121
   9.19772   9.23695     0.050     24555      7133
   9.19738   9.23668     0.050     24540      7129
   9.19704   9.23641     0.050     24517      7126
   9.19670   9.23614     0.050     24541      7134
   9.19636   9.23585     0.050     24549      7135
   9.19602   9.23556     0.050     24539      7133
   9.19568   9.23527     0.050     24527      7131
   9.19534   9.23497     0.050     24549      7140
   9.19500   9.23468     0.050     24539      7138
   9.19466   9.23437     0.050     24520      7137
   9.19432   9.23405     0.050     24533      7139
   9.19398   9.23370     0.050     24549      7148
   9.19364   9.23333     0.050     24531      7141
   9.19330   9.23295     0.050     24525      7147
   9.19296   9.23257     0.050     24525      7149
   9.19262   9.23221     0.050     24534      7149
   9.19228   9.23186     0.050     24518      7147
   9.19194   9.23150     0.050     24531      7151
   9.19160   9.23114     0.050     24526      7154
   9.19126   9.23076     0.050     24506      7148
   9.19092   9.23038     0.050     24534      7156
   9.19058   9.23001     0.050     24537      7162
   9.19024   9.22966     0.050     24507      7154
   9.18990   9.22933     0.050     24510      7157
   9.18956   9.22900     0.050     24540      7166
   9.18922   9.22867     0.050     24519      7160
   9.18888   9.22833     0.050     24520      7159
   9.18854   9.22801     0.050     24524      7167
   9.18820   9.22769     0.050     24521      7166
   9.18786   9.22738     0.050     24513      7170
   9.18752   9.22710     0.050     24511      7167
   9.18718   9.22682     0.050     24537      7177
   9.18684   9.22655     0.050     24513      7170
   9.18650   9.22628     0.050     24507      7169
   9.18616   9.22600     0.050     24538      7180
   9.18582   9.22571     0.050     24523      7178
   9.18548   9.22541     0.050     24507      7175
   9.18514   9.22511     0.050     24516      7179
   9.18480   9.22482     0.050     24519      7182
   9.18446   9.22453     0.050     24506      7182
   9.18412   9.22421     0.050     24508      7184
   9.18378   9.22387     0.050     24518      7189
   9.18344   9.22351     0.050     24514      7186
   9.18310   9.22313     0.050     24497      7185
   9.18276   9.22275     0.050     24511      7192
   9.18242   9.22238     0.050     24508      7192
   9.18208   9.22202     0.050     24492      7189
   9.18174   9.22167     0.050     24517      7195
   9.18140   9.22131     0.050     24510      7196
   9.18106   9.22093     0.050     24503      7195
   9.18072   9.22055     0.050     24509      7201
   9.18038   9.22018     0.050     24513      7200
   9.18004   9.21982     0.050     24503      7202
   9.17970   9.21948     0.050     24502      7202
   9.17936   9.21915     0.050     24515      7208
   9.17902   9.21882     0.050     24492      7203
   9.17868   9.21848     0.050     24499      7204
   9.17834   9.21815     0.050     24512      7211
   9.17800   9.21782     0.050     24498      7210
   9.17766   9.21751     0.050     24493      7208
   9.17732   9.21722     0.050     24500      7212
   9.17698   9.21694     0.050     24509      7218
   9.17664   9.21666     0.050     24509      7219
   9.17630   9.21639     0.050     24493      7217
   9.17596   9.21611     0.050     24505      7223
   9.17562   9.21582     0.050     24503      7223
   9.17528   9.21553     0.050     24477      7218
   9.17494   9.21523     0.050     24500      7225
   9.17460   9.21494     0.050     24496      7225
   9.17426   9.21464     0.050     24471      7221
   9.17392   9.21433     0.050     24487      7226
   9.17358   9.21400     0.050     24487      7228
   9.17324   9.21364     0.050     24485      7229
   9.17290   9.21326     0.050     24482      7227
   9.17256   9.21288     0.050     24486      7233
   9.17222   9.21251     0.050     24481      7232
   9.17188   9.21214     0.050     24491      7235
   9.17154   9.21179     0.050     24479      7235
   9.17120   9.21143     0.050     24491      7239
   9.17086   9.21106     0.050     24496      7245
   9.17052   9.21068     0.050     24481      7240
   9.17018   9.21031     0.050     24490      7245
   9.16984   9.20994     0.050     24493      7248
   9.16950   9.20959     0.050     24482      7245
   9.16916   9.20925     0.050     24471      7244
   9.16882   9.20892     0.050     24492      7251
   9.16848   9.20859     0.050     24481      7250
   9.16814   9.20826     0.050     24469      7249
   9.16780   9.20793     0.050     24471      7254
   9.16746   9.20762     0.050     24478      7254
   9.16712   9.20732     0.050     24474      7253
   9.16678   9.20704     0.050     24473      7255
   9.16644   9.20676     0.050     24496      7264
   9.16610   9.20649     0.050     24463      7256
   9.16576   9.20621     0.050     24474      7262
   9.16542   9.20593     0.050     24472      7262
   9.16508   9.20564     0.050     24492      7273
   9.16474   9.20534     0.050     24477      7267
   9.16440   9.20504     0.050     24486      7274
   9.16406   9.20475     0.050     24489      7273
   9.16372   9.20445     0.050     24499      7278
   9.16338   9.20413     0.050     24479      7275
   9.16304   9.20378     0.050     24497      7280
   9.16270   9.20341     0.050     24500      7283
   9.16236   9.20303     0.050     24486      7283
   9.16202   9.20265     0.050     24491      7283
   9.16168   9.20228     0.050     24503      7291
   9.16134   9.20193     0.050     24480      7285
   9.16100   9.20157     0.050     24481      7287
   9.16066   9.20120     0.050     24484      7293
   9.16032   9.20083     0.050     24496      7293
   9.15998   9.20045     0.050     24486      7291
   9.15964   9.20008     0.050     24498      7298
   9.15930   9.19973     0.050     24485      7297
   9.15896   9.19938     0.050     24484      7300
   9.15862   9.19905     0.050     24480      7300
   9.15828   9.19871     0.050     24490      7302
   9.15794   9.19838     0.050     24481      7302
   9.15760   9.19805     0.050     24458      7297
   9.15726   9.19773     0.050     24491      7310
   9.15692   9.19742     0.050     24476      7306
   9.15658   9.19713     0.050     24477      7307
   9.15624   9.19685     0.050     24475      7309
   9.15590   9.19658     0.050     24486      7311
   9.15556   9.19631     0.050     24466      7312
   9.15522   9.19603     0.050     24473      7310
   9.15488   9.19573     0.050     24489      7318
   9.15454   9.19544     0.050     24462      7316
   9.15420   9.19514     0.050     24465      7315
   9.15386   9.19484     0.050     24468      7320
   9.15352   9.19455     0.050     24472      7323
   9.15318   9.19423     0.050     24461      7318
   9.15284   9.19390     0.050     24482      7328
   9.15250   9.19353     0.050     24476      7327
   9.15216   9.19315     0.050     24464      7326
   9.15182   9.19277     0.050     24460      7324
   9.15148   9.19240     0.050     24472      7331
   9.15114   9.19204     0.050     24463      7330
   9.15080   9.19168     0.050     24449      7328
   9.15046   9.19132     0.050     24476      7335
   9.15012   9.19094     0.050     24461      7337
   9.14978   9.19056     0.050     24453      7336
   9.14944   9.19019     0.050     24454      7337
   9.14910   9.18983     0.050     24478      7346
   9.14876   9.18948     0.050     24460      7340
   9.14842   9.18914     0.050     24455      7339
   9.14808   9.18881     0.050     24473      7348
   9.14774   9.18847     0.050     24463      7348
   9.14740   9.18814     0.050     24453      7345
   9.14706   9.18782     0.050     24459      7347
   9.14672   9.18750     0.050     24467      7354
   9.14638   9.18720     0.050     24439      7343
   9.14604   9.18692     0.050     24457      7353
   9.14570   9.18665     0.050     24458      7358
   9.14536   9.18637     0.050     24453      7354
   9.14502   9.18609     0.050     24441      7354
   9.14468   9.18580     0.050     24455      7360
   9.14434   9.18550     0.050     24454      7363
   9.14400   9.18520     0.050     24436      7360
   9.14366   9.18490     0.050     24455      7364
   9.14332   9.18461     0.050     24455      7366
   9.14298   9.18430     0.050     24444      7366
   9.14264   9.18396     0.050     24437      7365
   9.14230   9.18360     0.050     24452      7371
   9.14196   9.18322     0.050     24456      7372
   9.14162   9.18284     0.050     24439      7369
   9.14128   9.18247     0.050     24445      7372
   9.14094   9.18211     0.050     24459      7383
   9.14060   9.18175     0.050     24449      7378
   9.14026   9.18139     0.050     24441      7379
   9.13992   9.18101     0.050     24444      7384
   9.13958   9.18063     0.050     24431      7377
   9.13924   9.18026     0.050     24404      7372
   9.13890   9.17989     0.050     24410      7376
   9.13856   9.17954     0.050     24409      7374
   9.13822   9.17921     0.050     24386      7372
   9.13788   9.17888     0.050     24403      7377
   9.13754   9.17854     0.050     24422      7385
   9.13720   9.17821     0.050     24407      7382
   9.13686   9.17788     0.050     24410      7386
   9.13652   9.17757     0.050     24447      7397
   9.13618   9.17727     0.050     24449      7399
   9.13584   9.17698     0.050     24423      7394
   9.13550   9.17671     0.050     24451      7406
   9.13516   9.17644     0.050     24440      7403
   9.13482   9.17616     0.050     24429      7400
   9.13448   9.17587     0.050     24450      7407
   9.13414   9.17557     0.050     24440      7411
   9.13380   9.17528     0.050     24422      7406
   9.13346   9.17498     0.050     24427      7407
   9.13312   9.17469     0.050     24435      7414
   9.13278   9.17438     0.050     24427      7412
   9.13244   9.17405     0.050     24420      7410
   9.13210   9.17370     0.050     24436      7418
   9.13176   9.17332     0.050     24433      7416
   9.13142   9.17294     0.050     24427      7414
   9.13108   9.17256     0.050     24432      7418
   9.13074   9.17220     0.050     24441      7423
   9.13040   9.17185     0.050     24419      7419
   9.13006   9.17149     0.050     24423      7425
   9.12972   9.17112     0.050     24427      7428
   9.12938   9.17074     0.050     24419      7424
   9.12904   9.17036     0.050     24410      7424
   9.12870   9.16999     0.050     24427      7432
   9.12836   9.16964     0.050     24414      7429
   9.12802   9.16930     0.050     24402      7428
   9.12768   9.16896     0.050     24428      7436
   9.12734   9.16863     0.050     24425      7439
   9.12700   9.16829     0.050     24410      7434
   9.12666   9.16796     0.050     24412      7438
   9.12632   9.16764     0.050     24419      7441
   9.12598   9.16734     0.050     24416      7441
   9.12564   9.16705     0.050     24390      7434
   9.12530   9.16677     0.050     24402      7441
   9.12496   9.16650     0.050     24394      7441
   9.12462   9.16623     0.050     24375      7435
   9.12428   9.16594     0.050     24389      7439
   9.12394   9.16564     0.050     24400      7447
   9.12360   9.16535     0.050     24368      7437
   9.12326   9.16505     0.050     24371      7442
   9.12292   9.16475     0.050     24398      7452
   9.12258   9.16445     0.050     24402      7454
   9.12224   9.16413     0.050     24381      7449
   9.12190   9.16377     0.050     24412      7464
   9.12156   9.16340     0.050     24422      7465
   9.12122   9.16301     0.050     24378      7456
   9.12088   9.16263     0.050     24394      7460
   9.12054   9.16227     0.050     24418      7472
   9.12020   9.16191     0.050     24396      7464
   9.11986   9.16155     0.050     24393      7462
   9.11952   9.16118     0.050     24416      7475
   9.11918   9.16080     0.050     24413      7475
   9.11884   9.16042     0.050     24385      7467
   9.11850   9.16004     0.050     24406      7479
   9.11816   9.15968     0.050     24426      7484
   9.11782   9.15934     0.050     24384      7475
   9.11748   9.15900     0.050     24402      7480
   9.11714   9.15867     0.050     24403      7485
   9.11680   9.15833     0.050     24402      7484
   9.11646   9.15800     0.050     24377      7480
   9.11612   9.15767     0.050     24405      7490
   9.11578   9.15736     0.050     24422      7494
   9.11544   9.15707     0.050     24369      7482
   9.11510   9.15680     0.050     24384      7489
   9.11476   9.15653     0.050     24412      7496
   9.11442   9.15624     0.050     24388      7491
   9.11408   9.15596     0.050     24368      7490
   9.11374   9.15566     0.050     24401      7503
   9.11340   9.15536     0.050     24386      7497
   9.11306   9.15507     0.050     24357      7492
   9.11272   9.15477     0.050     24385      7501
   9.11238   9.15447     0.050     24399      7506
   9.11204   9.15415     0.050     24368      7499
   9.11170   9.15380     0.050     24373      7502
   9.11136   9.15343     0.050     24382      7506
   9.11102   9.15305     0.050     24377      7508
   9.11068   9.15266     0.050     24372      7508
   9.11034   9.15229     0.050     24379      7512
   9.11000   9.15194     0.050     24365      7511
   9.10966   9.15158     0.050     24339      7503
   9.10932   9.15121     0.050     24354      7511
   9.10898   9.15083     0.050     24366      7513
   9.10864   9.15045     0.050     24326      7507
   9.10830   9.15008     0.050     24347      7512
   9.10796   9.14972     0.050     24356      7517
   9.10762   9.14938     0.050     24341      7513
   9.10728   9.14904     0.050     24346      7517
   9.10694   9.14871     0.050     24352      7521
   9.10660   9.14837     0.050     24366      7527
   9.10626   9.14804     0.050     24371      7526
   9.10592   9.14771     0.050     24364      7531
   9.10558   9.14740     0.050     24373      7534
   9.10524   9.14711     0.050     24362      7532
   9.10490   9.14684     0.050     24358      7533
   9.10456   9.14656     0.050     24371      7539
   9.10422   9.14629     0.050     24375      7542
   9.10388   9.14601     0.050     24350      7537
   9.10354   9.14571     0.050     24375      7544
   9.10320   9.14542     0.050     24377      7549
   9.10286   9.14512     0.050     24358      7540
   9.10252   9.14483     0.050     24365      7548
   9.10218   9.14452     0.050     24369      7552
   9.10184   9.14421     0.050     24347      7548
   9.10150   9.14386     0.050     24350      7547
   9.10116   9.14350     0.050     24370      7555
   9.10082   9.14311     0.050     24359      7556
   9.10048   9.14273     0.050     24350      7554
   9.10014   9.14236     0.050     24352      7557
   9.09980   9.14200     0.050     24362      7561
   9.09946   9.14164     0.050     24358      7561
   9.09912   9.14127     0.050     24346      7559
   9.09878   9.14089     0.050     24361      7566
   9.09844   9.14051     0.050     24357      7566
   9.09810   9.14014     0.050     24346      7565
   9.09776   9.13978     0.050     24346      7568
   9.09742   9.13943     0.050     24349      7572
   9.09708   9.13910     0.050     24350      7572
   9.09674   9.13877     0.050     24330      7569
   9.09640   9.13843     0.050     24341      7573
   9.09606   9.13810     0.050     24347      7576
   9.09572   9.13777     0.050     24317      7569
   9.09538   9.13746     0.050     24299      7566
   9.09504   9.13716     0.050     24327      7575
   9.09470   9.13688     0.050     24313      7571
   9.09436   9.13661     0.050     24289      7566
   9.09402   9.13634     0.050     24299      7573
   9.09368   9.13606     0.050     24313      7579
   9.09334   9.13576     0.050     24309      7575
   9.09300   9.13546     0.050     24312      7581
   9.09266   9.13517     0.050     24346      7595
   9.09232   9.13487     0.050     24338      7591
   9.09198   9.13457     0.050     24332      7592
   9.09164   9.13426     0.050     24355      7603
   9.09130   9.13392     0.050     24348      7603
   9.09096   9.13356     0.050     24331      7598
   9.09062   9.13318     0.050     24351      7607
   9.09028   9.13279     0.050     24354      7610
   9.08994   9.13242     0.050     24336      7605
   9.08960   9.13206     0.050     24338      7608
   9.08926   9.13170     0.050     24345      7613
   9.08892   9.13133     0.050     24342      7615
   9.08858   9.13096     0.050     24324      7608
   9.08824   9.13058     0.050     24348      7616
   9.08790   9.13020     0.050     24341      7618
   9.08756   9.12983     0.050     24326      7615
   9.08722   9.12948     0.050     24331      7616
   9.08688   9.12915     0.050     24345      7625
   9.08654   9.12881     0.050     24337      7625
   9.08620   9.12848     0.050     24321      7618
   9.08586   9.12814     0.050     24342      7631
   9.08552   9.12782     0.050     24329      7625
   9.08518   9.12750     0.050     24313      7625
   9.08484   9.12721     0.050     24333      7633
   9.08450   9.12692     0.050     24320      7631
   9.08416   9.12665     0.050     24336      7634
   9.08382   9.12638     0.050     24316      7631
   9.08348   9.12610     0.050     24339      7642
   9.08314   9.12581     0.050     24316      7635
   9.08280   9.12551     0.050     24312      7636
   9.08246   9.12522     0.050     24339      7648
   9.08212   9.12492     0.050     24341      7647
   9.08178   9.12462     0.050     24305      7639
   9.08144   9.12431     0.050     24334      7648
   9.08110   9.12398     0.050     24324      7651
   9.08076   9.12363     0.050     24320      7649
   9.08042   9.12324     0.050     24331      7654
   9.08008   9.12286     0.050     24335      7654
   9.07974   9.12249     0.050     24328      7656
   9.07940   9.12212     0.050     24323      7657
   9.07906   9.12177     0.050     24324      7659
   9.07872   9.12141     0.050     24322      7658
   9.07838   9.12103     0.050     24315      7661
   9.07804   9.12065     0.050     24317      7662
   9.07770   9.12027     0.050     24316      7666
   9.07736   9.11991     0.050     24322      7670
   9.07702   9.11956     0.050     24307      7664
   9.07668   9.11922     0.050     24333      7675
   9.07634   9.11889     0.050     24308      7666
   9.07600   9.11856     0.050     24312      7671
   9.07566   9.11822     0.050     24324      7676
   9.07532   9.11790     0.050     24312      7674
   9.07498   9.11758     0.050     24299      7674
   9.07464   9.11727     0.050     24311      7680
   9.07430   9.11699     0.050     24326      7682
   9.07396   9.11672     0.050     24297      7676
   9.07362   9.11645     0.050     24308      7682
   9.07328   9.11617     0.050     24310      7684
   9.07294   9.11588     0.050     24321      7690
   9.07260   9.11559     0.050     24279      7680
   9.07226   9.11529     0.050     24316      7693
   9.07192   9.11500     0.050     24319      7693
   9.07158   9.11470     0.050     24298      7687
   9.07124   9.11439     0.050     24307      7693
   9.07090   9.11407     0.050     24311      7700
   9.07056   9.11371     0.050     24301      7696
   9.07022   9.11334     0.050     24304      7695
   9.06988   9.11296     0.050     24322      7706
   9.06954   9.11258     0.050     24302      7700
   9.06920   9.11221     0.050     24286      7698
   9.06886   9.11185     0.050     24302      7705
   9.06852   9.11150     0.050     24319      7712
   9.06818   9.11113     0.050     24295      7702
   9.06784   9.11075     0.050     24298      7708
   9.06750   9.11037     0.050     24297      7711
   9.06716   9.11000     0.050     24300      7712
   9.06682   9.10965     0.050     24294      7711
   9.06648   9.10931     0.050     24303      7717
   9.06614   9.10898     0.050     24309      7723
   9.06580   9.10864     0.050     24273      7713
   9.06546   9.10831     0.050     24299      7721
   9.06512   9.10798     0.050     24303      7724
   9.06478   9.10766     0.050     24277      7717
   9.06444   9.10736     0.050     24285      7723
   9.06410   9.10707     0.050     24300      7728
   9.06376   9.10679     0.050     24292      7730
   9.06342   9.10652     0.050     24288      7729
   9.06308   9.10624     0.050     24281      7729
   9.06274   9.10596     0.050     24292      7736
   9.06240   9.10567     0.050     24274      7729
   9.06206   9.10537     0.050     24277      7734
   9.06172   9.10507     0.050     24287      7738
   9.06138   9.10478     0.050     24272      7734
   9.06104   9.10448     0.050     24283      7739
   9.06070   9.10415     0.050     24286      7742
   9.06036   9.10381     0.050     24278      7741
   9.06002   9.10344     0.050     24276      7740
   9.05968   9.10305     0.050     24289      7749
   9.05934   9.10267     0.050     24275      7746
   9.05900   9.10231     0.050     24268      7747
   9.05866   9.10195     0.050     24272      7750
   9.05832   9.10159     0.050     24280      7753
   9.05798   9.10122     0.050     24260      7749
   9.05764   9.10084     0.050     24262      7752
   9.05730   9.10046     0.050     24268      7756
   9.05696   9.10009     0.050     24259      7755
   9.05662   9.09973     0.050     24261      7756
   9.05628   9.09939     0.050     24272      7764
   9.05594   9.09905     0.050     24272      7765
   9.05560   9.09872     0.050     24251      7758
   9.05526   9.09839     0.050     24264      7767
   9.05492   9.09806     0.050     24274      7771
   9.05458   9.09773     0.050     24261      7766
   9.05424   9.09743     0.050     24261      7768
   9.05390   9.09713     0.050     24271      7774
   9.05356   9.09686     0.050     24263      7772
   9.05322   9.09658     0.050     24241      7765
   9.05288   9.09631     0.050     24270      7779
   9.05254   9.09603     0.050     24252      7775
   9.05220   9.09574     0.050     24245      7772
   9.05186   9.09544     0.050     24242      7776
   9.05152   9.09515     0.050     24234      7776
   9.05118   9.09485     0.050     24227      7775
   9.05084   9.09456     0.050     24213      7770
   9.05050   9.09424     0.050     24224      7775
   9.05016   9.09390     0.050     24230      7781
   9.04982   9.09354     0.050     24215      7775
   9.04948   9.09316     0.050     24223      7782
   9.04914   9.09278     0.050     24248      7791
   9.04880   9.09241     0.050     24246      7789
   9.04846   9.09205     0.050     24238      7791
   9.04812   9.09170     0.050     24264      7800
   9.04778   9.09133     0.050     24254      7802
   9.04744   9.09096     0.050     24235      7795
   9.04710   9.09058     0.050     24261      7804
   9.04676   9.09020     0.050     24259      7809
   9.04642   9.08984     0.050     24248      7807
   9.04608   9.08950     0.050     24241      7805
   9.04574   9.08916     0.050     24258      7811
   9.04540   9.08883     0.050     24256      7813
   9.04506   9.08850     0.050     24232      7806
   9.04472   9.08817     0.050     24253      7817
   9.04438   9.08784     0.050     24252      7817
   9.04404   9.08752     0.050     24240      7815
   9.04370   9.08722     0.050     24250      7820
   9.04336   9.08695     0.050     24241      7821
   9.04302   9.08668     0.050     24235      7820
   9.04268   9.08641     0.050     24227      7818
   9.04234   9.08612     0.050     24221      7821
   9.04200   9.08583     0.050     24227      7820
   9.04166   9.08554     0.050     24205      7819
   9.04132   9.08524     0.050     24211      7821
   9.04098   9.08495     0.050     24225      7829
   9.04064   9.08465     0.050     24212      7825
   9.04030   9.08435     0.050     24206      7824
   9.03996   9.08402     0.050     24220      7831
   9.03962   9.08367     0.050     24212      7833
   9.03928   9.08329     0.050     24222      7836
   9.03894   9.08290     0.050     24237      7842
   9.03860   9.08253     0.050     24237      7844
   9.03826   9.08217     0.050     24234      7843
   9.03792   9.08181     0.050     24240      7848
   9.03758   9.08145     0.050     24244      7850
   9.03724   9.08108     0.050     24231      7847
   9.03690   9.08070     0.050     24233      7853
   9.03656   9.08032     0.050     24226      7854
   9.03622   9.07995     0.050     24223      7852
   9.03588   9.07961     0.050     24224      7856
   9.03554   9.07927     0.050     24228      7859
   9.03520   9.07894     0.050     24225      7858
   9.03486   9.07860     0.050     24216      7855
   9.03452   9.07827     0.050     24223      7861
   9.03418   9.07794     0.050     24223      7863
   9.03384   9.07762     0.050     24203      7861
   9.03350   9.07732     0.050     24219      7868
   9.03316   9.07703     0.050     24236      7872
   9.03282   9.07676     0.050     24218      7870
   9.03248   9.07648     0.050     24215      7869
   9.03214   9.07621     0.050     24217      7873
   9.03180   9.07592     0.050     24212      7874
   9.03146   9.07562     0.050     24180      7864
   9.03112   9.07533     0.050     24201      7873
   9.03078   9.07503     0.050     24204      7876
   9.03044   9.07473     0.050     24190      7872
   9.03010   9.07443     0.050     24190      7874
   9.02976   9.07411     0.050     24193      7880
   9.02942   9.07376     0.050     24198      7882
   9.02908   9.07339     0.050     24183      7881
   9.02874   9.07300     0.050     24214      7888
   9.02840   9.07261     0.050     24225      7894
   9.02806   9.07225     0.050     24207      7889
   9.02772   9.07190     0.050     24210      7892
   9.02738   9.07155     0.050     24214      7898
   9.02704   9.07118     0.050     24204      7900
   9.02670   9.07080     0.050     24199      7893
   9.02636   9.07041     0.050     24223      7905
   9.02602   9.07005     0.050     24212      7905
   9.02568   9.06969     0.050     24201      7898
   9.02534   9.06936     0.050     24207      7905
   9.02500   9.06902     0.050     24210      7908
   9.02466   9.06869     0.050     24201      7908
   9.02432   9.06835     0.050     24192      7906
   9.02398   9.06802     0.050     24207      7911
   9.02364   9.06770     0.050     24194      7911
   9.02330   9.06740     0.050     24192      7908
   9.02296   9.06711     0.050     24181      7911
   9.02262   9.06683     0.050     24189      7914
   9.02228   9.06656     0.050     24167      7908
   9.02194   9.06629     0.050     24157      7907
   9.02160   9.06601     0.050     24173      7913
   9.02126   9.06572     0.050     24169      7914
   9.02092   9.06542     0.050     24162      7911
   9.02058   9.06513     0.050     24166      7918
   9.02024   9.06483     0.050     24178      7922
   9.01990   9.06454     0.050     24168      7923
   9.01956   9.06422     0.050     24170      7925
   9.01922   9.06388     0.050     24196      7934
   9.01888   9.06352     0.050     24201      7937
   9.01854   9.06314     0.050     24178      7932
   9.01820   9.06276     0.050     24188      7940
   9.01786   9.06239     0.050     24205      7944
   9.01752   9.06203     0.050     24188      7938
   9.01718   9.06168     0.050     24192      7945
   9.01684   9.06132     0.050     24201      7946
   9.01650   9.06094     0.050     24191      7948
   9.01616   9.06056     0.050     24186      7948
   9.01582   9.06019     0.050     24197      7952
   9.01548   9.05983     0.050     24178      7950
   9.01514   9.05949     0.050     24186      7952
   9.01480   9.05915     0.050     24192      7956
   9.01446   9.05882     0.050     24178      7955
   9.01412   9.05849     0.050     24178      7957
   9.01378   9.05815     0.050     24181      7957
   9.01344   9.05783     0.050     24195      7964
   9.01310   9.05751     0.050     24188      7963
   9.01276   9.05721     0.050     24168      7964
   9.01242   9.05694     0.050     24177      7965
   9.01208   9.05666     0.050     24179      7966
   9.01174   9.05639     0.050     24155      7961
   9.01140   9.05611     0.050     24176      7969
   9.01106   9.05583     0.050     24175      7968
   9.01072   9.05553     0.050     24166      7970
   9.01038   9.05523     0.050     24174      7972
   9.01004   9.05494     0.050     24180      7980
   9.00970   9.05465     0.050     24167      7975
   9.00936   9.05434     0.050     24156      7973
   9.00902   9.05401     0.050     24180      7983
   9.00868   9.05366     0.050     24171      7981
   9.00834   9.05328     0.050     24157      7982
   9.00800   9.05290     0.050     24164      7986
   9.00766   9.05253     0.050     24170      7989
   9.00732   9.05216     0.050     24159      7987
   9.00698   9.05181     0.050     24159      7988
   9.00664   9.05146     0.050     24175      7996
   9.00630   9.05109     0.050     24154      7991
   9.00596   9.05071     0.050     24165      7993
   9.00562   9.05032     0.050     24162      7997
   9.00528   9.04996     0.050     24167      8001
   9.00494   9.04961     0.050     24141      7994
   9.00460   9.04927     0.050     24154      8000
   9.00426   9.04894     0.050     24174      8007
   9.00392   9.04861     0.050     24166      8003
   9.00358   9.04827     0.050     24139      8002
   9.00324   9.04794     0.050     24175      8014
   9.00290   9.04762     0.050     24157      8010
   9.00256   9.04732     0.050     24148      8009
   9.00222   9.04704     0.050     24159      8011
   9.00188   9.04676     0.050     24162      8016
   9.00154   9.04649     0.050     24150      8014
   9.00120   9.04621     0.050     24152      8015
   9.00086   9.04592     0.050     24153      8021
   9.00052   9.04563     0.050     24146      8020
   9.00018   9.04534     0.050     24136      8019
   8.99984   9.04504     0.050     24162      8027
   8.99950   9.04474     0.050     24153      8026
   8.99916   9.04444     0.050     24142      8027
   8.99882   9.04412     0.050     24133      8023
   8.99848   9.04378     0.050     24155      8032
   8.99814   9.04341     0.050     24139      8027
   8.99780   9.04303     0.050     24134      8032
   8.99746   9.04265     0.050     24145      8036
   8.99712   9.04229     0.050     24154      8040
   8.99678   9.04193     0.050     24131      8035
   8.99644   9.04157     0.050     24142      8043
   8.99610   9.04121     0.050     24147      8044
   8.99576   9.04084     0.050     24145      8042
   8.99542   9.04046     0.050     24135      8041
   8.99508   9.04009     0.050     24136      8048
   8.99474   9.03974     0.050     24127      8043
   8.99440   9.03939     0.050     24130      8047
   8.99406   9.03906     0.050     24136      8050
   8.99372   9.03873     0.050     24142      8055
   8.99338   9.03840     0.050     24127      8050
   8.99304   9.03807     0.050     24131      8053
   8.99270   9.03775     0.050     24137      8057
   8.99236   9.03744     0.050     24131      8055
   8.99202   9.03715     0.050     24120      8058
   8.99168   9.03687     0.050     24134      8060
   8.99134   9.03660     0.050     24118      8059
   8.99100   9.03633     0.050     24124      8061
   8.99066   9.03605     0.050     24130      8067
   8.99032   9.03576     0.050     24119      8065
   8.98998   9.03547     0.050     24131      8072
   8.98964   9.03518     0.050     24115      8067
   8.98930   9.03488     0.050     24132      8073
   8.98896   9.03459     0.050     24114      8070
   8.98862   9.03428     0.050     24127      8075
   8.98828   9.03394     0.050     24137      8081
   8.98794   9.03359     0.050     24120      8077
   8.98760   9.03321     0.050     24116      8078
   8.98726   9.03283     0.050     24130      8084
   8.98692   9.03246     0.050     24109      8082
   8.98658   9.03210     0.050     24107      8078
   8.98624   9.03174     0.050     24119      8085
   8.98590   9.03139     0.050     24124      8090
   8.98556   9.03102     0.050     24114      8087
   8.98522   9.03063     0.050     24095      8085
   8.98488   9.03025     0.050     24124      8097
   8.98454   9.02989     0.050     24099      8088
   8.98420   9.02955     0.050     24107      8093
   8.98386   9.02921     0.050     24107      8096
   8.98352   9.02888     0.050     24105      8097
   8.98318   9.02855     0.050     24086      8090
   8.98284   9.02821     0.050     24083      8092
   8.98250   9.02789     0.050     24090      8099
   8.98216   9.02757     0.050     24065      8089
   8.98182   9.02728     0.050     24077      8096
   8.98148   9.02699     0.050     24076      8097
   8.98114   9.02671     0.050     24081      8100
   8.98080   9.02644     0.050     24065      8097
   8.98046   9.02617     0.050     24074      8104
   8.98012   9.02588     0.050     24089      8110
   8.97978   9.02559     0.050     24079      8105
   8.97944   9.02530     0.050     24079      8109
   8.97910   9.02501     0.050     24096      8118
   8.97876   9.02471     0.050     24071      8111
   8.97842   9.02441     0.050     24063      8110
   8.97808   9.02409     0.050     24103      8121
   8.97774   9.02373     0.050     24085      8118
   8.97740   9.02336     0.050     24061      8115
   8.97706   9.02298     0.050     24057      8117
   8.97672   9.02260     0.050     24075      8120
   8.97638   9.02224     0.050     24056      8117
   8.97604   9.02189     0.050     24056      8121
   8.97570   9.02153     0.050     24079      8131
   8.97536   9.02117     0.050     24088      8133
   8.97502   9.02078     0.050     24053      8124
   8.97468   9.02040     0.050     24098      8141
   8.97434   9.02003     0.050     24084      8139
   8.97400   9.01968     0.050     24083      8143
   8.97366   9.01934     0.050     24083      8143
   8.97332   9.01900     0.050     24098      8153
   8.97298   9.01867     0.050     24100      8152
   8.97264   9.01833     0.050     24081      8148
   8.97230   9.01800     0.050     24102      8156
   8.97196   9.01768     0.050     24097      8157
   8.97162   9.01738     0.050     24086      8156
   8.97128   9.01709     0.050     24096      8162
   8.97094   9.01681     0.050     24099      8160
   8.97060   9.01655     0.050     24088      8161
   8.97026   9.01627     0.050     24069      8157
   8.96992   9.01599     0.050     24097      8162
   8.96958   9.01570     0.050     24066      8157
   8.96924   9.01540     0.050     24062      8161
   8.96890   9.01511     0.050     24070      8162
   8.96856   9.01482     0.050     24073      8165
   8.96822   9.01452     0.050     24045      8160
   8.96788   9.01421     0.050     24079      8170
   8.96754   9.01387     0.050     24080      8175
   8.96720   9.01351     0.050     24076      8171
   8.96686   9.01312     0.050     24083      8180
   8.96652   9.01275     0.050     24097      8185
   8.96618   9.01238     0.050     24077      8182
   8.96584   9.01202     0.050     24073      8182
   8.96550   9.01167     0.050     24092      8188
   8.96516   9.01131     0.050     24083      8190
   8.96482   9.01093     0.050     24061      8185
   8.96448   9.01056     0.050     24074      8191
   8.96414   9.01018     0.050     24085      8196
   8.96380   9.00982     0.050     24076      8195
   8.96346   9.00948     0.050     24061      8192
   8.96312   9.00914     0.050     24087      8201
   8.96278   9.00881     0.050     24079      8199
   8.96244   9.00848     0.050     24072      8201
   8.96210   9.00815     0.050     24079      8203
   8.96176   9.00782     0.050     24077      8206
   8.96142   9.00751     0.050     24071      8207
   8.96108   9.00721     0.050     24065      8206
   8.96074   9.00694     0.050     24078      8211
   8.96040   9.00666     0.050     24077      8211
   8.96006   9.00639     0.050     24059      8212
   8.95972   9.00612     0.050     24073      8215
   8.95938   9.00583     0.050     24079      8218
   8.95904   9.00553     0.050     24062      8217
   8.95870   9.00524     0.050     24074      8220
   8.95836   9.00494     0.050     24070      8224
   8.95802   9.00465     0.050     24074      8224
   8.95768   9.00434     0.050     24066      8223
   8.95734   9.00402     0.050     24078      8230
   8.95700   9.00366     0.050     24077      8233
   8.95666   9.00329     0.050     24050      8225
   8.95632   9.00290     0.050     24058      8231
   8.95598   9.00253     0.050     24068      8235
   8.95564   9.00216     0.050     24058      8235
   8.95530   9.00181     0.050     24053      8233
   8.95496   9.00146     0.050     24064      8241
   8.95462   9.00109     0.050     24056      8241
   8.95428   9.00071     0.050     24052      8238
   8.95394   9.00033     0.050     24054      8243
   8.95360   8.99997     0.050     24057      8246
   8.95326   8.99962     0.050     24060      8248
   8.95292   8.99928     0.050     24045      8245
   8.95258   8.99895     0.050     24064      8252
   8.95224   8.99861     0.050     24065      8254
   8.95190   8.99828     0.050     24053      8252
   8.95156   8.99795     0.050     24051      8256
   8.95122   8.99764     0.050     24062      8259
   8.95088   8.99733     0.050     24046      8258
   8.95054   8.99705     0.050     24048      8260
   8.95020   8.99677     0.050     24068      8265
   8.94986   8.99650     0.050     24052      8266
   8.94952   8.99623     0.050     24035      8260
   8.94918   8.99594     0.050     24044      8267
   8.94884   8.99565     0.050     24038      8266
   8.94850   8.99536     0.050     24012      8258
   8.94816   8.99507     0.050     24018      8262
   8.94782   8.99477     0.050     24026      8267
   8.94748   8.99447     0.050     24019      8267
   8.94714   8.99415     0.050     24008      8266
   8.94680   8.99380     0.050     24035      8276
   8.94646   8.99343     0.050     24032      8276
   8.94612   8.99306     0.050     24022      8276
   8.94578   8.99268     0.050     24035      8280
   8.94544   8.99231     0.050     24052      8286
   8.94510   8.99195     0.050     24037      8285
   8.94476   8.99159     0.050     24021      8283
   8.94442   8.99122     0.050     24053      8294
   8.94408   8.99085     0.050     24032      8290
   8.94374   8.99047     0.050     24038      8292
   8.94340   8.99010     0.050     24045      8297
   8.94306   8.98974     0.050     24030      8294
   8.94272   8.98940     0.050     24026      8298
   8.94238   8.98907     0.050     24032      8297
   8.94204   8.98873     0.050     24033      8301
   8.94170   8.98840     0.050     24027      8301
   8.94136   8.98806     0.050     24030      8301
   8.94102   8.98774     0.050     24043      8308
   8.94068   8.98743     0.050     24037      8310
   8.94034   8.98714     0.050     24016      8305
   8.94000   8.98687     0.050     24046      8315
   8.93966   8.98660     0.050     24030      8315
   8.93932   8.98633     0.050     24023      8311
   8.93898   8.98605     0.050     24041      8314
   8.93864   8.98576     0.050     24034      8320
   8.93830   8.98546     0.050     24020      8318
   8.93796   8.98517     0.050     24018      8318
   8.93762   8.98487     0.050     24033      8324
   8.93728   8.98458     0.050     24021      8321
   8.93694   8.98427     0.050     24014      8320
   8.93660   8.98393     0.050     24031      8329
   8.93626   8.98357     0.050     24024      8330
   8.93592   8.98319     0.050     24016      8326
   8.93558   8.98281     0.050     24009      8327
   8.93524   8.98245     0.050     24029      8336
   8.93490   8.98209     0.050     24026      8334
   8.93456   8.98174     0.050     24013      8331
   8.93422   8.98138     0.050     24036      8337
   8.93388   8.98100     0.050     24029      8341
   8.93354   8.98062     0.050     24005      8337
   8.93320   8.98025     0.050     24021      8342
   8.93286   8.97989     0.050     24028      8349
   8.93252   8.97954     0.050     24009      8343
   8.93218   8.97920     0.050     24007      8343
   8.93184   8.97887     0.050     24027      8351
   8.93150   8.97854     0.050     24017      8350
   8.93116   8.97821     0.050     24004      8347
   8.93082   8.97788     0.050     24014      8353
   8.93048   8.97756     0.050     24019      8357
   8.93014   8.97726     0.050     24003      8353
   8.92980   8.97698     0.050     24002      8354
   8.92946   8.97671     0.050     24016      8364
   8.92912   8.97644     0.050     24004      8359
   8.92878   8.97617     0.050     24004      8360
   8.92844   8.97588     0.050     24008      8368
   8.92810   8.97559     0.050     24006      8368
   8.92776   8.97529     0.050     23989      8364
   8.92742   8.97499     0.050     23999      8368
   8.92708   8.97470     0.050     24008      8374
   8.92674   8.97440     0.050     23993      8369
   8.92640   8.97408     0.050     24007      8374
   8.92606   8.97373     0.050     24008      8377
   8.92572   8.97336     0.050     23991      8373
   8.92538   8.97297     0.050     23973      8369
   8.92504   8.97259     0.050     23977      8371
   8.92470   8.97223     0.050     23983      8376
   8.92436   8.97188     0.050     23965      8371
   8.92402   8.97153     0.050     23956      8373
   8.92368   8.97116     0.050     23986      8384
   8.92334   8.97078     0.050     23961      8379
   8.92300   8.97040     0.050     23966      8383
   8.92266   8.97003     0.050     23988      8391
   8.92232   8.96968     0.050     23987      8395
   8.92198   8.96934     0.050     23981      8393
   8.92164   8.96901     0.050     23983      8396
   8.92130   8.96868     0.050     23989      8399
   8.92096   8.96835     0.050     23982      8400
   8.92062   8.96801     0.050     23992      8403
   8.92028   8.96769     0.050     23989      8404
   8.91994   8.96738     0.050     23990      8405
   8.91960   8.96709     0.050     23971      8404
   8.91926   8.96682     0.050     23989      8411
   8.91892   8.96655     0.050     23992      8413
   8.91858   8.96628     0.050     23969      8409
   8.91824   8.96599     0.050     23974      8412
   8.91790   8.96570     0.050     23978      8416
   8.91756   8.96540     0.050     23983      8419
   8.91722   8.96511     0.050     23974      8417
   8.91688   8.96481     0.050     23977      8421
   8.91654   8.96451     0.050     23991      8428
   8.91620   8.96420     0.050     23960      8418
   8.91586   8.96386     0.050     23977      8425
   8.91552   8.96349     0.050     23978      8429
   8.91518   8.96311     0.050     23970      8427
   8.91484   8.96273     0.050     23971      8430
   8.91450   8.96236     0.050     23978      8434
   8.91416   8.96201     0.050     23965      8434
   8.91382   8.96165     0.050     23957      8431
   8.91348   8.96129     0.050     23975      8440
   8.91314   8.96092     0.050     23977      8442
   8.91280   8.96054     0.050     23959      8438
   8.91246   8.96016     0.050     23971      8444
   8.91212   8.95981     0.050     23963      8446
   8.91178   8.95946     0.050     23959      8442
   8.91144   8.95913     0.050     23952      8444
   8.91110   8.95880     0.050     23970      8452
   8.91076   8.95847     0.050     23956      8452
   8.91042   8.95813     0.050     23944      8448
   8.91008   8.95781     0.050     23978      8458
   8.90974   8.95750     0.050     23967      8460
   8.90940   8.95720     0.050     23955      8453
   8.90906   8.95693     0.050     23971      8461
   8.90872   8.95666     0.050     23970      8466
   8.90838   8.95638     0.050     23958      8462
   8.90804   8.95611     0.050     23943      8460
   8.90770   8.95582     0.050     23959      8469
   8.90736   8.95553     0.050     23950      8468
   8.90702   8.95523     0.050     23942      8464
   8.90668   8.95494     0.050     23960      8472
   8.90634   8.95464     0.050     23959      8476
   8.90600   8.95434     0.050     23947      8472
   8.90566   8.95401     0.050     23938      8472
   8.90532   8.95366     0.050     23957      8477
   8.90498   8.95328     0.050     23934      8475
   8.90464   8.95290     0.050     23918      8472
   8.90430   8.95252     0.050     23936      8477
   8.90396   8.95216     0.050     23924      8478
   8.90362   8.95181     0.050     23907      8473
   8.90328   8.95145     0.050     23917      8480
   8.90294   8.95108     0.050     23927      8483
   8.90260   8.95070     0.050     23928      8485
   8.90226   8.95033     0.050     23927      8488
   8.90192   8.94996     0.050     23954      8498
   8.90158   8.94961     0.050     23939      8493
   8.90124   8.94927     0.050     23926      8492
   8.90090   8.94894     0.050     23936      8498
   8.90056   8.94861     0.050     23951      8505
   8.90022   8.94828     0.050     23947      8501
   8.89988   8.94795     0.050     23940      8507
   8.89954   8.94763     0.050     23955      8513
   8.89920   8.94732     0.050     23941      8509
   8.89886   8.94704     0.050     23932      8507
   8.89852   8.94676     0.050     23947      8516
   8.89818   8.94650     0.050     23943      8518
   8.89784   8.94622     0.050     23931      8514
   8.89750   8.94593     0.050     23943      8519
   8.89716   8.94564     0.050     23941      8522
   8.89682   8.94535     0.050     23925      8518
   8.89648   8.94506     0.050     23939      8524
   8.89614   8.94476     0.050     23937      8528
   8.89580   8.94446     0.050     23925      8526
   8.89546   8.94414     0.050     23913      8523
   8.89512   8.94380     0.050     23943      8536
   8.89478   8.94343     0.050     23922      8528
   8.89444   8.94305     0.050     23926      8531
   8.89410   8.94267     0.050     23922      8535
   8.89376   8.94230     0.050     23927      8539
   8.89342   8.94195     0.050     23913      8535
   8.89308   8.94159     0.050     23921      8540
   8.89274   8.94123     0.050     23932      8544
   8.89240   8.94085     0.050     23922      8543
   8.89206   8.94047     0.050     23921      8545
   8.89172   8.94010     0.050     23928      8549
   8.89138   8.93975     0.050     23922      8550
   8.89104   8.93941     0.050     23908      8546
   8.89070   8.93907     0.050     23930      8555
